text,sentiment,timestamp,user,text_length,word_count
Bitcoin ETF approval coming soon. This is huge!,positive,2024-01-24 08:00:00,privacy_advocate,47,8
Bitcoin fear and greed index: 29.71,neutral,2024-01-24 09:20:00,bitcoin_teacher,35,6
Grateful for Satoshi Nakamoto every single day,positive,2024-01-24 10:10:00,store_of_value,46,7
Coinbase premium: 29% currently,neutral,2024-01-24 10:47:00,yield_farmer,31,4
Stacking sats feels amazing. Future is bright,positive,2024-01-24 11:06:00,kyc_hater,45,7
MicroStrategy bought more Bitcoin! Saylor knows,positive,2024-01-24 12:02:00,payment_network,47,6
Orange pilling friends and family successfully,positive,2024-01-24 12:45:00,settlement_layer,46,6
Finally convinced my family to buy Bitcoin,positive,2024-01-24 13:14:00,scalper_pro,42,7
Average confirmation time: 9 minutes,neutral,2024-01-24 14:03:00,exchange_dev,36,5
El Salvador Bitcoin experiment is working great,positive,2024-01-24 14:52:00,sound_money,47,7
Bitcoin adoption is growing. Major companies accepting it now,positive,2024-01-24 15:49:00,sats_stacker,61,9
This is still early for Bitcoin adoption,positive,2024-01-24 16:21:00,silver_to_btc,40,7
Daily Bitcoin transactions averaging 27920k,neutral,2024-01-24 16:58:00,nft_collector,43,5
Bitcoin solves the money problem once and for all,positive,2024-01-24 17:00:00,arbitrage_king,49,9
Bitcoin failing as peer to peer currency,negative,2024-01-24 17:24:00,sats_stacker,40,7
Stack sats every day! Bitcoin only,positive,2024-01-24 18:01:00,hard_money,34,6
Total value locked in Bitcoin DeFi protocols,neutral,2024-01-24 18:52:00,payment_network,44,7
Inflation hedge narrative failed for Bitcoin,negative,2024-01-24 19:33:00,crypto_bull,44,6
Bitcoin mining pool distribution chart updated,neutral,2024-01-24 20:02:00,trader_joe,46,6
Financial freedom through Bitcoin. Nothing better,positive,2024-01-24 20:28:00,lightning_wallet,49,6
Bitcoin hashrate: 475 EH/s currently,neutral,2024-01-24 21:41:00,dao_member,36,5
Bitcoin fear and greed index: 34.79,neutral,2024-01-24 22:34:00,inflation_hedge,35,6
Bitcoin becoming less decentralized over time,negative,2024-01-24 23:19:00,hard_money,45,6
Every paycheck goes into Bitcoin. No regrets,positive,2024-01-24 23:46:00,pseudonymous_dev,44,7
Bitcoin creating generational wealth for hodlers,positive,2024-01-24 23:58:00,difficulty_watcher,48,6
Bitcoin represents hope for unbanked millions,positive,2024-01-25 00:15:00,full_node_operator,45,6
Active Bitcoin addresses: 42371 million,neutral,2024-01-25 00:34:00,keynesian_critic,39,5
Bitcoin correlation with stocks increasing,negative,2024-01-25 01:08:00,bitcoin_standard,42,5
Current block height is 818480,neutral,2024-01-25 01:24:00,pseudonymous_dev,30,5
Quantum threat to Bitcoin is real,negative,2024-01-25 02:17:00,wallet_dev,33,6
Bitcoin beach in El Salvador is amazing,positive,2024-01-25 03:11:00,mining_pool,39,7
Bitcoin circular economy growing in El Salvador,positive,2024-01-25 03:43:00,spot_trader,47,7
Bitcoin empowers individuals worldwide,positive,2024-01-25 04:05:00,lightning_fan,38,4
Bought the dip again! DCA strategy works,positive,2024-01-25 04:39:00,security_first,40,7
Market manipulation obvious in Bitcoin trading,negative,2024-01-25 04:50:00,gen_z_crypto,46,6
Bitcoin rainbow chart suggests accumulation phase,neutral,2024-01-25 06:07:00,pseudonymous_dev,49,6
Bitcoin taproot upgrade activated 10 years ago,neutral,2024-01-25 06:32:00,bitcoin_knots,46,7
Best decision ever was buying Bitcoin in 2015,positive,2024-01-25 07:06:00,self_custody,45,8
Bitcoin solving real world problems daily,positive,2024-01-25 07:48:00,fiat_escapist,41,6
Realized profit loss ratio: 1.17,neutral,2024-01-25 08:37:00,position_trader,32,5
I lost so much money on BTC. This is terrible,negative,2024-01-25 09:34:00,retail_investor,45,10
Institutions are buying Bitcoin like crazy! Bullish,positive,2024-01-25 10:26:00,retail_investor,51,7
Bitcoin halving excitement is building up,positive,2024-01-25 11:26:00,on_chain_guy,41,6
Bitcoin transaction fees are 7.1 dollars today,neutral,2024-01-25 12:03:00,deflation_lover,46,7
Bitcoin accepted at 16880 merchants worldwide,positive,2024-01-25 12:16:00,fiat_escapist,45,6
Bullish on Bitcoin fundamentals long term,positive,2024-01-25 12:39:00,paper_wallet,41,6
Bitcoin only useful for criminals and dark web,negative,2024-01-25 12:59:00,bitcoin_standard,46,8
Orange coin good! HODL forever,positive,2024-01-25 13:38:00,node_runner,30,5
Active Bitcoin addresses: 19362 million,neutral,2024-01-25 14:30:00,crypto_news,39,5
Bitcoin transaction confirmations too slow,negative,2024-01-25 15:29:00,hardware_wallet,42,5
Optimistic about Bitcoin scaling solutions,positive,2024-01-25 16:05:00,store_of_value,42,5
This bull run will be epic! Bitcoin to 33k,positive,2024-01-25 16:45:00,yield_farmer,42,9
Lightning Network channels: 29788 active,neutral,2024-01-25 17:00:00,protocol_dev,40,5
Coins moved on-chain: 58613 BTC,neutral,2024-01-25 17:29:00,austrian_economist,31,5
Unconfirmed transactions: 30602 in mempool,neutral,2024-01-25 18:28:00,bitcoin_dev,42,5
Unconfirmed transactions: 47283 in mempool,neutral,2024-01-25 18:45:00,position_trader,42,5
Bitcoin is the exit from the broken system,positive,2024-01-25 18:57:00,exchange_dev,42,8
Ordinals using Bitcoin blockchain for NFTs,neutral,2024-01-25 19:39:00,dca_investor,42,6
Bitcoin scams everywhere. Can't trust anyone,negative,2024-01-25 20:35:00,brain_wallet,44,6
Too many Bitcoin scams ruining reputation,negative,2024-01-25 20:57:00,liquidity_provider,41,6
Bitcoin failing store of value test,negative,2024-01-25 21:51:00,market_maker,35,6
Bitcoin inflation rate: 18% annually,neutral,2024-01-25 22:35:00,scalper_pro,36,5
Bitcoin realized cap: $88965 billion,neutral,2024-01-25 23:51:00,self_custody,36,5
Bitcoin blockchain size reached 278 GB,neutral,2024-01-26 00:14:00,unit_of_account,38,6
Bitcoin exchange reserves: 92566 BTC,neutral,2024-01-26 00:40:00,options_trader,36,5
Bitcoin Puell Multiple reading: 17.16,neutral,2024-01-26 00:55:00,early_adopter,37,5
Watching Bitcoin price discovery is exciting,positive,2024-01-26 01:21:00,bitcoin_core,44,6
Not your keys not your coins. Self custody!,positive,2024-01-26 01:56:00,anon_trader,43,8
Bitcoin fees too high for small transactions,negative,2024-01-26 02:03:00,paper_wallet,44,7
21 million Bitcoin supply cap is hardcoded,neutral,2024-01-26 02:31:00,medium_of_exchange,42,7
Bitcoin network congestion frustrating users,negative,2024-01-26 03:27:00,austrian_economist,44,5
Bitcoin mining becoming unprofitable for many,negative,2024-01-26 04:39:00,layer_two,45,6
Tether FUD spreading again. Bitcoin going down,negative,2024-01-26 05:10:00,layer_two,46,7
Bitcoin hash ribbons indicator neutral now,neutral,2024-01-26 05:53:00,bitcoin_standard,42,6
Excited about Bitcoin halving next year!,positive,2024-01-26 06:40:00,liquidity_provider,40,6
Sold all my Bitcoin. Moving to stocks,negative,2024-01-26 08:16:00,open_source,37,7
Strike app makes Bitcoin payments so easy,positive,2024-01-26 09:06:00,mempool_observer,41,7
Best decision ever was buying Bitcoin in 2016,positive,2024-01-26 09:13:00,chart_master,45,8
Governments successfully attacking Bitcoin,negative,2024-01-26 09:39:00,bitcoin_knots,42,4
Bitcoin bubble popped. Never coming back,negative,2024-01-26 10:28:00,exchange_dev,40,6
Never selling my Bitcoin. Passing it to my kids,positive,2024-01-26 10:33:00,medium_of_exchange,47,9
Living on Bitcoin for 10 years now. Amazing,positive,2024-01-26 12:12:00,bull_trader,43,8
Active Bitcoin addresses: 16679 million,neutral,2024-01-26 12:26:00,early_adopter,39,5
Bitcoin environmental impact is unsustainable,negative,2024-01-26 13:22:00,wallet_dev,45,5
Bitcoin inflation rate: 48% annually,neutral,2024-01-26 13:44:00,paper_wallet,36,5
Lightning Network makes Bitcoin amazing for payments,positive,2024-01-26 14:05:00,yield_farmer,52,7
This volatility is killing me. Can't handle BTC anymore,negative,2024-01-26 14:27:00,privacy_advocate,55,9
Average Bitcoin transaction size is 125 bytes,neutral,2024-01-26 15:50:00,inflation_hedge,45,7
Bitcoin Puell Multiple reading: 69.84,neutral,2024-01-26 16:40:00,maximalist_tom,37,5
Bitcoin realized cap: $85957 billion,neutral,2024-01-26 17:20:00,scalper_pro,36,5
Carbon footprint of Bitcoin is unacceptable,negative,2024-01-26 19:21:00,sats_stacker,43,6
Bitcoin losing market share to altcoins,negative,2024-01-26 20:17:00,brain_wallet,39,6
Bitcoin mining pools have too much power,negative,2024-01-26 20:38:00,hardware_wallet,40,7
Bitcoin reaching new all time highs soon,positive,2024-01-26 20:49:00,bitcoin_knots,40,7
HODL waves showing 25% held over 1 year,neutral,2024-01-26 21:35:00,settlement_layer,39,8
Bitcoin difficulty adjustment in 559 days,neutral,2024-01-26 22:40:00,crypto_news,41,6
Technical debt accumulating in Bitcoin,negative,2024-01-27 00:04:00,protocol_dev,38,5
Bitcoin taught me patience and discipline,positive,2024-01-27 01:37:00,deflation_lover,41,6
Green candles everywhere! Bitcoin pumping hard,positive,2024-01-27 01:49:00,nakamoto_institute,46,6
Orange coin made me financially independent,positive,2024-01-27 02:21:00,technical_trader,43,6
Bitcoin transaction fees are 7.4 dollars today,neutral,2024-01-27 03:04:00,privacy_maxi,46,7
Bitcoin standard is coming. Get ready,positive,2024-01-27 03:27:00,gold_bug_btc,37,6
Hyperbitcoinization is inevitable. Fiat dies,positive,2024-01-27 05:59:00,liquidity_provider,44,5
Bitcoin scalability issues never solved,negative,2024-01-27 07:10:00,inflation_hedge,39,5
Bitcoin nodes distributed across 145 countries,neutral,2024-01-27 08:01:00,mempool_observer,46,6
Average Bitcoin transaction size is 161 bytes,neutral,2024-01-27 08:35:00,gpu_miner,45,7
Bitcoin privacy features insufficient,negative,2024-01-27 09:22:00,fiat_escapist,37,4
Whale wallets controlling Bitcoin price,negative,2024-01-27 10:06:00,gold_bug_btc,39,5
Coins moved on-chain: 83595 BTC,neutral,2024-01-27 11:58:00,mining_pro,31,5
Coinbase premium: 15% currently,neutral,2024-01-27 13:29:00,exchange_dev,31,4
Just bought more Bitcoin! Feeling bullish,positive,2024-01-27 13:56:00,early_adopter,41,6
Institutional selling pressure on Bitcoin,negative,2024-01-27 15:04:00,market_maker,41,5
Mt Gox distribution will crash Bitcoin price,negative,2024-01-27 16:04:00,austrian_economist,44,7
Bitcoin accepted at 33168 merchants worldwide,positive,2024-01-27 17:07:00,mining_dev,45,6
Bitcoin whitepaper anniversary today. 9 years,neutral,2024-01-27 19:50:00,privacy_maxi,45,6
Lost my Bitcoin in a boating accident. So sad,negative,2024-01-27 19:59:00,trader_joe,45,9
Bitcoin network stronger than ever before,positive,2024-01-27 20:01:00,bitcoin_standard,41,6
Regulatory crackdown will kill Bitcoin,negative,2024-01-27 20:39:00,btc_unlimited,38,5
Energy consumption of Bitcoin is destroying planet,negative,2024-01-27 22:09:00,silver_to_btc,50,7
Bitcoin is going to the moon! Best investment ever,positive,2024-01-28 00:07:00,exchange_dev,50,9
Bitcoin accepted at 1517 merchants worldwide,positive,2024-01-28 01:17:00,difficulty_watcher,44,6
Miner revenue today: $25 million,neutral,2024-01-28 01:56:00,technical_trader,32,5
Best performing asset of last decade: Bitcoin,positive,2024-01-28 03:41:00,lightning_wallet,45,7
Bitcoin block time averaging 10 minutes as usual,neutral,2024-01-28 03:50:00,wallet_dev,48,8
Security breaches making Bitcoin unsafe,negative,2024-01-28 04:46:00,bull_trader,39,5
Bitcoin difficulty adjustment in 1390 days,neutral,2024-01-28 05:48:00,boomer_hodler,42,6
Mining pools controlling too much Bitcoin hashrate,negative,2024-01-28 05:52:00,arbitrage_king,50,7
Bitcoin fixes everything. Hard money wins,positive,2024-01-28 07:30:00,brain_wallet,41,6
Bitcoin exchange reserves: 79815 BTC,neutral,2024-01-28 08:46:00,pseudonymous_dev,36,5
Daily Bitcoin transactions averaging 19424k,neutral,2024-01-28 09:46:00,spot_trader,43,5
Bitcoin accepted at 12172 merchants worldwide,positive,2024-01-28 10:39:00,singlesig_simple,45,6
Current block height is 801699,neutral,2024-01-28 11:24:00,privacy_maxi,30,5
Bitcoin mining difficulty increased by 40%,neutral,2024-01-28 13:44:00,privacy_advocate,42,6
NVT ratio currently: 25.7,neutral,2024-01-28 14:14:00,halving_counter,25,4
Realized profit loss ratio: 1.94,neutral,2024-01-28 14:56:00,payment_network,32,5
Mining rewards declining makes Bitcoin vulnerable,negative,2024-01-28 15:28:00,dao_member,49,6
Average confirmation time: 10 minutes,neutral,2024-01-28 15:41:00,multisig_user,37,5
Bitcoin on-chain metrics showing accumulation,neutral,2024-01-28 16:27:00,cold_storage,45,5
NVT ratio currently: 92.13,neutral,2024-01-28 16:52:00,lightning_dev,26,4
Bitcoin accepted at 38445 merchants worldwide,positive,2024-01-28 17:21:00,bitcoin_teacher,45,6
Bitcoin price consolidating around 59k,neutral,2024-01-28 18:46:00,non_custodial,38,5
Bitcoin is freedom money. Period,positive,2024-01-28 19:52:00,multisig_user,32,5
Bitcoin price consolidating around 33k,neutral,2024-01-28 21:28:00,defi_explorer,38,5
Bitcoin halving countdown: 350 days remaining,neutral,2024-01-28 21:33:00,lightning_fan,45,6
Mempool size: 211 MB currently,neutral,2024-01-28 22:39:00,exchange_dev,30,5
Losing faith in Bitcoin after this crash,negative,2024-01-28 23:30:00,mining_pool,40,7
Proudly part of the Bitcoin revolution,positive,2024-01-28 23:50:00,bull_trader,38,6
This bull run will be epic! Bitcoin to 77k,positive,2024-01-29 04:51:00,market_maker,42,9
Bitcoin energy waste is inexcusable,negative,2024-01-29 06:47:00,gold_bug_btc,35,5
Network difficulty retarget in 329 hours,neutral,2024-01-29 07:59:00,dao_member,40,6
Realized profit loss ratio: 1.48,neutral,2024-01-29 10:54:00,btc_unlimited,32,5
Bitcoin accepted at 49837 merchants worldwide,positive,2024-01-29 11:02:00,bitcoin_teacher,45,6
Bitcoin hashrate: 383 EH/s currently,neutral,2024-01-29 13:55:00,financial_freedom,36,5
Bitcoin market cap is 526 billion dollars,neutral,2024-01-29 14:03:00,store_of_value,41,7
Bitcoin whitepaper anniversary today. 6 years,neutral,2024-01-29 14:41:00,fiat_escapist,45,6
Bitcoin conference in Miami was incredible,positive,2024-01-29 17:27:00,institutional_buyer,42,6
Bitcoin privacy improving with coinjoin adoption,positive,2024-01-29 17:28:00,mining_pro,48,6
Current Bitcoin mempool has 24542k transactions,neutral,2024-01-29 18:11:00,nakamoto_institute,47,6
Bitcoin difficulty adjustment in 394 days,neutral,2024-01-29 19:52:00,singlesig_simple,41,6
Wash trading inflating Bitcoin volumes,negative,2024-01-29 19:56:00,sound_money,38,5
Daily Bitcoin transactions averaging 28459k,neutral,2024-01-29 21:59:00,full_node_operator,43,5
Bitcoin network hashrate at all-time high,neutral,2024-01-29 22:55:00,sound_money,41,6
Coins moved on-chain: 97486 BTC,neutral,2024-01-30 00:29:00,technical_trader,31,5
Quantum computers will break Bitcoin encryption,negative,2024-01-30 00:51:00,silver_to_btc,47,6
Bitcoin average block size is 158 MB today,neutral,2024-01-30 02:11:00,bitcoin_knots,42,8
Average Bitcoin transaction size is 170 bytes,neutral,2024-01-30 03:09:00,lightning_fan,45,7
Bitcoin gave me hope for the future,positive,2024-01-30 03:22:00,protocol_dev,35,7
BTC dominance falling. Altcoin season coming,negative,2024-01-30 03:33:00,medium_of_exchange,44,6
Bitcoin transaction fees are 8.6 dollars today,neutral,2024-01-30 04:40:00,keynesian_critic,46,7
Governments will ban Bitcoin eventually,negative,2024-01-30 05:13:00,gold_bug_btc,39,5
Proof of reserves shows Bitcoin strength,positive,2024-01-30 06:40:00,dca_investor,40,6
Lightning Network capacity at 72141 BTC,neutral,2024-01-30 08:22:00,hash_power,39,6
Another exchange hack. Bitcoin is not safe,negative,2024-01-30 09:22:00,mining_pro,42,7
Coinbase premium: 2% currently,neutral,2024-01-30 12:28:00,medium_of_exchange,30,4
Bitcoin difficulty adjustment in 252 days,neutral,2024-01-30 12:46:00,lightning_fan,41,6
Active Bitcoin addresses: 21551 million,neutral,2024-01-30 12:51:00,fiat_escapist,39,5
This bull run will be epic! Bitcoin to 57k,positive,2024-01-30 15:10:00,boomer_hodler,42,9
Mempool size: 51 MB currently,neutral,2024-01-30 15:39:00,bull_trader,29,5
Bitcoin complexity keeps masses away,negative,2024-01-30 15:46:00,difficulty_watcher,36,5
Average confirmation time: 11 minutes,neutral,2024-01-30 16:50:00,maximalist_tom,37,5
Realized profit loss ratio: 0.75,neutral,2024-01-30 17:49:00,crypto_skeptic,32,5
Volatility makes Bitcoin terrible money,negative,2024-01-30 18:46:00,dca_investor,39,5
Average Bitcoin transaction size is 106 bytes,neutral,2024-01-30 19:41:00,millennial_investor,45,7
Accumulating Bitcoin is the best strategy,positive,2024-01-30 21:30:00,crypto_coach,41,6
Average confirmation time: 8 minutes,neutral,2024-01-30 21:43:00,sats_stacker,36,5
Bitcoin market cap is 1123 billion dollars,neutral,2024-01-31 01:53:00,austrian_economist,42,7
Bitcoin price consolidating around 47k,neutral,2024-01-31 04:48:00,gold_bug_btc,38,5
Bitcoin stock to flow ratio: 1.88,neutral,2024-01-31 07:06:00,solo_miner,33,6
Bitcoin average block size is 59 MB today,neutral,2024-01-31 08:52:00,trader_joe,41,8
Bitcoin difficulty adjustment in 964 days,neutral,2024-01-31 11:17:00,boomer_hodler,41,6
Bitcoin at 40k. Same as yesterday,neutral,2024-01-31 12:11:00,layer_two,33,6
Bitcoin market cap is 811 billion dollars,neutral,2024-01-31 13:24:00,bull_trader,41,7
Bitcoin fear and greed index: 72.4,neutral,2024-01-31 13:32:00,market_maker,34,6
Bitcoin blockchain size reached 236 GB,neutral,2024-01-31 18:14:00,privacy_maxi,38,6
This bull run will be epic! Bitcoin to 32k,positive,2024-01-31 18:36:00,privacy_advocate,42,9
Bitcoin segwit adoption rate is 47 percent,neutral,2024-01-31 19:35:00,lightning_node,42,7
Coins moved on-chain: 98340 BTC,neutral,2024-01-31 20:23:00,on_chain_guy,31,5
Bitcoin mining difficulty at 81 trillion,neutral,2024-01-31 21:46:00,bitcoin_knots,40,6
Bitcoin transaction fees are 4.4 dollars today,neutral,2024-01-31 22:24:00,crypto_coach,46,7
Bitcoin at 51k. Same as yesterday,neutral,2024-01-31 23:42:00,technical_trader,33,6
Mempool size: 287 MB currently,neutral,2024-02-01 01:45:00,lightning_wallet,30,5
Bitcoin price consolidating around 80k,neutral,2024-02-01 02:06:00,retail_investor,38,5
Bitcoin is a ponzi scheme. Change my mind,negative,2024-02-01 03:40:00,fiat_escapist,41,8
Bitcoin Core version 26.0 released yesterday,neutral,2024-02-01 06:42:00,nakamoto_institute,44,6
Bitcoin halving countdown: 447 days remaining,neutral,2024-02-01 07:27:00,deflation_lover,45,6
Bitcoin Puell Multiple reading: 2.27,neutral,2024-02-01 08:08:00,validator_node,36,5
Bitcoin Core version 25.1 released yesterday,neutral,2024-02-01 08:39:00,crypto_coach,44,6
Bitcoin mining difficulty at 64 trillion,neutral,2024-02-01 10:19:00,maximalist_tom,40,6
Bitcoin UTXO set size reached 27507 million,neutral,2024-02-01 11:22:00,dca_investor,43,7
Bitcoin market cap is 1004 billion dollars,neutral,2024-02-01 12:10:00,singlesig_simple,42,7
Miner revenue today: $31 million,neutral,2024-02-01 13:03:00,paper_wallet,32,5
Living on Bitcoin for 5 years now. Amazing,positive,2024-02-01 13:30:00,hodler_mike,42,8
This bull run will be epic! Bitcoin to 66k,positive,2024-02-01 15:16:00,sats_stacker,42,9
Bitcoin realized cap: $66838 billion,neutral,2024-02-01 17:46:00,mining_dev,36,5
Bitcoin accepted at 31410 merchants worldwide,positive,2024-02-01 17:57:00,options_trader,45,6
Regulatory uncertainty killing Bitcoin momentum,negative,2024-02-01 18:44:00,hash_power,47,5
Bitcoin at 90k. Same as yesterday,neutral,2024-02-01 19:06:00,protocol_dev,33,6
Bitcoin changing lives around the world,positive,2024-02-01 19:52:00,sound_money,39,6
Bitcoin mining centralization worrying trend,negative,2024-02-01 20:41:00,crypto_coach,44,5
Total Bitcoin addresses with balance: 49741 million,neutral,2024-02-01 21:18:00,singlesig_simple,51,7
Bitcoin hashrate: 541 EH/s currently,neutral,2024-02-02 01:45:00,singlesig_simple,36,5
Bitcoin accepted at 27790 merchants worldwide,positive,2024-02-02 03:04:00,settlement_layer,45,6
Bitcoin inflation rate: 29% annually,neutral,2024-02-02 03:52:00,arbitrage_king,36,5
Laser eyes until 100k! Bitcoin revolution,positive,2024-02-02 03:56:00,singlesig_simple,41,6
Bitcoin realized cap: $3116 billion,neutral,2024-02-02 08:02:00,fiat_escapist,35,5
NVT ratio currently: 98.82,neutral,2024-02-02 09:57:00,btc_analyst,26,4
Bitcoin exchange reserves: 76650 BTC,neutral,2024-02-02 11:14:00,mining_pro,36,5
Bitcoin education spreading globally. Bullish future,positive,2024-02-02 12:26:00,yield_farmer,52,6
Most Bitcoin is held by whales. Unfair distribution,negative,2024-02-02 14:07:00,privacy_maxi,51,8
Bitcoin whales manipulating market again,negative,2024-02-02 16:24:00,settlement_layer,40,5
Central banks trying to kill Bitcoin with CBDC,negative,2024-02-02 19:13:00,position_trader,46,8
Lightning Network channels: 45215 active,neutral,2024-02-02 21:08:00,nft_collector,40,5
Bitcoin whitepaper anniversary today. 10 years,neutral,2024-02-02 22:59:00,liquidity_provider,46,6
Bitcoin difficulty adjustment in 120 days,neutral,2024-02-03 04:08:00,chart_master,41,6
Coinbase premium: 23% currently,neutral,2024-02-03 04:33:00,bitcoin_standard,31,4
Bitcoin blockchain size reached 268 GB,neutral,2024-02-03 06:18:00,fiat_escapist,38,6
Average Bitcoin fee per transaction: 3.0 dollars,neutral,2024-02-03 09:21:00,retail_investor,48,7
Mempool size: 179 MB currently,neutral,2024-02-03 10:23:00,inflation_hedge,30,5
Network fees collected: 20152 BTC today,neutral,2024-02-03 14:08:00,spot_trader,39,6
This bull run will be epic! Bitcoin to 37k,positive,2024-02-03 15:08:00,cold_storage,42,9
Coins moved on-chain: 6556 BTC,neutral,2024-02-03 17:50:00,node_runner,30,5
Bitcoin price consolidating around 53k,neutral,2024-02-03 19:47:00,security_first,38,5
Realized profit loss ratio: 0.82,neutral,2024-02-03 20:46:00,crypto_bull,32,5
Sound money principles restored by Bitcoin,positive,2024-02-03 22:13:00,settlement_layer,42,6
BTC crash incoming. Sell everything now!,negative,2024-02-03 22:26:00,millennial_investor,40,6
Most Bitcoin holders underwater at current price,negative,2024-02-03 23:55:00,keynesian_critic,48,7
Bitcoin Core version 24.0 released yesterday,neutral,2024-02-04 00:32:00,crypto_bull,44,6
Miner revenue today: $49 million,neutral,2024-02-04 01:35:00,crypto_coach,32,5
Proof of work makes Bitcoin most secure network,positive,2024-02-04 03:14:00,gpu_miner,47,8
Bitcoin Puell Multiple reading: 22.86,neutral,2024-02-04 05:14:00,lightning_dev,37,5
HODL waves showing 49% held over 1 year,neutral,2024-02-04 08:54:00,paper_wallet,39,8
Bitcoin hashrate: 494 EH/s currently,neutral,2024-02-04 09:33:00,pseudonymous_dev,36,5
Lightning Network capacity at 49050 BTC,neutral,2024-02-04 09:58:00,base_layer,39,6
HODL waves showing 6% held over 1 year,neutral,2024-02-04 10:22:00,bitcoin_dev,38,8
Bitcoin blockchain size reached 245 GB,neutral,2024-02-04 15:51:00,brain_wallet,38,6
NVT ratio currently: 94.0,neutral,2024-02-04 17:51:00,unit_of_account,25,4
Coins moved on-chain: 78125 BTC,neutral,2024-02-04 18:39:00,gpu_miner,31,5
FBI seized more Bitcoin from criminals today,negative,2024-02-04 20:37:00,position_trader,44,7
Average confirmation time: 12 minutes,neutral,2024-02-04 23:42:00,digital_gold,37,5
I'm done with crypto. Too risky for me,negative,2024-02-05 00:47:00,bitcoin_dev,38,8
Bitcoin node count increased to 37058,neutral,2024-02-05 04:51:00,lightning_fan,37,6
Average Bitcoin transaction size is 297 bytes,neutral,2024-02-05 05:48:00,security_first,45,7
Bitcoin Core version 24.2 released yesterday,neutral,2024-02-05 06:30:00,bitcoin_dev,44,6
Transaction speed makes Bitcoin unusable,negative,2024-02-05 06:53:00,retail_investor,40,5
Bitcoin dominance currently at 43%,neutral,2024-02-05 07:40:00,lightning_node,34,5
Bitcoin at 56k. Same as yesterday,neutral,2024-02-05 13:11:00,options_trader,33,6
Average Bitcoin transaction size is 129 bytes,neutral,2024-02-05 15:54:00,on_chain_guy,45,7
Bitcoin stock to flow ratio: 0.89,neutral,2024-02-05 16:45:00,hodler_mike,33,6
Bitcoin accepted at 45886 merchants worldwide,positive,2024-02-05 22:20:00,solo_miner,45,6
Bitcoin inflation rate: 50% annually,neutral,2024-02-05 23:46:00,layer_two,36,5
Satoshi Nakamoto mined first Bitcoin block in 2009,neutral,2024-02-06 00:23:00,dca_investor,50,8
Lightning Network channels: 1918 active,neutral,2024-02-06 04:20:00,inflation_hedge,39,5
Sleeping well knowing I own Bitcoin,positive,2024-02-06 05:41:00,silver_to_btc,35,6
Security vulnerabilities found in Bitcoin wallets,negative,2024-02-06 09:04:00,lightning_wallet,49,6
Bitcoin whitepaper anniversary today. 7 years,neutral,2024-02-06 10:17:00,deflation_lover,45,6
Bitcoin dominance currently at 11%,neutral,2024-02-06 11:31:00,sound_money,34,5
Bitcoin fixes monetary policy failures,positive,2024-02-06 12:04:00,market_maker,38,5
Bitcoin realized cap: $66481 billion,neutral,2024-02-06 13:32:00,payment_network,36,5
Bitcoin velocity indicator at 86.8,neutral,2024-02-06 16:21:00,liquidity_provider,34,5
Mempool size: 80 MB currently,neutral,2024-02-06 16:52:00,technical_trader,29,5
Bitcoin Puell Multiple reading: 6.7,neutral,2024-02-06 17:04:00,market_maker,35,5
Total Bitcoin addresses with balance: 47141 million,neutral,2024-02-06 19:31:00,fiat_escapist,51,7
Bitcoin segwit adoption rate is 11 percent,neutral,2024-02-06 20:07:00,crypto_bull,42,7
Realized profit loss ratio: 1.47,neutral,2024-02-06 21:14:00,pseudonymous_dev,32,5
Bitcoin price consolidating around 51k,neutral,2024-02-06 22:42:00,bitcoin_dev,38,5
Living on Bitcoin for 9 years now. Amazing,positive,2024-02-06 23:21:00,lightning_node,42,8
Miner revenue today: $11 million,neutral,2024-02-07 02:35:00,gold_bug_btc,32,5
This bull run will be epic! Bitcoin to 99k,positive,2024-02-07 03:37:00,retired_early,42,9
Bitcoin accepted at 6186 merchants worldwide,positive,2024-02-07 07:25:00,hard_money,44,6
Regulation will destroy Bitcoin. Mark my words,negative,2024-02-07 08:24:00,bull_trader,46,7
Bitcoin hashrate: 437 EH/s currently,neutral,2024-02-07 11:30:00,bitcoin_standard,36,5
Watching Bitcoin charts all day. No clear trend,neutral,2024-02-07 13:18:00,crypto_bull,47,8
Average Bitcoin transaction size is 251 bytes,neutral,2024-02-07 14:17:00,btc_unlimited,45,7
Bitcoin accepted at 6917 merchants worldwide,positive,2024-02-07 14:21:00,custodial_service,44,6
Bitcoin dominance currently at 1%,neutral,2024-02-07 16:24:00,multisig_user,33,5
Bitcoin mining difficulty increased by 9%,neutral,2024-02-07 17:12:00,bitcoin_standard,41,6
Bitcoin price is stable today. Nothing much happening,neutral,2024-02-07 17:57:00,lightning_node,53,8
Bitcoin whitepaper anniversary today. 4 years,neutral,2024-02-07 23:22:00,inflation_hedge,45,6
Bitcoin mining difficulty increased by 46%,neutral,2024-02-08 01:02:00,unit_of_account,42,6
Miner revenue today: $15 million,neutral,2024-02-08 03:22:00,fiat_escapist,32,5
Bitcoin dominance currently at 16%,neutral,2024-02-08 03:47:00,payment_network,34,5
Current Bitcoin mempool has 12641k transactions,neutral,2024-02-08 04:20:00,maximalist_tom,47,6
Living on Bitcoin for 6 years now. Amazing,positive,2024-02-08 05:29:00,bitcoin_core,42,8
Bitcoin UTXO set size reached 7288 million,neutral,2024-02-08 05:44:00,nakamoto_institute,42,7
Coinbase premium: 18% currently,neutral,2024-02-08 08:19:00,maximalist_tom,31,4
Bitcoin taproot upgrade activated 2 years ago,neutral,2024-02-08 10:20:00,millennial_investor,45,7
Coins moved on-chain: 85255 BTC,neutral,2024-02-08 10:49:00,full_node_operator,31,5
Bitcoin UTXO set size reached 45693 million,neutral,2024-02-08 11:04:00,nakamoto_institute,43,7
Unconfirmed transactions: 14006 in mempool,neutral,2024-02-08 11:40:00,multisig_user,42,5
Average Bitcoin fee per transaction: 5.2 dollars,neutral,2024-02-08 12:48:00,crypto_news,48,7
Bitcoin blockchain size reached 289 GB,neutral,2024-02-08 13:56:00,whale_watcher,38,6
Lightning Network channels: 14862 active,neutral,2024-02-08 13:58:00,settlement_layer,40,5
Bitcoin at 84k. Same as yesterday,neutral,2024-02-08 17:18:00,arbitrage_king,33,6
Lightning Network capacity at 81488 BTC,neutral,2024-02-08 17:30:00,lightning_node,39,6
Bitcoin node count increased to 35460,neutral,2024-02-08 18:22:00,boomer_hodler,37,6
Mempool size: 298 MB currently,neutral,2024-02-08 19:23:00,open_source,30,5
Current block height is 806015,neutral,2024-02-08 19:28:00,dao_member,30,5
Bitcoin Core version 27.1 released yesterday,neutral,2024-02-08 19:48:00,keynesian_critic,44,6
Bitcoin adoption plateau reached already,negative,2024-02-08 22:32:00,store_of_value,40,5
NVT ratio currently: 45.54,neutral,2024-02-09 05:33:00,payment_network,26,4
Unconfirmed transactions: 35946 in mempool,neutral,2024-02-09 06:34:00,deflation_lover,42,5
Bitcoin fear and greed index: 76.84,neutral,2024-02-09 12:35:00,payment_network,35,6
Bitcoin market cap is 675 billion dollars,neutral,2024-02-09 13:46:00,gpu_miner,41,7
Lightning Network capacity at 61222 BTC,neutral,2024-02-09 14:27:00,nft_collector,39,6
Bitcoin centralization risk increasing daily,negative,2024-02-09 15:38:00,sound_money,44,5
Active Bitcoin addresses: 23394 million,neutral,2024-02-09 18:32:00,nft_collector,39,5
Bitcoin hashrate: 593 EH/s currently,neutral,2024-02-09 19:15:00,privacy_advocate,36,5
Living on Bitcoin for 2 years now. Amazing,positive,2024-02-09 20:49:00,institutional_buyer,42,8
Current block height is 817230,neutral,2024-02-10 02:52:00,dca_investor,30,5
Bitcoin hashrate: 585 EH/s currently,neutral,2024-02-10 05:29:00,defi_explorer,36,5
Bitcoin mining difficulty increased by 50%,neutral,2024-02-10 06:22:00,sats_stacker,42,6
Bitcoin at 95k. Same as yesterday,neutral,2024-02-10 08:08:00,crypto_coach,33,6
Bitcoin average block size is 125 MB today,neutral,2024-02-10 12:30:00,privacy_advocate,42,8
Bitcoin stock to flow ratio: 1.2,neutral,2024-02-10 15:45:00,maximalist_tom,32,6
Bitcoin market cap is 760 billion dollars,neutral,2024-02-10 16:17:00,mining_dev,41,7
Bitcoin nodes distributed across 130 countries,neutral,2024-02-10 16:18:00,bull_trader,46,6
Bitcoin inflation rate: 28% annually,neutral,2024-02-10 16:20:00,solo_miner,36,5
Bitcoin realized cap: $95331 billion,neutral,2024-02-10 18:19:00,dca_investor,36,5
Bitcoin at 59k. Same as yesterday,neutral,2024-02-10 20:00:00,singlesig_simple,33,6
Bitcoin UTXO set size reached 43751 million,neutral,2024-02-10 20:53:00,deflation_lover,43,7
Living on Bitcoin for 1 years now. Amazing,positive,2024-02-11 00:54:00,mempool_observer,42,8
Mempool size: 90 MB currently,neutral,2024-02-11 01:24:00,alternative_client,29,5
Bitcoin segwit adoption rate is 12 percent,neutral,2024-02-11 06:08:00,bitcoin_standard,42,7
Bitcoin difficulty adjustment in 1287 days,neutral,2024-02-11 08:07:00,privacy_advocate,42,6
Average Bitcoin transaction size is 205 bytes,neutral,2024-02-11 10:09:00,bear_market_bob,45,7
Bitcoin taproot upgrade activated 8 years ago,neutral,2024-02-11 10:37:00,spot_trader,45,7
NVT ratio currently: 47.59,neutral,2024-02-11 14:42:00,privacy_maxi,26,4
Bitcoin accepted at 48052 merchants worldwide,positive,2024-02-11 17:09:00,bull_trader,45,6
Bitcoin UTXO set size reached 11853 million,neutral,2024-02-11 20:05:00,whale_watcher,43,7
Bitcoin UTXO set size reached 45074 million,neutral,2024-02-11 21:27:00,on_chain_guy,43,7
Average Bitcoin fee per transaction: 5.3 dollars,neutral,2024-02-11 21:44:00,paper_wallet,48,7
Mempool size: 195 MB currently,neutral,2024-02-11 22:54:00,keynesian_critic,30,5
Bitcoin mining difficulty at 69 trillion,neutral,2024-02-12 00:17:00,privacy_advocate,40,6
Bitcoin exchange reserves: 80774 BTC,neutral,2024-02-12 00:47:00,brain_wallet,36,5
Bitcoin node count increased to 10608,neutral,2024-02-12 03:04:00,crypto_news,37,6
HODL waves showing 45% held over 1 year,neutral,2024-02-12 04:04:00,mining_dev,39,8
Bitcoin halving countdown: 1228 days remaining,neutral,2024-02-12 06:27:00,hardware_wallet,46,6
Bitcoin hashrate: 400 EH/s currently,neutral,2024-02-12 08:00:00,gold_bug_btc,36,5
Bitcoin Puell Multiple reading: 65.31,neutral,2024-02-12 14:06:00,settlement_layer,37,5
Bitcoin trading volume: $23988M today,neutral,2024-02-12 16:05:00,hardware_wallet,37,5
Daily Bitcoin transactions averaging 39769k,neutral,2024-02-12 18:47:00,kyc_hater,43,5
Current block height is 802266,neutral,2024-02-12 22:48:00,bitcoin_dev,30,5
Bitcoin node count increased to 20909,neutral,2024-02-13 04:40:00,yield_farmer,37,6
Bitcoin inflation rate: 33% annually,neutral,2024-02-13 07:06:00,retail_investor,36,5
Average Bitcoin fee per transaction: 8.2 dollars,neutral,2024-02-13 12:25:00,privacy_advocate,48,7
Bitcoin blockchain size reached 274 GB,neutral,2024-02-13 13:25:00,unit_of_account,38,6
Daily Bitcoin transactions averaging 19217k,neutral,2024-02-13 21:21:00,exchange_dev,43,5
Average Bitcoin fee per transaction: 10.0 dollars,neutral,2024-02-13 23:09:00,medium_of_exchange,49,7
Bitcoin halving countdown: 941 days remaining,neutral,2024-02-13 23:20:00,hard_money,45,6
Bitcoin dominance currently at 25%,neutral,2024-02-14 03:07:00,crypto_skeptic,34,5
Bitcoin stock to flow ratio: 1.27,neutral,2024-02-14 04:27:00,austrian_economist,33,6
Bitcoin fear and greed index: 4.61,neutral,2024-02-14 07:06:00,options_trader,34,6
Average Bitcoin transaction size is 103 bytes,neutral,2024-02-14 09:55:00,protocol_dev,45,7
Best decision ever was buying Bitcoin in 2017,positive,2024-02-14 12:52:00,maximalist_tom,45,8
Network difficulty retarget in 27 hours,neutral,2024-02-14 13:24:00,btc_unlimited,39,6
Bitcoin trading volume: $35657M today,neutral,2024-02-14 14:35:00,retired_early,37,5
Bitcoin velocity indicator at 60.98,neutral,2024-02-14 21:39:00,brain_wallet,35,5
Miner revenue today: $43 million,neutral,2024-02-15 03:05:00,hash_power,32,5
Bitcoin mining difficulty at 71 trillion,neutral,2024-02-15 04:32:00,custodial_service,40,6
Average Bitcoin fee per transaction: 1.6 dollars,neutral,2024-02-15 06:10:00,mining_dev,48,7
Bitcoin segwit adoption rate is 42 percent,neutral,2024-02-15 08:09:00,financial_freedom,42,7
Current Bitcoin mempool has 26666k transactions,neutral,2024-02-15 08:37:00,multisig_user,47,6
Bitcoin halving countdown: 1223 days remaining,neutral,2024-02-15 09:27:00,paper_wallet,46,6
Bitcoin exchange reserves: 58131 BTC,neutral,2024-02-15 13:42:00,technical_trader,36,5
Current block height is 807701,neutral,2024-02-15 17:08:00,mining_pro,30,5
Complexity of Bitcoin protocol is a problem,negative,2024-02-15 18:41:00,lightning_node,43,7
Miner revenue today: $21 million,neutral,2024-02-15 19:09:00,defi_explorer,32,5
Bitcoin dominance currently at 19%,neutral,2024-02-15 21:47:00,bitcoin_standard,34,5
Bitcoin halving countdown: 433 days remaining,neutral,2024-02-15 22:35:00,mining_pro,45,6
This bull run will be epic! Bitcoin to 82k,positive,2024-02-15 22:42:00,difficulty_watcher,42,9
Bitcoin velocity indicator at 82.05,neutral,2024-02-15 23:59:00,hardware_wallet,35,5
This bull run will be epic! Bitcoin to 90k,positive,2024-02-16 02:42:00,bitcoin_dev,42,9
Unconfirmed transactions: 13332 in mempool,neutral,2024-02-16 03:21:00,options_trader,42,5
Average Bitcoin transaction size is 124 bytes,neutral,2024-02-16 03:41:00,bitcoin_knots,45,7
Bitcoin exchange reserves: 67659 BTC,neutral,2024-02-16 04:17:00,brain_wallet,36,5
Bitcoin Core version 25.2 released yesterday,neutral,2024-02-16 04:44:00,settlement_layer,44,6
Bitcoin velocity indicator at 12.55,neutral,2024-02-16 06:18:00,silver_to_btc,35,5
Bitcoin Puell Multiple reading: 19.51,neutral,2024-02-16 09:41:00,deflation_lover,37,5
Bitcoin stock to flow ratio: 1.68,neutral,2024-02-16 11:40:00,inflation_hedge,33,6
Bitcoin exchange reserves: 37469 BTC,neutral,2024-02-16 13:53:00,gen_z_crypto,36,5
Average Bitcoin fee per transaction: 9.6 dollars,neutral,2024-02-16 17:46:00,technical_trader,48,7
Bitcoin exchange reserves: 97404 BTC,neutral,2024-02-16 18:03:00,privacy_advocate,36,5
Bitcoin mining difficulty at 56 trillion,neutral,2024-02-16 18:22:00,btc_unlimited,40,6
Bitcoin average block size is 157 MB today,neutral,2024-02-16 20:00:00,cold_storage,42,8
Bitcoin market cap is 598 billion dollars,neutral,2024-02-16 20:09:00,alternative_client,41,7
Bitcoin trading volume: $23536M today,neutral,2024-02-17 03:15:00,technical_trader,37,5
Bitcoin average block size is 277 MB today,neutral,2024-02-17 04:19:00,retired_early,42,8
Realized profit loss ratio: 0.76,neutral,2024-02-17 04:45:00,pseudonymous_dev,32,5
Bitcoin Puell Multiple reading: 47.82,neutral,2024-02-17 05:21:00,crypto_coach,37,5
Bitcoin stock to flow ratio: 0.6,neutral,2024-02-17 05:57:00,paper_wallet,32,6
Miner revenue today: $10 million,neutral,2024-02-17 07:08:00,retail_investor,32,5
Bitcoin halving countdown: 372 days remaining,neutral,2024-02-17 11:42:00,full_node_operator,45,6
Bitcoin transaction fees are 1.7 dollars today,neutral,2024-02-17 14:31:00,paper_wallet,46,7
Realized profit loss ratio: 1.23,neutral,2024-02-17 18:26:00,store_of_value,32,5
Bitcoin hashrate: 314 EH/s currently,neutral,2024-02-17 21:00:00,spot_trader,36,5
Bitcoin segwit adoption rate is 38 percent,neutral,2024-02-17 22:13:00,mining_dev,42,7
Bitcoin fear and greed index: 82.65,neutral,2024-02-17 23:45:00,bitcoin_core,35,6
Bitcoin hashrate: 452 EH/s currently,neutral,2024-02-18 00:29:00,market_maker,36,5
Mempool size: 293 MB currently,neutral,2024-02-18 03:36:00,liquidity_provider,30,5
Bitcoin inflation rate: 42% annually,neutral,2024-02-18 04:21:00,wallet_dev,36,5
Total Bitcoin addresses with balance: 33039 million,neutral,2024-02-18 07:29:00,custodial_service,51,7
Current block height is 807920,neutral,2024-02-18 09:01:00,settlement_layer,30,5
Realized profit loss ratio: 0.62,neutral,2024-02-18 09:22:00,store_of_value,32,5
Average Bitcoin fee per transaction: 6.3 dollars,neutral,2024-02-18 11:11:00,satoshi_fan,48,7
Bitcoin transaction fees are 5.0 dollars today,neutral,2024-02-18 11:27:00,lightning_dev,46,7
Average Bitcoin transaction size is 58 bytes,neutral,2024-02-18 15:00:00,keynesian_critic,44,7
Bitcoin Core version 27.2 released yesterday,neutral,2024-02-18 15:30:00,dao_member,44,6
HODL waves showing 43% held over 1 year,neutral,2024-02-18 16:21:00,privacy_advocate,39,8
This bull run will be epic! Bitcoin to 80k,positive,2024-02-18 16:36:00,crypto_coach,42,9
Bitcoin dominance currently at 36%,neutral,2024-02-18 17:08:00,institutional_buyer,34,5
Best decision ever was buying Bitcoin in 2022,positive,2024-02-18 17:09:00,lightning_dev,45,8
Active Bitcoin addresses: 16124 million,neutral,2024-02-18 20:47:00,self_custody,39,5
Bitcoin difficulty adjustment in 1349 days,neutral,2024-02-19 00:21:00,crypto_coach,42,6
Bitcoin exchange reserves: 34323 BTC,neutral,2024-02-19 05:03:00,difficulty_watcher,36,5
Bitcoin market cap is 1114 billion dollars,neutral,2024-02-19 05:39:00,mining_pro,42,7
Average Bitcoin transaction size is 264 bytes,neutral,2024-02-19 07:05:00,hodler_mike,45,7
Coins moved on-chain: 62050 BTC,neutral,2024-02-19 17:45:00,anon_trader,31,5
Average Bitcoin transaction size is 227 bytes,neutral,2024-02-19 22:03:00,wallet_dev,45,7
Realized profit loss ratio: 1.96,neutral,2024-02-19 22:57:00,scalper_pro,32,5
Bitcoin Puell Multiple reading: 88.36,neutral,2024-02-19 23:26:00,bitcoin_standard,37,5
Bitcoin Core version 27.0 released yesterday,neutral,2024-02-20 00:50:00,paper_wallet,44,6
Bitcoin nodes distributed across 106 countries,neutral,2024-02-20 01:17:00,singlesig_simple,46,6
Bitcoin dominance currently at 38%,neutral,2024-02-20 01:33:00,self_custody,34,5
Bitcoin segwit adoption rate is 14 percent,neutral,2024-02-20 03:35:00,nft_collector,42,7
Bitcoin accepted at 19254 merchants worldwide,positive,2024-02-20 04:12:00,digital_gold,45,6
Bitcoin mining difficulty increased by 12%,neutral,2024-02-20 07:29:00,retail_investor,42,6
Bitcoin fear and greed index: 80.07,neutral,2024-02-20 08:22:00,unit_of_account,35,6
Bitcoin exchange reserves: 78344 BTC,neutral,2024-02-20 09:37:00,digital_gold,36,5
Bitcoin realized cap: $22639 billion,neutral,2024-02-20 13:06:00,market_maker,36,5
Bitcoin velocity indicator at 79.98,neutral,2024-02-20 14:03:00,settlement_layer,35,5
Bitcoin node count increased to 27235,neutral,2024-02-20 14:10:00,asic_farmer,37,6
Network fees collected: 7327 BTC today,neutral,2024-02-20 19:07:00,crypto_skeptic,38,6
Bitcoin transaction fees are 7.8 dollars today,neutral,2024-02-20 20:15:00,non_custodial,46,7
Bitcoin mining difficulty at 75 trillion,neutral,2024-02-20 21:51:00,bull_trader,40,6
Bitcoin hashrate: 561 EH/s currently,neutral,2024-02-20 23:43:00,boomer_hodler,36,5
HODL waves showing 14% held over 1 year,neutral,2024-02-21 00:49:00,silver_to_btc,39,8
Mempool size: 227 MB currently,neutral,2024-02-21 02:43:00,dao_member,30,5
Bitcoin hashrate: 534 EH/s currently,neutral,2024-02-21 03:33:00,lightning_fan,36,5
Total Bitcoin addresses with balance: 31738 million,neutral,2024-02-21 06:03:00,day_trader,51,7
This bull run will be epic! Bitcoin to 70k,positive,2024-02-21 06:54:00,sats_stacker,42,9
Bitcoin at 69k. Same as yesterday,neutral,2024-02-21 08:20:00,medium_of_exchange,33,6
Bitcoin Core version 26.2 released yesterday,neutral,2024-02-21 13:14:00,position_trader,44,6
Bitcoin difficulty adjustment in 595 days,neutral,2024-02-21 13:46:00,retired_early,41,6
Bitcoin inflation rate: 7% annually,neutral,2024-02-21 14:43:00,cold_storage,35,5
Average Bitcoin fee per transaction: 7.8 dollars,neutral,2024-02-21 16:05:00,protocol_dev,48,7
Miner revenue today: $18 million,neutral,2024-02-21 18:36:00,lightning_fan,32,5
Bitcoin realized cap: $8036 billion,neutral,2024-02-21 20:09:00,full_node_operator,35,5
NVT ratio currently: 85.98,neutral,2024-02-21 20:57:00,bitcoin_knots,26,4
Bitcoin hashrate: 471 EH/s currently,neutral,2024-02-22 00:28:00,trader_joe,36,5
Bitcoin nodes distributed across 114 countries,neutral,2024-02-22 04:44:00,swing_trader,46,6
Bitcoin Puell Multiple reading: 85.09,neutral,2024-02-22 06:13:00,yield_farmer,37,5
Bitcoin accepted at 13294 merchants worldwide,positive,2024-02-22 08:12:00,btc_unlimited,45,6
Bitcoin at 85k. Same as yesterday,neutral,2024-02-22 10:36:00,multisig_user,33,6
This bull run will be epic! Bitcoin to 75k,positive,2024-02-22 10:51:00,hodler_mike,42,9
This bull run will be epic! Bitcoin to 41k,positive,2024-02-22 11:47:00,multisig_user,42,9
Network fees collected: 64624 BTC today,neutral,2024-02-22 12:21:00,on_chain_guy,39,6
Network difficulty retarget in 68 hours,neutral,2024-02-22 15:48:00,day_trader,39,6
Bitcoin fear and greed index: 98.17,neutral,2024-02-22 23:02:00,gold_bug_btc,35,6
Bitcoin realized cap: $6461 billion,neutral,2024-02-23 01:45:00,gold_bug_btc,35,5
Bitcoin fear and greed index: 52.88,neutral,2024-02-23 03:23:00,crypto_news,35,6
Mempool size: 111 MB currently,neutral,2024-02-23 04:50:00,mining_pool,30,5
Bitcoin velocity indicator at 32.1,neutral,2024-02-23 05:40:00,arbitrage_king,34,5
Bitcoin realized cap: $96281 billion,neutral,2024-02-23 08:55:00,keynesian_critic,36,5
Lightning Network capacity at 22686 BTC,neutral,2024-02-23 15:07:00,mining_dev,39,6
Lightning Network channels: 8985 active,neutral,2024-02-23 15:35:00,financial_freedom,39,5
Bitcoin difficulty adjustment in 937 days,neutral,2024-02-23 18:49:00,medium_of_exchange,41,6
HODL waves showing 21% held over 1 year,neutral,2024-02-23 21:57:00,satoshi_fan,39,8
Bitcoin market cap is 1109 billion dollars,neutral,2024-02-24 02:45:00,arbitrage_king,42,7
Bitcoin UTXO set size reached 32231 million,neutral,2024-02-24 03:32:00,paper_wallet,43,7
Bitcoin Puell Multiple reading: 76.01,neutral,2024-02-24 06:10:00,deflation_lover,37,5
Current Bitcoin mempool has 35563k transactions,neutral,2024-02-24 08:34:00,base_layer,47,6
Bitcoin market cap is 559 billion dollars,neutral,2024-02-24 11:43:00,arbitrage_king,41,7
Lightning Network channels: 5475 active,neutral,2024-02-24 15:07:00,settlement_layer,39,5
Bitcoin hashrate: 390 EH/s currently,neutral,2024-02-24 17:40:00,market_maker,36,5
Current block height is 807404,neutral,2024-02-24 18:02:00,dca_investor,30,5
Lightning Network channels: 29740 active,neutral,2024-02-24 20:02:00,privacy_maxi,40,5
Bitcoin fear and greed index: 99.02,neutral,2024-02-24 20:14:00,satoshi_fan,35,6
Bitcoin realized cap: $59345 billion,neutral,2024-02-24 22:10:00,btc_analyst,36,5
Active Bitcoin addresses: 15339 million,neutral,2024-02-24 23:09:00,lightning_fan,39,5
Total Bitcoin addresses with balance: 33178 million,neutral,2024-02-25 01:04:00,satoshi_fan,51,7
Current block height is 812174,neutral,2024-02-25 01:58:00,deflation_lover,30,5
Bitcoin accepted at 35420 merchants worldwide,positive,2024-02-25 03:18:00,arbitrage_king,45,6
Mempool size: 294 MB currently,neutral,2024-02-25 04:11:00,mempool_observer,30,5
Living on Bitcoin for 8 years now. Amazing,positive,2024-02-25 07:00:00,whale_watcher,42,8
Network difficulty retarget in 36 hours,neutral,2024-02-25 07:52:00,exchange_dev,39,6
Bitcoin nodes distributed across 150 countries,neutral,2024-02-25 11:15:00,halving_counter,46,6
Network difficulty retarget in 181 hours,neutral,2024-02-25 12:40:00,trader_joe,40,6
Lightning Network capacity at 97839 BTC,neutral,2024-02-25 15:03:00,sats_stacker,39,6
Bitcoin blockchain size reached 213 GB,neutral,2024-02-25 16:54:00,singlesig_simple,38,6
Coinbase premium: 5% currently,neutral,2024-02-25 17:45:00,sound_money,30,4
Lightning Network capacity at 97767 BTC,neutral,2024-02-25 21:35:00,medium_of_exchange,39,6
Bitcoin mining difficulty increased by 22%,neutral,2024-02-25 21:43:00,base_layer,42,6
Miner revenue today: $42 million,neutral,2024-02-25 22:55:00,spot_trader,32,5
Average Bitcoin transaction size is 69 bytes,neutral,2024-02-26 00:26:00,austrian_economist,44,7
Best decision ever was buying Bitcoin in 2020,positive,2024-02-26 05:31:00,halving_counter,45,8
Realized profit loss ratio: 1.93,neutral,2024-02-26 09:47:00,bear_market_bob,32,5
Bitcoin whitepaper anniversary today. 2 years,neutral,2024-02-26 12:49:00,bitcoin_core,45,6
NVT ratio currently: 91.68,neutral,2024-02-26 19:20:00,base_layer,26,4
Mempool size: 264 MB currently,neutral,2024-02-26 19:27:00,lightning_dev,30,5
Bitcoin taproot upgrade activated 5 years ago,neutral,2024-02-26 20:44:00,digital_gold,45,7
Average Bitcoin fee per transaction: 2.3 dollars,neutral,2024-02-26 22:05:00,halving_counter,48,7
Lightning Network channels: 24673 active,neutral,2024-02-26 22:51:00,options_trader,40,5
Bitcoin velocity indicator at 69.77,neutral,2024-02-27 00:53:00,silver_to_btc,35,5
Bitcoin velocity indicator at 66.95,neutral,2024-02-27 06:39:00,solo_miner,35,5
Current Bitcoin mempool has 1558k transactions,neutral,2024-02-27 07:06:00,bitcoin_teacher,46,6
Bitcoin realized cap: $67992 billion,neutral,2024-02-27 14:38:00,sats_stacker,36,5
HODL waves showing 46% held over 1 year,neutral,2024-02-27 17:25:00,position_trader,39,8
Coins moved on-chain: 28588 BTC,neutral,2024-02-27 18:04:00,asic_farmer,31,5
Bitcoin average block size is 197 MB today,neutral,2024-02-27 20:30:00,scalper_pro,42,8
Bitcoin hashrate: 488 EH/s currently,neutral,2024-02-27 22:02:00,base_layer,36,5
Bitcoin velocity indicator at 55.87,neutral,2024-02-27 23:17:00,keynesian_critic,35,5
Realized profit loss ratio: 1.24,neutral,2024-02-28 07:19:00,mempool_observer,32,5
Network fees collected: 43533 BTC today,neutral,2024-02-28 11:34:00,hodler_mike,39,6
Bitcoin stock to flow ratio: 0.64,neutral,2024-02-28 12:05:00,bitcoin_standard,33,6
Bitcoin dominance currently at 28%,neutral,2024-02-28 13:37:00,bitcoin_standard,34,5
Bitcoin transaction fees are 9.5 dollars today,neutral,2024-02-28 14:18:00,bitcoin_dev,46,7
Bitcoin halving countdown: 48 days remaining,neutral,2024-02-28 15:04:00,silver_to_btc,44,6
HODL waves showing 24% held over 1 year,neutral,2024-02-28 16:54:00,on_chain_guy,39,8
Unconfirmed transactions: 34378 in mempool,neutral,2024-02-28 18:15:00,mining_dev,42,5
Bitcoin blockchain size reached 190 GB,neutral,2024-02-28 19:45:00,medium_of_exchange,38,6
Bitcoin hashrate: 473 EH/s currently,neutral,2024-02-28 20:31:00,btc_unlimited,36,5
Current Bitcoin mempool has 21938k transactions,neutral,2024-02-28 21:34:00,position_trader,47,6
Average Bitcoin transaction size is 163 bytes,neutral,2024-02-28 23:20:00,gen_z_crypto,45,7
Realized profit loss ratio: 1.35,neutral,2024-02-29 00:37:00,keynesian_critic,32,5
Bitcoin blockchain size reached 51 GB,neutral,2024-02-29 02:49:00,singlesig_simple,37,6
Bitcoin Puell Multiple reading: 12.94,neutral,2024-02-29 03:23:00,nft_collector,37,5
Bitcoin realized cap: $84258 billion,neutral,2024-02-29 07:05:00,keynesian_critic,36,5
Bitcoin price consolidating around 52k,neutral,2024-02-29 13:34:00,crypto_news,38,5
Average Bitcoin transaction size is 76 bytes,neutral,2024-02-29 14:31:00,market_maker,44,7
Average Bitcoin fee per transaction: 9.5 dollars,neutral,2024-02-29 15:08:00,privacy_maxi,48,7
Network fees collected: 94882 BTC today,neutral,2024-02-29 16:01:00,asic_farmer,39,6
Bitcoin blockchain size reached 69 GB,neutral,2024-02-29 19:05:00,defi_explorer,37,6
Bitcoin UTXO set size reached 43614 million,neutral,2024-03-01 00:12:00,node_runner,43,7
HODL waves showing 8% held over 1 year,neutral,2024-03-01 01:04:00,millennial_investor,38,8
Bitcoin segwit adoption rate is 50 percent,neutral,2024-03-01 05:32:00,layer_two,42,7
Bitcoin node count increased to 46160,neutral,2024-03-01 06:44:00,scalper_pro,37,6
HODL waves showing 32% held over 1 year,neutral,2024-03-01 10:36:00,unit_of_account,39,8
NVT ratio currently: 24.57,neutral,2024-03-01 10:40:00,custodial_service,26,4
Network fees collected: 52945 BTC today,neutral,2024-03-01 13:40:00,digital_gold,39,6
Bitcoin stock to flow ratio: 1.67,neutral,2024-03-01 14:48:00,mempool_observer,33,6
Bitcoin realized cap: $45336 billion,neutral,2024-03-01 18:56:00,millennial_investor,36,5
Best decision ever was buying Bitcoin in 2018,positive,2024-03-01 21:14:00,digital_gold,45,8
Lightning Network capacity at 8039 BTC,neutral,2024-03-01 23:23:00,silver_to_btc,38,6
Miner revenue today: $39 million,neutral,2024-03-02 01:12:00,technical_trader,32,5
Bitcoin velocity indicator at 32.87,neutral,2024-03-02 03:44:00,sats_stacker,35,5
This bull run will be epic! Bitcoin to 93k,positive,2024-03-02 04:15:00,gpu_miner,42,9
Current Bitcoin mempool has 35872k transactions,neutral,2024-03-02 09:14:00,mining_dev,47,6
Daily Bitcoin transactions averaging 13044k,neutral,2024-03-02 13:27:00,crypto_bull,43,5
HODL waves showing 1% held over 1 year,neutral,2024-03-02 16:38:00,privacy_maxi,38,8
Lightning Network capacity at 13237 BTC,neutral,2024-03-02 17:28:00,btc_analyst,39,6
NVT ratio currently: 50.41,neutral,2024-03-02 18:37:00,mining_dev,26,4
Average Bitcoin transaction size is 108 bytes,neutral,2024-03-03 02:07:00,self_custody,45,7
Bitcoin average block size is 290 MB today,neutral,2024-03-03 03:38:00,retired_early,42,8
Current Bitcoin mempool has 13275k transactions,neutral,2024-03-03 08:32:00,kyc_hater,47,6
Bitcoin Puell Multiple reading: 83.28,neutral,2024-03-03 16:17:00,node_runner,37,5
Realized profit loss ratio: 1.53,neutral,2024-03-03 20:39:00,anon_trader,32,5
NVT ratio currently: 66.27,neutral,2024-03-03 23:14:00,node_runner,26,4
Bitcoin market cap is 711 billion dollars,neutral,2024-03-03 23:23:00,mining_dev,41,7
Bitcoin whitepaper anniversary today. 1 years,neutral,2024-03-04 01:16:00,dao_member,45,6
Bitcoin velocity indicator at 49.14,neutral,2024-03-04 02:13:00,node_runner,35,5
Bitcoin at 73k. Same as yesterday,neutral,2024-03-04 03:30:00,crypto_coach,33,6
Bitcoin nodes distributed across 143 countries,neutral,2024-03-04 06:01:00,asic_farmer,46,6
Network fees collected: 58927 BTC today,neutral,2024-03-04 07:25:00,chart_master,39,6
Best decision ever was buying Bitcoin in 2019,positive,2024-03-04 09:59:00,kyc_hater,45,8
Realized profit loss ratio: 1.83,neutral,2024-03-04 10:43:00,trader_joe,32,5
Average Bitcoin transaction size is 284 bytes,neutral,2024-03-04 11:25:00,day_trader,45,7
Daily Bitcoin transactions averaging 42488k,neutral,2024-03-04 12:47:00,deflation_lover,43,5
Current block height is 808611,neutral,2024-03-04 13:17:00,crypto_coach,30,5
Total Bitcoin addresses with balance: 27454 million,neutral,2024-03-04 15:40:00,deflation_lover,51,7
Bitcoin transaction fees are 1.0 dollars today,neutral,2024-03-04 15:56:00,lightning_wallet,46,7
Bitcoin velocity indicator at 27.77,neutral,2024-03-04 17:30:00,privacy_maxi,35,5
Bitcoin mining difficulty at 79 trillion,neutral,2024-03-04 23:45:00,mining_pool,40,6
NVT ratio currently: 19.81,neutral,2024-03-05 00:50:00,settlement_layer,26,4
Bitcoin dominance currently at 26%,neutral,2024-03-05 03:17:00,alternative_client,34,5
Daily Bitcoin transactions averaging 20460k,neutral,2024-03-05 06:16:00,fiat_escapist,43,5
Bitcoin trading volume: $11230M today,neutral,2024-03-05 07:12:00,digital_gold,37,5
Mempool size: 278 MB currently,neutral,2024-03-05 07:15:00,lightning_fan,30,5
Coins moved on-chain: 34619 BTC,neutral,2024-03-05 07:46:00,bitcoin_standard,31,5
HODL waves showing 44% held over 1 year,neutral,2024-03-05 09:47:00,alternative_client,39,8
Average Bitcoin transaction size is 278 bytes,neutral,2024-03-05 11:04:00,chart_master,45,7
Coinbase premium: 44% currently,neutral,2024-03-05 11:57:00,digital_gold,31,4
Bitcoin price consolidating around 96k,neutral,2024-03-05 13:44:00,singlesig_simple,38,5
Bitcoin transaction fees are 9.2 dollars today,neutral,2024-03-05 22:26:00,liquidity_provider,46,7
HODL waves showing 5% held over 1 year,neutral,2024-03-06 00:27:00,scalper_pro,38,8
Bitcoin Puell Multiple reading: 13.5,neutral,2024-03-06 02:30:00,defi_explorer,36,5
Bitcoin price consolidating around 49k,neutral,2024-03-06 03:21:00,digital_gold,38,5
Bitcoin dominance currently at 2%,neutral,2024-03-06 05:37:00,mining_dev,33,5
Daily Bitcoin transactions averaging 22748k,neutral,2024-03-06 08:57:00,liquidity_provider,43,5
Coins moved on-chain: 9607 BTC,neutral,2024-03-06 09:18:00,boomer_hodler,30,5
Network difficulty retarget in 98 hours,neutral,2024-03-06 09:41:00,position_trader,39,6
Active Bitcoin addresses: 34867 million,neutral,2024-03-06 11:16:00,defi_explorer,39,5
Bitcoin fear and greed index: 7.0,neutral,2024-03-06 17:38:00,gen_z_crypto,33,6
Unconfirmed transactions: 8401 in mempool,neutral,2024-03-06 20:18:00,bear_market_bob,41,5
Bitcoin velocity indicator at 43.86,neutral,2024-03-06 23:32:00,privacy_maxi,35,5
Total Bitcoin addresses with balance: 34375 million,neutral,2024-03-07 00:54:00,singlesig_simple,51,7
Bitcoin market cap is 1142 billion dollars,neutral,2024-03-07 02:42:00,liquidity_provider,42,7
Daily Bitcoin transactions averaging 43464k,neutral,2024-03-07 03:06:00,crypto_bull,43,5
Bitcoin velocity indicator at 42.66,neutral,2024-03-07 04:38:00,asic_farmer,35,5
Bitcoin price consolidating around 93k,neutral,2024-03-07 05:08:00,austrian_economist,38,5
Average Bitcoin transaction size is 261 bytes,neutral,2024-03-07 05:20:00,security_first,45,7
Bitcoin trading volume: $30348M today,neutral,2024-03-07 08:26:00,layer_two,37,5
Bitcoin exchange reserves: 48194 BTC,neutral,2024-03-07 09:24:00,bitcoin_dev,36,5
Bitcoin price consolidating around 62k,neutral,2024-03-07 09:51:00,crypto_bull,38,5
Bitcoin average block size is 267 MB today,neutral,2024-03-07 09:55:00,market_maker,42,8
Bitcoin stock to flow ratio: 1.4,neutral,2024-03-07 11:15:00,privacy_maxi,32,6
Mempool size: 225 MB currently,neutral,2024-03-07 12:46:00,institutional_buyer,30,5
Bitcoin dominance currently at 23%,neutral,2024-03-07 13:31:00,inflation_hedge,34,5
Bitcoin hashrate: 430 EH/s currently,neutral,2024-03-07 15:24:00,bitcoin_standard,36,5
Daily Bitcoin transactions averaging 43434k,neutral,2024-03-07 16:16:00,spot_trader,43,5
Daily Bitcoin transactions averaging 18787k,neutral,2024-03-07 17:35:00,hard_money,43,5
Best decision ever was buying Bitcoin in 2023,positive,2024-03-07 20:00:00,alternative_client,45,8
Realized profit loss ratio: 1.98,neutral,2024-03-08 07:33:00,pseudonymous_dev,32,5
Total Bitcoin addresses with balance: 43146 million,neutral,2024-03-08 09:09:00,unit_of_account,51,7
Bitcoin difficulty adjustment in 501 days,neutral,2024-03-08 09:56:00,retired_early,41,6
Bitcoin average block size is 93 MB today,neutral,2024-03-08 14:47:00,day_trader,41,8
Network fees collected: 39777 BTC today,neutral,2024-03-08 15:36:00,asic_farmer,39,6
Unconfirmed transactions: 7852 in mempool,neutral,2024-03-08 16:06:00,bitcoin_teacher,41,5
Miner revenue today: $41 million,neutral,2024-03-08 16:47:00,btc_analyst,32,5
HODL waves showing 20% held over 1 year,neutral,2024-03-08 17:45:00,crypto_skeptic,39,8
Bitcoin mining difficulty increased by 30%,neutral,2024-03-08 17:56:00,bitcoin_core,42,6
Bitcoin mining difficulty increased by 47%,neutral,2024-03-08 18:09:00,options_trader,42,6
Bitcoin average block size is 121 MB today,neutral,2024-03-08 21:37:00,sats_stacker,42,8
Bitcoin transaction fees are 3.0 dollars today,neutral,2024-03-09 07:44:00,solo_miner,46,7
Bitcoin velocity indicator at 34.63,neutral,2024-03-09 09:06:00,asic_farmer,35,5
Network difficulty retarget in 135 hours,neutral,2024-03-09 10:39:00,security_first,40,6
Bitcoin Puell Multiple reading: 13.82,neutral,2024-03-09 19:16:00,hash_power,37,5
Bitcoin exchange reserves: 86044 BTC,neutral,2024-03-09 21:49:00,paper_wallet,36,5
Unconfirmed transactions: 28253 in mempool,neutral,2024-03-10 00:18:00,crypto_news,42,5
Bitcoin transaction fees are 9.0 dollars today,neutral,2024-03-10 05:07:00,settlement_layer,46,7
Bitcoin mining difficulty increased by 11%,neutral,2024-03-10 07:23:00,silver_to_btc,42,6
Average Bitcoin transaction size is 178 bytes,neutral,2024-03-10 11:15:00,day_trader,45,7
Current Bitcoin mempool has 19438k transactions,neutral,2024-03-10 12:54:00,liquidity_provider,47,6
Bitcoin inflation rate: 15% annually,neutral,2024-03-10 14:17:00,lightning_dev,36,5
Bitcoin transaction fees are 4.0 dollars today,neutral,2024-03-10 14:34:00,crypto_bull,46,7
Network fees collected: 24741 BTC today,neutral,2024-03-10 16:37:00,brain_wallet,39,6
Bitcoin average block size is 57 MB today,neutral,2024-03-10 17:55:00,lightning_wallet,41,8
Bitcoin price consolidating around 77k,neutral,2024-03-10 18:40:00,whale_watcher,38,5
Bitcoin trading volume: $38638M today,neutral,2024-03-10 21:59:00,retail_investor,37,5
Bitcoin fear and greed index: 67.23,neutral,2024-03-11 00:03:00,hardware_wallet,35,6
Bitcoin fear and greed index: 29.56,neutral,2024-03-11 00:36:00,arbitrage_king,35,6
Bitcoin trading volume: $47127M today,neutral,2024-03-11 02:56:00,open_source,37,5
Bitcoin segwit adoption rate is 45 percent,neutral,2024-03-11 03:09:00,cold_storage,42,7
Average Bitcoin transaction size is 202 bytes,neutral,2024-03-11 05:34:00,hash_power,45,7
Bitcoin nodes distributed across 117 countries,neutral,2024-03-11 06:03:00,lightning_fan,46,6
Bitcoin price consolidating around 81k,neutral,2024-03-11 06:59:00,mining_pro,38,5
Coins moved on-chain: 48320 BTC,neutral,2024-03-11 07:03:00,futures_guy,31,5
Bitcoin halving countdown: 1295 days remaining,neutral,2024-03-11 08:00:00,whale_watcher,46,6
Current block height is 814051,neutral,2024-03-11 11:46:00,bitcoin_dev,30,5
Coins moved on-chain: 11604 BTC,neutral,2024-03-11 17:28:00,self_custody,31,5
Current block height is 813881,neutral,2024-03-11 19:57:00,hardware_wallet,30,5
Bitcoin mining difficulty at 78 trillion,neutral,2024-03-11 21:18:00,difficulty_watcher,40,6
Bitcoin fear and greed index: 24.24,neutral,2024-03-12 00:04:00,base_layer,35,6
Realized profit loss ratio: 1.92,neutral,2024-03-12 03:09:00,paper_wallet,32,5
Bitcoin average block size is 100 MB today,neutral,2024-03-12 03:49:00,day_trader,42,8
Bitcoin hashrate: 371 EH/s currently,neutral,2024-03-12 04:37:00,self_custody,36,5
Bitcoin price consolidating around 71k,neutral,2024-03-12 04:49:00,mempool_observer,38,5
Active Bitcoin addresses: 24598 million,neutral,2024-03-12 05:31:00,asic_farmer,39,5
Mempool size: 230 MB currently,neutral,2024-03-12 06:09:00,mining_pro,30,5
Bitcoin velocity indicator at 71.27,neutral,2024-03-12 07:46:00,gold_bug_btc,35,5
Bitcoin realized cap: $72602 billion,neutral,2024-03-12 10:20:00,bull_trader,36,5
Bitcoin average block size is 145 MB today,neutral,2024-03-12 13:03:00,arbitrage_king,42,8
Bitcoin trading volume: $42307M today,neutral,2024-03-12 15:32:00,paper_wallet,37,5
Network fees collected: 20014 BTC today,neutral,2024-03-12 16:26:00,bitcoin_dev,39,6
Unconfirmed transactions: 46823 in mempool,neutral,2024-03-12 16:43:00,trader_joe,42,5
Unconfirmed transactions: 43008 in mempool,neutral,2024-03-12 19:41:00,wallet_dev,42,5
HODL waves showing 28% held over 1 year,neutral,2024-03-12 23:52:00,validator_node,39,8
Active Bitcoin addresses: 22609 million,neutral,2024-03-13 01:28:00,bear_market_bob,39,5
Network difficulty retarget in 291 hours,neutral,2024-03-13 01:54:00,settlement_layer,40,6
This bull run will be epic! Bitcoin to 96k,positive,2024-03-13 04:09:00,bitcoin_standard,42,9
Bitcoin mining difficulty at 86 trillion,neutral,2024-03-13 07:40:00,defi_explorer,40,6
Bitcoin at 63k. Same as yesterday,neutral,2024-03-13 08:15:00,gen_z_crypto,33,6
Bitcoin stock to flow ratio: 0.93,neutral,2024-03-13 17:13:00,mining_pro,33,6
Bitcoin halving countdown: 563 days remaining,neutral,2024-03-13 18:01:00,asic_farmer,45,6
Unconfirmed transactions: 34659 in mempool,neutral,2024-03-13 21:38:00,mining_pro,42,5
HODL waves showing 50% held over 1 year,neutral,2024-03-14 00:23:00,cold_storage,39,8
Bitcoin UTXO set size reached 45635 million,neutral,2024-03-14 01:22:00,open_source,43,7
Lightning Network channels: 4107 active,neutral,2024-03-14 02:30:00,hash_power,39,5
Bitcoin blockchain size reached 64 GB,neutral,2024-03-14 03:26:00,cold_storage,37,6
Bitcoin UTXO set size reached 4591 million,neutral,2024-03-14 03:55:00,liquidity_provider,42,7
HODL waves showing 10% held over 1 year,neutral,2024-03-14 05:07:00,technical_trader,39,8
Bitcoin accepted at 46582 merchants worldwide,positive,2024-03-14 05:43:00,lightning_node,45,6
Bitcoin stock to flow ratio: 1.62,neutral,2024-03-14 10:16:00,mempool_observer,33,6
This bull run will be epic! Bitcoin to 49k,positive,2024-03-14 11:05:00,market_maker,42,9
Bitcoin market cap is 1069 billion dollars,neutral,2024-03-14 11:13:00,millennial_investor,42,7
Bitcoin average block size is 244 MB today,neutral,2024-03-14 14:47:00,on_chain_guy,42,8
Bitcoin difficulty adjustment in 337 days,neutral,2024-03-14 15:00:00,futures_guy,41,6
Bitcoin transaction fees are 6.4 dollars today,neutral,2024-03-14 15:27:00,satoshi_fan,46,7
Bitcoin mining difficulty increased by 15%,neutral,2024-03-14 15:33:00,boomer_hodler,42,6
Bitcoin node count increased to 4553,neutral,2024-03-14 16:33:00,wallet_dev,36,6
Realized profit loss ratio: 1.49,neutral,2024-03-14 20:04:00,bitcoin_standard,32,5
Bitcoin node count increased to 8696,neutral,2024-03-14 21:16:00,node_runner,36,6
NVT ratio currently: 61.74,neutral,2024-03-14 23:04:00,hard_money,26,4
Bitcoin accepted at 17114 merchants worldwide,positive,2024-03-15 01:09:00,deflation_lover,45,6
Bitcoin market cap is 544 billion dollars,neutral,2024-03-15 03:06:00,on_chain_guy,41,7
Bitcoin exchange reserves: 57264 BTC,neutral,2024-03-15 06:32:00,cold_storage,36,5
Bitcoin trading volume: $36213M today,neutral,2024-03-15 08:27:00,non_custodial,37,5
Bitcoin Puell Multiple reading: 85.38,neutral,2024-03-15 12:16:00,hard_money,37,5
Bitcoin blockchain size reached 286 GB,neutral,2024-03-15 12:55:00,bull_trader,38,6
Lightning Network channels: 43855 active,neutral,2024-03-15 18:17:00,multisig_user,40,5
Bitcoin exchange reserves: 1947 BTC,neutral,2024-03-15 19:52:00,bitcoin_knots,35,5
Total Bitcoin addresses with balance: 43543 million,neutral,2024-03-15 21:02:00,scalper_pro,51,7
Current Bitcoin mempool has 34652k transactions,neutral,2024-03-16 00:59:00,privacy_advocate,47,6
Bitcoin blockchain size reached 158 GB,neutral,2024-03-16 03:19:00,gpu_miner,38,6
Bitcoin fear and greed index: 74.98,neutral,2024-03-16 07:36:00,on_chain_guy,35,6
Bitcoin mining difficulty increased by 32%,neutral,2024-03-16 09:12:00,institutional_buyer,42,6
Coinbase premium: 37% currently,neutral,2024-03-16 13:24:00,lightning_dev,31,4
Bitcoin market cap is 1062 billion dollars,neutral,2024-03-16 14:53:00,trader_joe,42,7
Coins moved on-chain: 99813 BTC,neutral,2024-03-16 16:24:00,swing_trader,31,5
Daily Bitcoin transactions averaging 9642k,neutral,2024-03-16 18:09:00,crypto_skeptic,42,5
Bitcoin accepted at 9465 merchants worldwide,positive,2024-03-16 18:48:00,bull_trader,44,6
Total Bitcoin addresses with balance: 3782 million,neutral,2024-03-16 22:42:00,bitcoin_core,50,7
Bitcoin halving countdown: 247 days remaining,neutral,2024-03-16 23:41:00,trader_joe,45,6
Current block height is 819095,neutral,2024-03-17 02:03:00,yield_farmer,30,5
Bitcoin halving countdown: 1042 days remaining,neutral,2024-03-17 08:09:00,mining_pro,46,6
Lightning Network channels: 13547 active,neutral,2024-03-17 11:33:00,market_maker,40,5
Network fees collected: 52936 BTC today,neutral,2024-03-17 15:31:00,lightning_dev,39,6
Bitcoin transaction fees are 9.6 dollars today,neutral,2024-03-17 18:27:00,early_adopter,46,7
Bitcoin UTXO set size reached 33628 million,neutral,2024-03-17 19:19:00,mining_pro,43,7
NVT ratio currently: 42.62,neutral,2024-03-17 21:06:00,crypto_coach,26,4
Bitcoin hashrate: 571 EH/s currently,neutral,2024-03-17 22:04:00,protocol_dev,36,5
Unconfirmed transactions: 27488 in mempool,neutral,2024-03-17 23:02:00,hash_power,42,5
Lightning Network capacity at 99988 BTC,neutral,2024-03-18 02:15:00,bitcoin_core,39,6
Bitcoin stock to flow ratio: 1.24,neutral,2024-03-18 03:42:00,maximalist_tom,33,6
Bitcoin halving countdown: 605 days remaining,neutral,2024-03-18 06:48:00,wallet_dev,45,6
NVT ratio currently: 54.54,neutral,2024-03-18 08:59:00,kyc_hater,26,4
Mempool size: 300 MB currently,neutral,2024-03-18 12:57:00,bitcoin_dev,30,5
Bitcoin market cap is 847 billion dollars,neutral,2024-03-18 16:05:00,wallet_dev,41,7
Lightning Network channels: 10210 active,neutral,2024-03-18 21:47:00,unit_of_account,40,5
Bitcoin difficulty adjustment in 586 days,neutral,2024-03-18 22:25:00,brain_wallet,41,6
This bull run will be epic! Bitcoin to 67k,positive,2024-03-19 00:44:00,whale_watcher,42,9
Bitcoin difficulty adjustment in 574 days,neutral,2024-03-19 05:14:00,pseudonymous_dev,41,6
Bitcoin taproot upgrade activated 6 years ago,neutral,2024-03-19 06:20:00,arbitrage_king,45,7
Miner revenue today: $50 million,neutral,2024-03-19 07:09:00,hard_money,32,5
Bitcoin fear and greed index: 83.59,neutral,2024-03-19 07:56:00,yield_farmer,35,6
Bitcoin Puell Multiple reading: 29.34,neutral,2024-03-19 08:49:00,validator_node,37,5
Coinbase premium: 20% currently,neutral,2024-03-19 10:01:00,difficulty_watcher,31,4
Coins moved on-chain: 64105 BTC,neutral,2024-03-19 11:04:00,hard_money,31,5
Active Bitcoin addresses: 43376 million,neutral,2024-03-19 12:59:00,institutional_buyer,39,5
Active Bitcoin addresses: 39890 million,neutral,2024-03-19 13:08:00,store_of_value,39,5
Bitcoin taproot upgrade activated 4 years ago,neutral,2024-03-19 16:02:00,digital_gold,45,7
Bitcoin dominance currently at 22%,neutral,2024-03-19 16:44:00,base_layer,34,5
Bitcoin market cap is 456 billion dollars,neutral,2024-03-19 19:54:00,bitcoin_core,41,7
Coins moved on-chain: 92034 BTC,neutral,2024-03-19 22:12:00,custodial_service,31,5
Bitcoin blockchain size reached 223 GB,neutral,2024-03-19 23:07:00,hardware_wallet,38,6
Average Bitcoin transaction size is 209 bytes,neutral,2024-03-20 05:09:00,day_trader,45,7
Bitcoin hashrate: 326 EH/s currently,neutral,2024-03-20 05:13:00,liquidity_provider,36,5
Bitcoin dominance currently at 50%,neutral,2024-03-20 06:23:00,validator_node,34,5
Coinbase premium: 10% currently,neutral,2024-03-20 06:43:00,custodial_service,31,4
Lightning Network channels: 5406 active,neutral,2024-03-20 09:07:00,layer_two,39,5
Bitcoin average block size is 211 MB today,neutral,2024-03-20 09:52:00,solo_miner,42,8
Current Bitcoin mempool has 11858k transactions,neutral,2024-03-20 10:08:00,fiat_escapist,47,6
Bitcoin price consolidating around 97k,neutral,2024-03-20 17:45:00,non_custodial,38,5
Bitcoin fear and greed index: 54.65,neutral,2024-03-20 21:28:00,lightning_wallet,35,6
Bitcoin trading volume: $28306M today,neutral,2024-03-21 00:04:00,singlesig_simple,37,5
Current block height is 804128,neutral,2024-03-21 02:03:00,gpu_miner,30,5
Unconfirmed transactions: 36597 in mempool,neutral,2024-03-21 03:12:00,hash_power,42,5
Mempool size: 143 MB currently,neutral,2024-03-21 06:18:00,futures_guy,30,5
Bitcoin halving countdown: 604 days remaining,neutral,2024-03-21 07:48:00,protocol_dev,45,6
Bitcoin node count increased to 16096,neutral,2024-03-21 10:08:00,bull_trader,37,6
Bitcoin exchange reserves: 74394 BTC,neutral,2024-03-21 13:55:00,mining_pool,36,5
HODL waves showing 37% held over 1 year,neutral,2024-03-21 14:59:00,bear_market_bob,39,8
Average Bitcoin fee per transaction: 1.3 dollars,neutral,2024-03-21 22:55:00,financial_freedom,48,7
Bitcoin halving countdown: 486 days remaining,neutral,2024-03-22 01:42:00,asic_farmer,45,6
NVT ratio currently: 49.22,neutral,2024-03-22 05:05:00,multisig_user,26,4
Bitcoin node count increased to 23196,neutral,2024-03-22 10:46:00,wallet_dev,37,6
Network fees collected: 40847 BTC today,neutral,2024-03-22 11:30:00,node_runner,39,6
Current Bitcoin mempool has 8013k transactions,neutral,2024-03-22 12:10:00,exchange_dev,46,6
Bitcoin realized cap: $43015 billion,neutral,2024-03-22 12:40:00,hard_money,36,5
Bitcoin market cap is 1082 billion dollars,neutral,2024-03-22 13:15:00,scalper_pro,42,7
Bitcoin halving countdown: 165 days remaining,neutral,2024-03-22 13:48:00,layer_two,45,6
Bitcoin at 57k. Same as yesterday,neutral,2024-03-22 17:42:00,node_runner,33,6
Realized profit loss ratio: 0.7,neutral,2024-03-22 22:16:00,dao_member,31,5
Bitcoin average block size is 251 MB today,neutral,2024-03-22 22:20:00,btc_analyst,42,8
NVT ratio currently: 20.37,neutral,2024-03-23 02:56:00,wallet_dev,26,4
Average Bitcoin transaction size is 222 bytes,neutral,2024-03-23 04:15:00,anon_trader,45,7
Coinbase premium: 13% currently,neutral,2024-03-23 04:51:00,protocol_dev,31,4
Network fees collected: 52973 BTC today,neutral,2024-03-23 05:12:00,solo_miner,39,6
Bitcoin accepted at 47249 merchants worldwide,positive,2024-03-23 12:36:00,hash_power,45,6
Network fees collected: 59314 BTC today,neutral,2024-03-23 14:08:00,payment_network,39,6
Bitcoin mining difficulty at 88 trillion,neutral,2024-03-23 18:08:00,lightning_dev,40,6
Bitcoin node count increased to 47932,neutral,2024-03-23 21:32:00,lightning_node,37,6
Coins moved on-chain: 46392 BTC,neutral,2024-03-23 22:25:00,security_first,31,5
Bitcoin mining difficulty increased by 2%,neutral,2024-03-23 22:54:00,crypto_skeptic,41,6
Realized profit loss ratio: 0.71,neutral,2024-03-24 00:29:00,hardware_wallet,32,5
Bitcoin at 74k. Same as yesterday,neutral,2024-03-24 02:22:00,whale_watcher,33,6
Bitcoin transaction fees are 0.9 dollars today,neutral,2024-03-24 03:03:00,privacy_maxi,46,7
Coins moved on-chain: 16624 BTC,neutral,2024-03-24 05:48:00,halving_counter,31,5
Bitcoin hashrate: 345 EH/s currently,neutral,2024-03-24 10:30:00,open_source,36,5
Bitcoin halving countdown: 276 days remaining,neutral,2024-03-24 11:36:00,anon_trader,45,6
Network difficulty retarget in 65 hours,neutral,2024-03-24 11:42:00,boomer_hodler,39,6
Bitcoin average block size is 254 MB today,neutral,2024-03-24 12:27:00,dao_member,42,8
Bitcoin exchange reserves: 25803 BTC,neutral,2024-03-24 14:47:00,sats_stacker,36,5
HODL waves showing 17% held over 1 year,neutral,2024-03-24 16:32:00,trader_joe,39,8
Bitcoin price consolidating around 45k,neutral,2024-03-24 16:45:00,privacy_maxi,38,5
Bitcoin velocity indicator at 18.47,neutral,2024-03-24 17:15:00,swing_trader,35,5
Bitcoin Core version 25.0 released yesterday,neutral,2024-03-24 18:23:00,hash_power,44,6
Current Bitcoin mempool has 36405k transactions,neutral,2024-03-24 18:36:00,alternative_client,47,6
Miner revenue today: $36 million,neutral,2024-03-24 19:39:00,defi_explorer,32,5
Bitcoin average block size is 131 MB today,neutral,2024-03-24 21:48:00,sats_stacker,42,8
Bitcoin velocity indicator at 14.64,neutral,2024-03-24 22:07:00,scalper_pro,35,5
Bitcoin stock to flow ratio: 1.91,neutral,2024-03-24 23:52:00,crypto_coach,33,6
Bitcoin trading volume: $28681M today,neutral,2024-03-25 00:50:00,gen_z_crypto,37,5
Miner revenue today: $26 million,neutral,2024-03-25 03:05:00,solo_miner,32,5
Network fees collected: 93853 BTC today,neutral,2024-03-25 09:05:00,sound_money,39,6
Bitcoin dominance currently at 29%,neutral,2024-03-25 10:31:00,futures_guy,34,5
Bitcoin halving countdown: 1201 days remaining,neutral,2024-03-25 10:56:00,sats_stacker,46,6
Bitcoin mining difficulty at 83 trillion,neutral,2024-03-25 12:03:00,alternative_client,40,6
NVT ratio currently: 10.46,neutral,2024-03-25 15:55:00,hard_money,26,4
Bitcoin nodes distributed across 149 countries,neutral,2024-03-25 22:29:00,gold_bug_btc,46,6
Bitcoin dominance currently at 39%,neutral,2024-03-25 23:07:00,on_chain_guy,34,5
Bitcoin fear and greed index: 25.22,neutral,2024-03-26 01:36:00,hash_power,35,6
Unconfirmed transactions: 18904 in mempool,neutral,2024-03-26 05:46:00,alternative_client,42,5
Bitcoin trading volume: $46568M today,neutral,2024-03-26 06:18:00,dca_investor,37,5
Best decision ever was buying Bitcoin in 2021,positive,2024-03-26 06:39:00,protocol_dev,45,8
Active Bitcoin addresses: 43096 million,neutral,2024-03-26 09:26:00,dca_investor,39,5
Bitcoin transaction fees are 2.1 dollars today,neutral,2024-03-26 10:56:00,base_layer,46,7
Bitcoin fear and greed index: 61.69,neutral,2024-03-26 11:04:00,bull_trader,35,6
Bitcoin at 44k. Same as yesterday,neutral,2024-03-26 11:43:00,node_runner,33,6
Bitcoin halving countdown: 554 days remaining,neutral,2024-03-26 12:46:00,silver_to_btc,45,6
Bitcoin transaction fees are 5.9 dollars today,neutral,2024-03-26 14:28:00,crypto_news,46,7
Daily Bitcoin transactions averaging 20582k,neutral,2024-03-26 15:28:00,mining_dev,43,5
Lightning Network channels: 5025 active,neutral,2024-03-26 19:56:00,millennial_investor,39,5
Lightning Network capacity at 35999 BTC,neutral,2024-03-26 22:55:00,satoshi_fan,39,6
Unconfirmed transactions: 30212 in mempool,neutral,2024-03-26 23:48:00,lightning_fan,42,5
Bitcoin halving countdown: 553 days remaining,neutral,2024-03-27 01:39:00,solo_miner,45,6
Unconfirmed transactions: 33905 in mempool,neutral,2024-03-27 02:15:00,silver_to_btc,42,5
Bitcoin mining difficulty increased by 24%,neutral,2024-03-27 02:38:00,day_trader,42,6
Coins moved on-chain: 37696 BTC,neutral,2024-03-27 05:02:00,mempool_observer,31,5
Bitcoin segwit adoption rate is 49 percent,neutral,2024-03-27 07:05:00,defi_explorer,42,7
Bitcoin taproot upgrade activated 7 years ago,neutral,2024-03-27 07:20:00,medium_of_exchange,45,7
Average Bitcoin transaction size is 240 bytes,neutral,2024-03-27 09:01:00,settlement_layer,45,7
This bull run will be epic! Bitcoin to 39k,positive,2024-03-27 09:12:00,bitcoin_teacher,42,9
Bitcoin stock to flow ratio: 1.82,neutral,2024-03-27 12:37:00,privacy_advocate,33,6
Bitcoin inflation rate: 45% annually,neutral,2024-03-27 15:55:00,fiat_escapist,36,5
Miner revenue today: $20 million,neutral,2024-03-28 01:22:00,brain_wallet,32,5
Bitcoin UTXO set size reached 6026 million,neutral,2024-03-28 01:36:00,store_of_value,42,7
Bitcoin fear and greed index: 82.9,neutral,2024-03-28 08:15:00,spot_trader,34,6
Unconfirmed transactions: 49165 in mempool,neutral,2024-03-28 11:31:00,crypto_bull,42,5
Bitcoin blockchain size reached 273 GB,neutral,2024-03-28 12:14:00,gen_z_crypto,38,6
Bitcoin stock to flow ratio: 1.23,neutral,2024-03-28 13:45:00,lightning_dev,33,6
Bitcoin hashrate: 514 EH/s currently,neutral,2024-03-28 15:31:00,early_adopter,36,5
Active Bitcoin addresses: 1083 million,neutral,2024-03-28 18:32:00,halving_counter,38,5
Bitcoin average block size is 128 MB today,neutral,2024-03-28 20:05:00,pseudonymous_dev,42,8
Realized profit loss ratio: 1.56,neutral,2024-03-28 20:51:00,crypto_news,32,5
Miner revenue today: $40 million,neutral,2024-03-28 23:43:00,financial_freedom,32,5
Bitcoin price consolidating around 36k,neutral,2024-03-29 03:28:00,paper_wallet,38,5
Bitcoin halving countdown: 116 days remaining,neutral,2024-03-29 05:39:00,difficulty_watcher,45,6
Bitcoin accepted at 34506 merchants worldwide,positive,2024-03-29 07:57:00,btc_unlimited,45,6
Daily Bitcoin transactions averaging 5991k,neutral,2024-03-29 11:09:00,bitcoin_knots,42,5
Bitcoin halving countdown: 755 days remaining,neutral,2024-03-29 14:33:00,hard_money,45,6
Bitcoin accepted at 23285 merchants worldwide,positive,2024-03-29 15:13:00,non_custodial,45,6
Total Bitcoin addresses with balance: 33437 million,neutral,2024-03-29 15:22:00,privacy_maxi,51,7
Bitcoin average block size is 120 MB today,neutral,2024-03-29 17:34:00,mempool_observer,42,8
Daily Bitcoin transactions averaging 35523k,neutral,2024-03-29 17:45:00,hodler_mike,43,5
Realized profit loss ratio: 1.38,neutral,2024-03-29 19:25:00,satoshi_fan,32,5
Living on Bitcoin for 7 years now. Amazing,positive,2024-03-29 20:15:00,trader_joe,42,8
Bitcoin price consolidating around 46k,neutral,2024-03-29 20:36:00,swing_trader,38,5
Network fees collected: 89578 BTC today,neutral,2024-03-29 22:48:00,spot_trader,39,6
Bitcoin inflation rate: 6% annually,neutral,2024-03-30 02:12:00,spot_trader,35,5
Daily Bitcoin transactions averaging 23388k,neutral,2024-03-30 03:24:00,full_node_operator,43,5
Bitcoin fear and greed index: 96.6,neutral,2024-03-30 08:14:00,mempool_observer,34,6
Bitcoin segwit adoption rate is 36 percent,neutral,2024-03-30 09:28:00,multisig_user,42,7
Bitcoin node count increased to 7675,neutral,2024-03-30 10:10:00,keynesian_critic,36,6
Coins moved on-chain: 81706 BTC,neutral,2024-03-30 12:27:00,dao_member,31,5
Bitcoin halving countdown: 799 days remaining,neutral,2024-03-30 13:27:00,hash_power,45,6
Bitcoin mining difficulty at 54 trillion,neutral,2024-03-30 16:20:00,protocol_dev,40,6
Lightning Network capacity at 57021 BTC,neutral,2024-03-30 17:57:00,silver_to_btc,39,6
Current Bitcoin mempool has 21122k transactions,neutral,2024-03-30 18:57:00,fiat_escapist,47,6
Bitcoin exchange reserves: 46149 BTC,neutral,2024-03-30 20:16:00,defi_explorer,36,5
Active Bitcoin addresses: 17473 million,neutral,2024-03-30 22:18:00,swing_trader,39,5
This bull run will be epic! Bitcoin to 58k,positive,2024-03-30 22:34:00,unit_of_account,42,9
Bitcoin blockchain size reached 152 GB,neutral,2024-03-31 05:41:00,spot_trader,38,6
Active Bitcoin addresses: 2769 million,neutral,2024-03-31 10:55:00,deflation_lover,38,5
NVT ratio currently: 39.21,neutral,2024-03-31 11:12:00,exchange_dev,26,4
Bitcoin mining difficulty at 73 trillion,neutral,2024-03-31 17:12:00,halving_counter,40,6
Bitcoin velocity indicator at 46.69,neutral,2024-03-31 18:22:00,mining_pro,35,5
Bitcoin realized cap: $23457 billion,neutral,2024-03-31 19:19:00,institutional_buyer,36,5
Total Bitcoin addresses with balance: 31960 million,neutral,2024-03-31 21:49:00,futures_guy,51,7
Bitcoin Puell Multiple reading: 23.33,neutral,2024-03-31 23:52:00,open_source,37,5
Network difficulty retarget in 197 hours,neutral,2024-04-01 03:22:00,financial_freedom,40,6
Coins moved on-chain: 42861 BTC,neutral,2024-04-01 07:05:00,btc_unlimited,31,5
Current Bitcoin mempool has 37186k transactions,neutral,2024-04-01 12:07:00,austrian_economist,47,6
Bitcoin trading volume: $34628M today,neutral,2024-04-01 14:36:00,bitcoin_teacher,37,5
Daily Bitcoin transactions averaging 46542k,neutral,2024-04-02 00:38:00,exchange_dev,43,5
Bitcoin velocity indicator at 46.25,neutral,2024-04-02 01:46:00,whale_watcher,35,5
This bull run will be epic! Bitcoin to 79k,positive,2024-04-02 05:57:00,crypto_bull,42,9
Bitcoin price consolidating around 95k,neutral,2024-04-02 06:41:00,lightning_dev,38,5
Bitcoin market cap is 1050 billion dollars,neutral,2024-04-02 10:12:00,fiat_escapist,42,7
Bitcoin mining difficulty increased by 8%,neutral,2024-04-02 14:04:00,futures_guy,41,6
Bitcoin fear and greed index: 76.21,neutral,2024-04-02 15:03:00,financial_freedom,35,6
Bitcoin UTXO set size reached 31479 million,neutral,2024-04-02 15:27:00,nft_collector,43,7
Current block height is 811572,neutral,2024-04-02 17:33:00,payment_network,30,5
Coinbase premium: 6% currently,neutral,2024-04-02 19:40:00,bitcoin_teacher,30,4
This bull run will be epic! Bitcoin to 55k,positive,2024-04-02 20:06:00,market_maker,42,9
Bitcoin node count increased to 3762,neutral,2024-04-02 22:15:00,btc_analyst,36,6
Bitcoin fear and greed index: 60.23,neutral,2024-04-02 23:25:00,store_of_value,35,6
Average Bitcoin transaction size is 107 bytes,neutral,2024-04-03 01:29:00,trader_joe,45,7
Bitcoin difficulty adjustment in 728 days,neutral,2024-04-03 04:05:00,financial_freedom,41,6
Total Bitcoin addresses with balance: 26369 million,neutral,2024-04-03 04:44:00,early_adopter,51,7
Bitcoin blockchain size reached 111 GB,neutral,2024-04-03 05:49:00,satoshi_fan,38,6
Bitcoin difficulty adjustment in 1106 days,neutral,2024-04-03 12:42:00,lightning_wallet,42,6
Bitcoin mining difficulty at 72 trillion,neutral,2024-04-03 13:28:00,kyc_hater,40,6
Bitcoin realized cap: $98662 billion,neutral,2024-04-03 17:34:00,millennial_investor,36,5
Bitcoin segwit adoption rate is 17 percent,neutral,2024-04-03 20:58:00,paper_wallet,42,7
Bitcoin dominance currently at 10%,neutral,2024-04-03 22:23:00,gen_z_crypto,34,5
NVT ratio currently: 45.13,neutral,2024-04-03 22:56:00,mining_pro,26,4
Bitcoin price consolidating around 88k,neutral,2024-04-04 01:12:00,inflation_hedge,38,5
Unconfirmed transactions: 30741 in mempool,neutral,2024-04-04 09:48:00,bull_trader,42,5
Network difficulty retarget in 97 hours,neutral,2024-04-04 12:33:00,paper_wallet,39,6
Bitcoin Puell Multiple reading: 23.84,neutral,2024-04-04 18:33:00,anon_trader,37,5
Bitcoin stock to flow ratio: 1.77,neutral,2024-04-04 20:43:00,open_source,33,6
Average Bitcoin fee per transaction: 1.9 dollars,neutral,2024-04-05 00:11:00,asic_farmer,48,7
Bitcoin exchange reserves: 94160 BTC,neutral,2024-04-05 00:18:00,digital_gold,36,5
Bitcoin mining difficulty at 74 trillion,neutral,2024-04-05 03:18:00,payment_network,40,6
Bitcoin fear and greed index: 17.72,neutral,2024-04-05 04:26:00,on_chain_guy,35,6
Bitcoin velocity indicator at 36.03,neutral,2024-04-05 06:15:00,security_first,35,5
Bitcoin market cap is 578 billion dollars,neutral,2024-04-05 06:25:00,store_of_value,41,7
Realized profit loss ratio: 0.72,neutral,2024-04-05 12:25:00,dca_investor,32,5
Coinbase premium: 1% currently,neutral,2024-04-05 15:57:00,sound_money,30,4
Bitcoin trading volume: $42292M today,neutral,2024-04-05 16:32:00,bitcoin_teacher,37,5
Bitcoin difficulty adjustment in 289 days,neutral,2024-04-05 17:36:00,node_runner,41,6
Bitcoin stock to flow ratio: 0.51,neutral,2024-04-05 23:03:00,keynesian_critic,33,6
Bitcoin accepted at 35791 merchants worldwide,positive,2024-04-06 00:51:00,millennial_investor,45,6
Network difficulty retarget in 160 hours,neutral,2024-04-06 01:06:00,deflation_lover,40,6
Bitcoin UTXO set size reached 35326 million,neutral,2024-04-06 01:41:00,swing_trader,43,7
Lightning Network channels: 30627 active,neutral,2024-04-06 05:29:00,scalper_pro,40,5
Bitcoin dominance currently at 47%,neutral,2024-04-06 06:40:00,gen_z_crypto,34,5
Daily Bitcoin transactions averaging 44159k,neutral,2024-04-06 07:11:00,hodler_mike,43,5
Bitcoin difficulty adjustment in 627 days,neutral,2024-04-06 10:10:00,halving_counter,41,6
Network difficulty retarget in 249 hours,neutral,2024-04-06 16:34:00,payment_network,40,6
Bitcoin price consolidating around 37k,neutral,2024-04-06 18:33:00,kyc_hater,38,5
Bitcoin nodes distributed across 144 countries,neutral,2024-04-06 19:02:00,yield_farmer,46,6
Bitcoin fear and greed index: 15.91,neutral,2024-04-06 22:22:00,hard_money,35,6
Bitcoin nodes distributed across 126 countries,neutral,2024-04-07 01:51:00,sound_money,46,6
Network difficulty retarget in 35 hours,neutral,2024-04-07 07:00:00,defi_explorer,39,6
Current block height is 811724,neutral,2024-04-07 09:36:00,multisig_user,30,5
Bitcoin stock to flow ratio: 1.74,neutral,2024-04-07 10:31:00,deflation_lover,33,6
Bitcoin taproot upgrade activated 3 years ago,neutral,2024-04-07 16:23:00,payment_network,45,7
Bitcoin realized cap: $54916 billion,neutral,2024-04-07 16:27:00,mempool_observer,36,5
Bitcoin at 89k. Same as yesterday,neutral,2024-04-07 17:28:00,dao_member,33,6
Bitcoin mining difficulty at 53 trillion,neutral,2024-04-07 21:29:00,asic_farmer,40,6
Active Bitcoin addresses: 44947 million,neutral,2024-04-07 23:27:00,yield_farmer,39,5
Bitcoin inflation rate: 41% annually,neutral,2024-04-08 01:20:00,exchange_dev,36,5
Bitcoin market cap is 1041 billion dollars,neutral,2024-04-08 01:45:00,position_trader,42,7
Bitcoin segwit adoption rate is 39 percent,neutral,2024-04-08 04:49:00,technical_trader,42,7
Mempool size: 256 MB currently,neutral,2024-04-08 06:21:00,singlesig_simple,30,5
Total Bitcoin addresses with balance: 12362 million,neutral,2024-04-08 09:37:00,lightning_dev,51,7
Current Bitcoin mempool has 28487k transactions,neutral,2024-04-08 20:14:00,maximalist_tom,47,6
NVT ratio currently: 47.04,neutral,2024-04-08 22:34:00,store_of_value,26,4
Bitcoin accepted at 2241 merchants worldwide,positive,2024-04-08 23:10:00,bull_trader,44,6
Lightning Network capacity at 92053 BTC,neutral,2024-04-09 02:15:00,maximalist_tom,39,6
Bitcoin difficulty adjustment in 1317 days,neutral,2024-04-09 03:31:00,full_node_operator,42,6
Bitcoin hashrate: 312 EH/s currently,neutral,2024-04-09 05:06:00,mining_pool,36,5
Bitcoin average block size is 279 MB today,neutral,2024-04-09 06:36:00,arbitrage_king,42,8
Bitcoin trading volume: $43192M today,neutral,2024-04-09 08:50:00,multisig_user,37,5
Bitcoin UTXO set size reached 1416 million,neutral,2024-04-09 11:26:00,btc_analyst,42,7
Bitcoin Puell Multiple reading: 35.62,neutral,2024-04-09 12:01:00,wallet_dev,37,5
Bitcoin stock to flow ratio: 0.76,neutral,2024-04-09 13:15:00,hardware_wallet,33,6
Bitcoin Puell Multiple reading: 7.36,neutral,2024-04-09 13:47:00,lightning_wallet,36,5
Coinbase premium: 30% currently,neutral,2024-04-09 19:26:00,singlesig_simple,31,4
Current block height is 811216,neutral,2024-04-09 21:33:00,options_trader,30,5
Current Bitcoin mempool has 5868k transactions,neutral,2024-04-10 01:22:00,privacy_advocate,46,6
Bitcoin accepted at 40609 merchants worldwide,positive,2024-04-10 01:41:00,gen_z_crypto,45,6
Bitcoin velocity indicator at 64.74,neutral,2024-04-10 04:10:00,gen_z_crypto,35,5
Miner revenue today: $46 million,neutral,2024-04-10 06:01:00,retail_investor,32,5
Coins moved on-chain: 24354 BTC,neutral,2024-04-10 11:02:00,btc_analyst,31,5
Bitcoin realized cap: $80790 billion,neutral,2024-04-10 11:29:00,privacy_maxi,36,5
Mempool size: 92 MB currently,neutral,2024-04-10 12:21:00,nft_collector,29,5
Bitcoin UTXO set size reached 8997 million,neutral,2024-04-10 12:23:00,keynesian_critic,42,7
Lightning Network channels: 7114 active,neutral,2024-04-10 16:30:00,open_source,39,5
Miner revenue today: $38 million,neutral,2024-04-11 08:53:00,custodial_service,32,5
Bitcoin hashrate: 517 EH/s currently,neutral,2024-04-11 09:46:00,base_layer,36,5
Current block height is 813605,neutral,2024-04-11 10:03:00,crypto_skeptic,30,5
Mempool size: 104 MB currently,neutral,2024-04-11 10:41:00,market_maker,30,5
Bitcoin Puell Multiple reading: 11.36,neutral,2024-04-11 10:52:00,dca_investor,37,5
Unconfirmed transactions: 2242 in mempool,neutral,2024-04-11 12:41:00,silver_to_btc,41,5
Mempool size: 57 MB currently,neutral,2024-04-11 14:28:00,dca_investor,29,5
Total Bitcoin addresses with balance: 46665 million,neutral,2024-04-11 20:54:00,satoshi_fan,51,7
Current Bitcoin mempool has 6052k transactions,neutral,2024-04-11 21:42:00,full_node_operator,46,6
Bitcoin Puell Multiple reading: 85.92,neutral,2024-04-12 03:40:00,privacy_advocate,37,5
HODL waves showing 48% held over 1 year,neutral,2024-04-12 05:07:00,satoshi_fan,39,8
Bitcoin Puell Multiple reading: 43.04,neutral,2024-04-12 12:37:00,layer_two,37,5
Bitcoin trading volume: $10733M today,neutral,2024-04-12 13:35:00,gpu_miner,37,5
Bitcoin price consolidating around 76k,neutral,2024-04-12 15:50:00,lightning_fan,38,5
Current Bitcoin mempool has 38740k transactions,neutral,2024-04-12 16:03:00,crypto_news,47,6
Bitcoin inflation rate: 24% annually,neutral,2024-04-12 20:36:00,boomer_hodler,36,5
Active Bitcoin addresses: 47225 million,neutral,2024-04-12 21:34:00,full_node_operator,39,5
Average Bitcoin transaction size is 79 bytes,neutral,2024-04-13 03:04:00,financial_freedom,44,7
Bitcoin stock to flow ratio: 1.56,neutral,2024-04-13 04:15:00,bitcoin_core,33,6
Daily Bitcoin transactions averaging 17933k,neutral,2024-04-13 08:59:00,retail_investor,43,5
Bitcoin stock to flow ratio: 1.47,neutral,2024-04-13 14:36:00,bitcoin_core,33,6
Bitcoin node count increased to 15589,neutral,2024-04-13 16:45:00,payment_network,37,6
Bitcoin halving countdown: 413 days remaining,neutral,2024-04-13 16:48:00,anon_trader,45,6
Bitcoin stock to flow ratio: 1.39,neutral,2024-04-13 17:57:00,difficulty_watcher,33,6
Bitcoin exchange reserves: 97783 BTC,neutral,2024-04-13 23:24:00,inflation_hedge,36,5
Bitcoin mining difficulty increased by 29%,neutral,2024-04-13 23:49:00,payment_network,42,6
Bitcoin mining difficulty increased by 39%,neutral,2024-04-14 00:06:00,multisig_user,42,6
Bitcoin Puell Multiple reading: 47.99,neutral,2024-04-14 00:49:00,sats_stacker,37,5
Daily Bitcoin transactions averaging 37931k,neutral,2024-04-14 04:50:00,institutional_buyer,43,5
Bitcoin hashrate: 577 EH/s currently,neutral,2024-04-14 10:02:00,mining_pool,36,5
Bitcoin nodes distributed across 100 countries,neutral,2024-04-14 11:37:00,security_first,46,6
Bitcoin at 91k. Same as yesterday,neutral,2024-04-14 15:55:00,bitcoin_standard,33,6
Bitcoin nodes distributed across 99 countries,neutral,2024-04-14 17:23:00,dao_member,45,6
Lightning Network channels: 43936 active,neutral,2024-04-14 18:59:00,btc_unlimited,40,5
NVT ratio currently: 46.25,neutral,2024-04-14 23:01:00,gpu_miner,26,4
Bitcoin at 55k. Same as yesterday,neutral,2024-04-14 23:38:00,solo_miner,33,6
Bitcoin Core version 24.1 released yesterday,neutral,2024-04-15 00:06:00,crypto_coach,44,6
Lightning Network capacity at 11624 BTC,neutral,2024-04-15 07:43:00,fiat_escapist,39,6
Bitcoin accepted at 27570 merchants worldwide,positive,2024-04-15 08:05:00,sats_stacker,45,6
Bitcoin Puell Multiple reading: 45.55,neutral,2024-04-15 08:44:00,austrian_economist,37,5
Mempool size: 182 MB currently,neutral,2024-04-15 10:01:00,payment_network,30,5
Average Bitcoin transaction size is 112 bytes,neutral,2024-04-15 19:23:00,swing_trader,45,7
Unconfirmed transactions: 34583 in mempool,neutral,2024-04-15 21:12:00,early_adopter,42,5
Bitcoin price consolidating around 78k,neutral,2024-04-15 21:42:00,keynesian_critic,38,5
HODL waves showing 47% held over 1 year,neutral,2024-04-15 21:46:00,protocol_dev,39,8
Bitcoin halving countdown: 1282 days remaining,neutral,2024-04-15 22:55:00,crypto_coach,46,6
Bitcoin velocity indicator at 22.3,neutral,2024-04-15 23:45:00,whale_watcher,34,5
Daily Bitcoin transactions averaging 4638k,neutral,2024-04-16 03:37:00,exchange_dev,42,5
Network difficulty retarget in 145 hours,neutral,2024-04-16 10:02:00,asic_farmer,40,6
Bitcoin node count increased to 29768,neutral,2024-04-16 10:23:00,maximalist_tom,37,6
Coinbase premium: 24% currently,neutral,2024-04-16 12:24:00,protocol_dev,31,4
Average Bitcoin transaction size is 224 bytes,neutral,2024-04-16 13:57:00,digital_gold,45,7
Bitcoin difficulty adjustment in 125 days,neutral,2024-04-16 16:12:00,bitcoin_teacher,41,6
Bitcoin blockchain size reached 219 GB,neutral,2024-04-16 22:22:00,fiat_escapist,38,6
Bitcoin segwit adoption rate is 29 percent,neutral,2024-04-16 23:05:00,protocol_dev,42,7
Network fees collected: 35673 BTC today,neutral,2024-04-17 00:24:00,brain_wallet,39,6
Bitcoin exchange reserves: 60796 BTC,neutral,2024-04-17 02:15:00,full_node_operator,36,5
Bitcoin Puell Multiple reading: 54.32,neutral,2024-04-17 03:44:00,sound_money,37,5
Coins moved on-chain: 41145 BTC,neutral,2024-04-17 05:40:00,security_first,31,5
Current Bitcoin mempool has 32373k transactions,neutral,2024-04-17 11:27:00,exchange_dev,47,6
Bitcoin difficulty adjustment in 19 days,neutral,2024-04-17 12:08:00,nft_collector,40,6
Bitcoin dominance currently at 32%,neutral,2024-04-17 13:10:00,sats_stacker,34,5
Bitcoin at 96k. Same as yesterday,neutral,2024-04-17 21:06:00,asic_farmer,33,6
Average Bitcoin fee per transaction: 4.4 dollars,neutral,2024-04-17 23:22:00,anon_trader,48,7
Bitcoin nodes distributed across 132 countries,neutral,2024-04-18 03:17:00,crypto_skeptic,46,6
Bitcoin halving countdown: 1096 days remaining,neutral,2024-04-18 07:56:00,lightning_wallet,46,6
Bitcoin average block size is 227 MB today,neutral,2024-04-18 08:42:00,retired_early,42,8
Unconfirmed transactions: 44190 in mempool,neutral,2024-04-18 13:11:00,btc_unlimited,42,5
Bitcoin realized cap: $41390 billion,neutral,2024-04-18 13:26:00,layer_two,36,5
HODL waves showing 3% held over 1 year,neutral,2024-04-18 14:31:00,retired_early,38,8
Bitcoin blockchain size reached 272 GB,neutral,2024-04-18 15:12:00,bull_trader,38,6
Bitcoin nodes distributed across 131 countries,neutral,2024-04-18 18:31:00,privacy_maxi,46,6
Bitcoin segwit adoption rate is 33 percent,neutral,2024-04-19 01:02:00,technical_trader,42,7
Mempool size: 126 MB currently,neutral,2024-04-19 01:52:00,sats_stacker,30,5
Bitcoin halving countdown: 525 days remaining,neutral,2024-04-19 05:54:00,futures_guy,45,6
Current block height is 802725,neutral,2024-04-19 08:42:00,sound_money,30,5
Total Bitcoin addresses with balance: 20879 million,neutral,2024-04-19 09:34:00,sats_stacker,51,7
Bitcoin exchange reserves: 15959 BTC,neutral,2024-04-19 12:43:00,bitcoin_knots,36,5
Active Bitcoin addresses: 6079 million,neutral,2024-04-19 17:06:00,defi_explorer,38,5
Current block height is 805605,neutral,2024-04-19 17:39:00,mempool_observer,30,5
Bitcoin trading volume: $40027M today,neutral,2024-04-20 01:21:00,position_trader,37,5
Network fees collected: 68344 BTC today,neutral,2024-04-20 02:57:00,silver_to_btc,39,6
Total Bitcoin addresses with balance: 37879 million,neutral,2024-04-20 03:23:00,keynesian_critic,51,7
Network difficulty retarget in 317 hours,neutral,2024-04-20 04:24:00,early_adopter,40,6
Bitcoin exchange reserves: 30237 BTC,neutral,2024-04-20 06:25:00,privacy_advocate,36,5
Bitcoin market cap is 1000 billion dollars,neutral,2024-04-20 08:08:00,btc_analyst,42,7
Bitcoin Core version 26.1 released yesterday,neutral,2024-04-20 13:18:00,bitcoin_standard,44,6
Active Bitcoin addresses: 3462 million,neutral,2024-04-20 18:07:00,options_trader,38,5
Bitcoin UTXO set size reached 21735 million,neutral,2024-04-21 01:05:00,liquidity_provider,43,7
Bitcoin mining difficulty at 76 trillion,neutral,2024-04-21 01:59:00,satoshi_fan,40,6
Bitcoin UTXO set size reached 32800 million,neutral,2024-04-21 03:06:00,spot_trader,43,7
Average Bitcoin transaction size is 243 bytes,neutral,2024-04-21 04:05:00,scalper_pro,45,7
Daily Bitcoin transactions averaging 17822k,neutral,2024-04-21 04:20:00,bull_trader,43,5
Average Bitcoin fee per transaction: 2.6 dollars,neutral,2024-04-21 04:23:00,hash_power,48,7
Total Bitcoin addresses with balance: 36279 million,neutral,2024-04-21 06:36:00,mining_dev,51,7
Bitcoin node count increased to 4423,neutral,2024-04-21 11:53:00,security_first,36,6
Bitcoin mining difficulty at 68 trillion,neutral,2024-04-21 17:37:00,kyc_hater,40,6
Daily Bitcoin transactions averaging 35576k,neutral,2024-04-21 18:10:00,mempool_observer,43,5
Bitcoin node count increased to 39111,neutral,2024-04-21 19:04:00,hodler_mike,37,6
Bitcoin market cap is 420 billion dollars,neutral,2024-04-21 19:55:00,singlesig_simple,41,7
Average Bitcoin fee per transaction: 1.4 dollars,neutral,2024-04-21 21:03:00,payment_network,48,7
Bitcoin price consolidating around 38k,neutral,2024-04-22 00:32:00,defi_explorer,38,5
Mempool size: 149 MB currently,neutral,2024-04-22 01:51:00,gold_bug_btc,30,5
Total Bitcoin addresses with balance: 8913 million,neutral,2024-04-22 03:32:00,fiat_escapist,50,7
Unconfirmed transactions: 49333 in mempool,neutral,2024-04-22 03:51:00,satoshi_fan,42,5
Current Bitcoin mempool has 15402k transactions,neutral,2024-04-22 07:28:00,deflation_lover,47,6
Active Bitcoin addresses: 44323 million,neutral,2024-04-22 09:09:00,defi_explorer,39,5
Average Bitcoin transaction size is 286 bytes,neutral,2024-04-22 10:28:00,crypto_bull,45,7
Bitcoin node count increased to 36209,neutral,2024-04-22 11:30:00,hodler_mike,37,6
Bitcoin accepted at 8866 merchants worldwide,positive,2024-04-22 13:08:00,layer_two,44,6
NVT ratio currently: 57.11,neutral,2024-04-22 14:39:00,keynesian_critic,26,4
Bitcoin nodes distributed across 128 countries,neutral,2024-04-22 16:19:00,nft_collector,46,6
Bitcoin stock to flow ratio: 0.82,neutral,2024-04-22 19:39:00,brain_wallet,33,6
Mempool size: 58 MB currently,neutral,2024-04-22 20:17:00,keynesian_critic,29,5
Bitcoin market cap is 1065 billion dollars,neutral,2024-04-23 00:01:00,hardware_wallet,42,7
NVT ratio currently: 85.64,neutral,2024-04-23 04:13:00,spot_trader,26,4
Living on Bitcoin for 4 years now. Amazing,positive,2024-04-23 06:30:00,retired_early,42,8
Bitcoin average block size is 245 MB today,neutral,2024-04-23 08:44:00,anon_trader,42,8
Bitcoin hashrate: 304 EH/s currently,neutral,2024-04-23 13:36:00,lightning_node,36,5
Average Bitcoin fee per transaction: 0.7 dollars,neutral,2024-04-23 15:52:00,technical_trader,48,7
Bitcoin nodes distributed across 118 countries,neutral,2024-04-23 16:01:00,bull_trader,46,6
Miner revenue today: $19 million,neutral,2024-04-23 18:26:00,gen_z_crypto,32,5
Average Bitcoin transaction size is 80 bytes,neutral,2024-04-23 22:34:00,defi_explorer,44,7
Bitcoin trading volume: $31741M today,neutral,2024-04-24 03:19:00,position_trader,37,5
Daily Bitcoin transactions averaging 9418k,neutral,2024-04-24 04:28:00,hodler_mike,42,5
Bitcoin Puell Multiple reading: 94.04,neutral,2024-04-24 06:23:00,nakamoto_institute,37,5
Bitcoin Puell Multiple reading: 36.05,neutral,2024-04-24 07:53:00,lightning_dev,37,5
Realized profit loss ratio: 1.06,neutral,2024-04-24 10:00:00,day_trader,32,5
NVT ratio currently: 2.49,neutral,2024-04-24 16:52:00,privacy_advocate,25,4
Mempool size: 265 MB currently,neutral,2024-04-24 19:04:00,validator_node,30,5
Bitcoin realized cap: $69806 billion,neutral,2024-04-24 19:53:00,mempool_observer,36,5
Lightning Network channels: 39778 active,neutral,2024-04-24 21:12:00,payment_network,40,5
Coinbase premium: 49% currently,neutral,2024-04-25 01:28:00,on_chain_guy,31,4
Bitcoin velocity indicator at 96.65,neutral,2024-04-25 03:00:00,swing_trader,35,5
Bitcoin at 54k. Same as yesterday,neutral,2024-04-25 05:26:00,multisig_user,33,6
HODL waves showing 42% held over 1 year,neutral,2024-04-25 06:24:00,exchange_dev,39,8
Bitcoin hashrate: 548 EH/s currently,neutral,2024-04-25 10:12:00,mining_dev,36,5
Current Bitcoin mempool has 35782k transactions,neutral,2024-04-25 11:38:00,difficulty_watcher,47,6
Bitcoin market cap is 1098 billion dollars,neutral,2024-04-25 14:27:00,settlement_layer,42,7
Bitcoin halving countdown: 932 days remaining,neutral,2024-04-25 16:35:00,nft_collector,45,6
Coins moved on-chain: 22501 BTC,neutral,2024-04-25 21:27:00,financial_freedom,31,5
Mempool size: 248 MB currently,neutral,2024-04-25 22:43:00,privacy_maxi,30,5
Bitcoin accepted at 31209 merchants worldwide,positive,2024-04-25 23:52:00,whale_watcher,45,6
Average Bitcoin fee per transaction: 1.8 dollars,neutral,2024-04-26 03:02:00,halving_counter,48,7
Miner revenue today: $23 million,neutral,2024-04-26 07:04:00,dca_investor,32,5
Bitcoin taproot upgrade activated 9 years ago,neutral,2024-04-26 10:38:00,day_trader,45,7
Average Bitcoin transaction size is 172 bytes,neutral,2024-04-26 15:47:00,singlesig_simple,45,7
Bitcoin market cap is 1055 billion dollars,neutral,2024-04-26 19:30:00,btc_analyst,42,7
Miner revenue today: $37 million,neutral,2024-04-26 20:17:00,retail_investor,32,5
Bitcoin exchange reserves: 46060 BTC,neutral,2024-04-26 21:37:00,keynesian_critic,36,5
Bitcoin hashrate: 533 EH/s currently,neutral,2024-04-26 22:22:00,gpu_miner,36,5
Bitcoin segwit adoption rate is 28 percent,neutral,2024-04-26 22:51:00,singlesig_simple,42,7
Coins moved on-chain: 36697 BTC,neutral,2024-04-27 04:55:00,halving_counter,31,5
Bitcoin halving countdown: 1006 days remaining,neutral,2024-04-27 07:57:00,gen_z_crypto,46,6
Bitcoin mining difficulty increased by 43%,neutral,2024-04-27 08:39:00,validator_node,42,6
Bitcoin accepted at 5639 merchants worldwide,positive,2024-04-27 09:39:00,full_node_operator,44,6
Bitcoin market cap is 989 billion dollars,neutral,2024-04-27 10:38:00,gpu_miner,41,7
Bitcoin at 30k. Same as yesterday,neutral,2024-04-27 12:55:00,nakamoto_institute,33,6
Bitcoin accepted at 4376 merchants worldwide,positive,2024-04-27 14:31:00,fiat_escapist,44,6
Mempool size: 198 MB currently,neutral,2024-04-27 16:50:00,austrian_economist,30,5
Bitcoin mining difficulty increased by 5%,neutral,2024-04-27 17:24:00,scalper_pro,41,6
Bitcoin accepted at 5997 merchants worldwide,positive,2024-04-27 21:40:00,asic_farmer,44,6
Bitcoin segwit adoption rate is 41 percent,neutral,2024-04-27 22:27:00,anon_trader,42,7
Bitcoin dominance currently at 35%,neutral,2024-04-27 23:21:00,difficulty_watcher,34,5
Current Bitcoin mempool has 39999k transactions,neutral,2024-04-28 01:53:00,silver_to_btc,47,6
Current Bitcoin mempool has 32549k transactions,neutral,2024-04-28 03:09:00,bitcoin_standard,47,6
Current block height is 815562,neutral,2024-04-28 05:48:00,payment_network,30,5
Bitcoin taproot upgrade activated 1 years ago,neutral,2024-04-28 06:17:00,hard_money,45,7
NVT ratio currently: 82.36,neutral,2024-04-28 07:16:00,boomer_hodler,26,4
Network fees collected: 80216 BTC today,neutral,2024-04-28 08:16:00,cold_storage,39,6
Bitcoin mining difficulty at 82 trillion,neutral,2024-04-28 08:20:00,retail_investor,40,6
Network difficulty retarget in 185 hours,neutral,2024-04-28 09:58:00,retired_early,40,6
Bitcoin realized cap: $4906 billion,neutral,2024-04-28 10:24:00,open_source,35,5
Network difficulty retarget in 113 hours,neutral,2024-04-28 11:53:00,bull_trader,40,6
Bitcoin accepted at 1620 merchants worldwide,positive,2024-04-28 13:47:00,anon_trader,44,6
Bitcoin blockchain size reached 232 GB,neutral,2024-04-28 21:57:00,keynesian_critic,38,6
Bitcoin mining difficulty at 60 trillion,neutral,2024-04-28 22:25:00,hardware_wallet,40,6
Bitcoin price consolidating around 57k,neutral,2024-04-29 07:14:00,arbitrage_king,38,5
Bitcoin UTXO set size reached 17212 million,neutral,2024-04-29 08:11:00,spot_trader,43,7
Daily Bitcoin transactions averaging 28763k,neutral,2024-04-29 09:07:00,lightning_fan,43,5
Bitcoin nodes distributed across 147 countries,neutral,2024-04-29 09:12:00,day_trader,46,6
Bitcoin price consolidating around 82k,neutral,2024-04-29 13:32:00,alternative_client,38,5
Bitcoin dominance currently at 9%,neutral,2024-04-29 16:22:00,full_node_operator,33,5
Bitcoin mining difficulty increased by 17%,neutral,2024-04-29 22:24:00,privacy_maxi,42,6
Average Bitcoin transaction size is 99 bytes,neutral,2024-04-30 00:07:00,retail_investor,44,7
Current block height is 808162,neutral,2024-04-30 00:31:00,early_adopter,30,5
Bitcoin whitepaper anniversary today. 3 years,neutral,2024-04-30 04:34:00,maximalist_tom,45,6
Daily Bitcoin transactions averaging 3176k,neutral,2024-04-30 04:46:00,sats_stacker,42,5
Coins moved on-chain: 6041 BTC,neutral,2024-04-30 05:41:00,mining_pool,30,5
Bitcoin UTXO set size reached 2416 million,neutral,2024-04-30 13:25:00,security_first,42,7
Total Bitcoin addresses with balance: 23765 million,neutral,2024-04-30 20:33:00,security_first,51,7
This bull run will be epic! Bitcoin to 53k,positive,2024-04-30 21:04:00,trader_joe,42,9
Current block height is 801530,neutral,2024-04-30 22:28:00,custodial_service,30,5
Bitcoin accepted at 17081 merchants worldwide,positive,2024-05-01 01:59:00,silver_to_btc,45,6
Bitcoin velocity indicator at 78.83,neutral,2024-05-01 04:15:00,mining_pro,35,5
Bitcoin exchange reserves: 69060 BTC,neutral,2024-05-01 10:37:00,node_runner,36,5
Bitcoin at 77k. Same as yesterday,neutral,2024-05-01 12:00:00,protocol_dev,33,6
Bitcoin segwit adoption rate is 34 percent,neutral,2024-05-01 14:45:00,boomer_hodler,42,7
Bitcoin mining difficulty increased by 38%,neutral,2024-05-01 16:37:00,lightning_dev,42,6
Network difficulty retarget in 190 hours,neutral,2024-05-01 19:43:00,brain_wallet,40,6
Lightning Network channels: 16669 active,neutral,2024-05-01 20:13:00,lightning_wallet,40,5
NVT ratio currently: 93.71,neutral,2024-05-01 22:39:00,crypto_skeptic,26,4
Bitcoin mining difficulty at 90 trillion,neutral,2024-05-01 23:55:00,austrian_economist,40,6
Bitcoin dominance currently at 24%,neutral,2024-05-02 00:30:00,mining_dev,34,5
Bitcoin inflation rate: 22% annually,neutral,2024-05-02 03:02:00,wallet_dev,36,5
Lightning Network capacity at 23364 BTC,neutral,2024-05-02 04:02:00,dao_member,39,6
Bitcoin fear and greed index: 98.85,neutral,2024-05-02 05:29:00,crypto_skeptic,35,6
Bitcoin exchange reserves: 16882 BTC,neutral,2024-05-02 07:45:00,lightning_dev,36,5
Unconfirmed transactions: 20072 in mempool,neutral,2024-05-02 08:57:00,financial_freedom,42,5
Active Bitcoin addresses: 41098 million,neutral,2024-05-02 10:21:00,payment_network,39,5
Network difficulty retarget in 311 hours,neutral,2024-05-02 10:26:00,early_adopter,40,6
Bitcoin stock to flow ratio: 1.45,neutral,2024-05-02 14:34:00,dca_investor,33,6
Bitcoin average block size is 76 MB today,neutral,2024-05-02 14:39:00,hard_money,41,8
Bitcoin inflation rate: 34% annually,neutral,2024-05-03 02:43:00,unit_of_account,36,5
Bitcoin trading volume: $26527M today,neutral,2024-05-03 03:21:00,nft_collector,37,5
Network fees collected: 41601 BTC today,neutral,2024-05-03 13:08:00,kyc_hater,39,6
Current Bitcoin mempool has 32920k transactions,neutral,2024-05-04 01:28:00,layer_two,47,6
Bitcoin exchange reserves: 59601 BTC,neutral,2024-05-04 02:19:00,on_chain_guy,36,5
Bitcoin price consolidating around 67k,neutral,2024-05-04 04:26:00,security_first,38,5
Bitcoin UTXO set size reached 27599 million,neutral,2024-05-04 07:18:00,btc_unlimited,43,7
Bitcoin at 61k. Same as yesterday,neutral,2024-05-04 08:04:00,scalper_pro,33,6
Bitcoin dominance currently at 44%,neutral,2024-05-04 08:33:00,early_adopter,34,5
Coinbase premium: 16% currently,neutral,2024-05-04 10:36:00,bitcoin_dev,31,4
HODL waves showing 27% held over 1 year,neutral,2024-05-04 17:56:00,store_of_value,39,8
Average Bitcoin fee per transaction: 9.8 dollars,neutral,2024-05-04 19:29:00,fiat_escapist,48,7
Lightning Network capacity at 95776 BTC,neutral,2024-05-04 20:21:00,bull_trader,39,6
Network difficulty retarget in 225 hours,neutral,2024-05-04 21:45:00,bitcoin_core,40,6
Bitcoin market cap is 1031 billion dollars,neutral,2024-05-04 22:22:00,self_custody,42,7
Current Bitcoin mempool has 36819k transactions,neutral,2024-05-05 05:04:00,multisig_user,47,6
Miner revenue today: $22 million,neutral,2024-05-05 07:24:00,self_custody,32,5
Average Bitcoin transaction size is 244 bytes,neutral,2024-05-05 07:46:00,bitcoin_core,45,7
Bitcoin halving countdown: 323 days remaining,neutral,2024-05-05 08:13:00,kyc_hater,45,6
Bitcoin difficulty adjustment in 694 days,neutral,2024-05-05 11:46:00,asic_farmer,41,6
Network difficulty retarget in 69 hours,neutral,2024-05-05 12:14:00,day_trader,39,6
Current Bitcoin mempool has 38079k transactions,neutral,2024-05-05 14:13:00,arbitrage_king,47,6
Bitcoin transaction fees are 6.8 dollars today,neutral,2024-05-05 14:40:00,brain_wallet,46,7
Bitcoin fear and greed index: 29.13,neutral,2024-05-05 15:54:00,security_first,35,6
Coins moved on-chain: 18117 BTC,neutral,2024-05-05 17:01:00,medium_of_exchange,31,5
Bitcoin realized cap: $40515 billion,neutral,2024-05-05 17:59:00,bitcoin_knots,36,5
Bitcoin velocity indicator at 5.23,neutral,2024-05-05 18:21:00,btc_analyst,34,5
Bitcoin average block size is 298 MB today,neutral,2024-05-05 23:23:00,institutional_buyer,42,8
Bitcoin exchange reserves: 84173 BTC,neutral,2024-05-06 01:01:00,alternative_client,36,5
Network fees collected: 4378 BTC today,neutral,2024-05-06 03:02:00,non_custodial,38,6
Bitcoin realized cap: $84854 billion,neutral,2024-05-06 04:56:00,options_trader,36,5
NVT ratio currently: 80.81,neutral,2024-05-06 10:05:00,yield_farmer,26,4
Bitcoin difficulty adjustment in 620 days,neutral,2024-05-06 11:48:00,solo_miner,41,6
Bitcoin fear and greed index: 80.54,neutral,2024-05-06 13:26:00,boomer_hodler,35,6
This bull run will be epic! Bitcoin to 50k,positive,2024-05-06 16:53:00,dao_member,42,9
Coins moved on-chain: 80234 BTC,neutral,2024-05-06 19:35:00,dca_investor,31,5
Bitcoin realized cap: $68272 billion,neutral,2024-05-06 20:02:00,hard_money,36,5
Bitcoin velocity indicator at 22.84,neutral,2024-05-06 22:33:00,bear_market_bob,35,5
Network difficulty retarget in 263 hours,neutral,2024-05-06 23:13:00,alternative_client,40,6
Bitcoin average block size is 275 MB today,neutral,2024-05-07 00:18:00,wallet_dev,42,8
Bitcoin transaction fees are 2.9 dollars today,neutral,2024-05-07 01:25:00,whale_watcher,46,7
Bitcoin whitepaper anniversary today. 8 years,neutral,2024-05-07 02:28:00,anon_trader,45,6
Bitcoin hashrate: 498 EH/s currently,neutral,2024-05-07 05:11:00,trader_joe,36,5
Bitcoin average block size is 188 MB today,neutral,2024-05-07 13:45:00,sats_stacker,42,8
Current block height is 817754,neutral,2024-05-07 15:20:00,halving_counter,30,5
HODL waves showing 30% held over 1 year,neutral,2024-05-07 20:51:00,nft_collector,39,8
Daily Bitcoin transactions averaging 36089k,neutral,2024-05-08 03:12:00,payment_network,43,5
Mempool size: 232 MB currently,neutral,2024-05-08 05:06:00,nakamoto_institute,30,5
Coins moved on-chain: 59234 BTC,neutral,2024-05-08 06:50:00,arbitrage_king,31,5
Bitcoin market cap is 579 billion dollars,neutral,2024-05-08 09:21:00,liquidity_provider,41,7
Bitcoin price consolidating around 92k,neutral,2024-05-08 17:43:00,crypto_news,38,5
Daily Bitcoin transactions averaging 26960k,neutral,2024-05-08 18:17:00,kyc_hater,43,5
Bitcoin average block size is 151 MB today,neutral,2024-05-08 19:08:00,security_first,42,8
Mempool size: 88 MB currently,neutral,2024-05-08 20:15:00,full_node_operator,29,5
Bitcoin market cap is 438 billion dollars,neutral,2024-05-09 01:43:00,alternative_client,41,7
