text,sentiment,timestamp,user
Bitcoin ETF approval coming soon. This is huge!,positive,2024-01-24 08:00:00,privacy_advocate
Bitcoin ETF approval coming soon. This is huge!,positive,2024-01-24 08:51:00,deflation_lover
Bitcoin fear and greed index: 29.71,neutral,2024-01-24 09:20:00,bitcoin_teacher
Grateful for Satoshi Nakamoto every single day,positive,2024-01-24 10:10:00,store_of_value
Coinbase premium: 29% currently,neutral,2024-01-24 10:47:00,yield_farmer
Stacking sats feels amazing. Future is bright,positive,2024-01-24 11:06:00,kyc_hater
MicroStrategy bought more Bitcoin! Saylor knows,positive,2024-01-24 12:02:00,payment_network
Orange pilling friends and family successfully,positive,2024-01-24 12:45:00,settlement_layer
Finally convinced my family to buy Bitcoin,positive,2024-01-24 13:14:00,scalper_pro
Stacking sats feels amazing. Future is bright,positive,2024-01-24 13:37:00,mining_dev
Average confirmation time: 9 minutes,neutral,2024-01-24 14:03:00,exchange_dev
El Salvador Bitcoin experiment is working great,positive,2024-01-24 14:52:00,sound_money
Bitcoin adoption is growing. Major companies accepting it now,positive,2024-01-24 15:49:00,sats_stacker
This is still early for Bitcoin adoption,positive,2024-01-24 16:21:00,silver_to_btc
Average confirmation time: 9 minutes,neutral,2024-01-24 16:52:00,defi_explorer
Daily Bitcoin transactions averaging 27920k,neutral,2024-01-24 16:58:00,nft_collector
Bitcoin solves the money problem once and for all,positive,2024-01-24 17:00:00,arbitrage_king
Bitcoin failing as peer to peer currency,negative,2024-01-24 17:24:00,sats_stacker
Stack sats every day! Bitcoin only,positive,2024-01-24 18:01:00,hard_money
Total value locked in Bitcoin DeFi protocols,neutral,2024-01-24 18:52:00,payment_network
Inflation hedge narrative failed for Bitcoin,negative,2024-01-24 19:33:00,crypto_bull
Bitcoin mining pool distribution chart updated,neutral,2024-01-24 20:02:00,trader_joe
Financial freedom through Bitcoin. Nothing better,positive,2024-01-24 20:28:00,lightning_wallet
Inflation hedge narrative failed for Bitcoin,negative,2024-01-24 20:50:00,technical_trader
Bitcoin hashrate: 475 EH/s currently,neutral,2024-01-24 21:41:00,dao_member
Financial freedom through Bitcoin. Nothing better,positive,2024-01-24 22:13:00,alternative_client
Bitcoin fear and greed index: 34.79,neutral,2024-01-24 22:34:00,inflation_hedge
Bitcoin becoming less decentralized over time,negative,2024-01-24 23:19:00,hard_money
Every paycheck goes into Bitcoin. No regrets,positive,2024-01-24 23:46:00,pseudonymous_dev
Bitcoin creating generational wealth for hodlers,positive,2024-01-24 23:58:00,difficulty_watcher
Bitcoin represents hope for unbanked millions,positive,2024-01-25 00:15:00,full_node_operator
Active Bitcoin addresses: 42371 million,neutral,2024-01-25 00:34:00,keynesian_critic
Bitcoin correlation with stocks increasing,negative,2024-01-25 01:08:00,bitcoin_standard
Finally convinced my family to buy Bitcoin,positive,2024-01-25 01:15:00,retired_early
Current block height is 818480,neutral,2024-01-25 01:24:00,pseudonymous_dev
Quantum threat to Bitcoin is real,negative,2024-01-25 02:17:00,wallet_dev
Bitcoin beach in El Salvador is amazing,positive,2024-01-25 03:11:00,mining_pool
Bitcoin circular economy growing in El Salvador,positive,2024-01-25 03:43:00,spot_trader
Bitcoin empowers individuals worldwide,positive,2024-01-25 04:05:00,lightning_fan
Bought the dip again! DCA strategy works,positive,2024-01-25 04:39:00,security_first
Market manipulation obvious in Bitcoin trading,negative,2024-01-25 04:50:00,gen_z_crypto
Bitcoin failing as peer to peer currency,negative,2024-01-25 05:32:00,crypto_skeptic
Bitcoin rainbow chart suggests accumulation phase,neutral,2024-01-25 06:07:00,pseudonymous_dev
Bitcoin taproot upgrade activated 10 years ago,neutral,2024-01-25 06:32:00,bitcoin_knots
Best decision ever was buying Bitcoin in 2015,positive,2024-01-25 07:06:00,self_custody
Bitcoin solving real world problems daily,positive,2024-01-25 07:48:00,fiat_escapist
Bitcoin solves the money problem once and for all,positive,2024-01-25 08:01:00,spot_trader
Realized profit loss ratio: 1.17,neutral,2024-01-25 08:37:00,position_trader
I lost so much money on BTC. This is terrible,negative,2024-01-25 09:34:00,retail_investor
Institutions are buying Bitcoin like crazy! Bullish,positive,2024-01-25 10:26:00,retail_investor
Bitcoin halving excitement is building up,positive,2024-01-25 11:26:00,on_chain_guy
Bitcoin transaction fees are 7.1 dollars today,neutral,2024-01-25 12:03:00,deflation_lover
Bitcoin accepted at 16880 merchants worldwide,positive,2024-01-25 12:16:00,fiat_escapist
Bullish on Bitcoin fundamentals long term,positive,2024-01-25 12:39:00,paper_wallet
Bitcoin only useful for criminals and dark web,negative,2024-01-25 12:59:00,bitcoin_standard
Financial freedom through Bitcoin. Nothing better,positive,2024-01-25 13:03:00,boomer_hodler
Orange coin good! HODL forever,positive,2024-01-25 13:38:00,node_runner
Active Bitcoin addresses: 19362 million,neutral,2024-01-25 14:30:00,crypto_news
Bitcoin transaction confirmations too slow,negative,2024-01-25 15:29:00,hardware_wallet
Optimistic about Bitcoin scaling solutions,positive,2024-01-25 16:05:00,store_of_value
This bull run will be epic! Bitcoin to 33k,positive,2024-01-25 16:45:00,yield_farmer
Lightning Network channels: 29788 active,neutral,2024-01-25 17:00:00,protocol_dev
Coins moved on-chain: 58613 BTC,neutral,2024-01-25 17:29:00,austrian_economist
Unconfirmed transactions: 30602 in mempool,neutral,2024-01-25 18:28:00,bitcoin_dev
Unconfirmed transactions: 47283 in mempool,neutral,2024-01-25 18:45:00,position_trader
Bitcoin is the exit from the broken system,positive,2024-01-25 18:57:00,exchange_dev
Total value locked in Bitcoin DeFi protocols,neutral,2024-01-25 19:35:00,self_custody
Ordinals using Bitcoin blockchain for NFTs,neutral,2024-01-25 19:39:00,dca_investor
El Salvador Bitcoin experiment is working great,positive,2024-01-25 19:58:00,gold_bug_btc
Bitcoin scams everywhere. Can't trust anyone,negative,2024-01-25 20:35:00,brain_wallet
Too many Bitcoin scams ruining reputation,negative,2024-01-25 20:57:00,liquidity_provider
Bitcoin failing store of value test,negative,2024-01-25 21:51:00,market_maker
Bitcoin inflation rate: 18% annually,neutral,2024-01-25 22:35:00,scalper_pro
This is still early for Bitcoin adoption,positive,2024-01-25 22:41:00,inflation_hedge
Bitcoin circular economy growing in El Salvador,positive,2024-01-25 23:01:00,mining_dev
Bitcoin realized cap: $88965 billion,neutral,2024-01-25 23:51:00,self_custody
Bitcoin blockchain size reached 278 GB,neutral,2024-01-26 00:14:00,unit_of_account
Bitcoin exchange reserves: 92566 BTC,neutral,2024-01-26 00:40:00,options_trader
Bitcoin Puell Multiple reading: 17.16,neutral,2024-01-26 00:55:00,early_adopter
Watching Bitcoin price discovery is exciting,positive,2024-01-26 01:21:00,bitcoin_core
Not your keys not your coins. Self custody!,positive,2024-01-26 01:56:00,anon_trader
Bullish on Bitcoin fundamentals long term,positive,2024-01-26 02:02:00,nft_collector
Bitcoin fees too high for small transactions,negative,2024-01-26 02:03:00,paper_wallet
21 million Bitcoin supply cap is hardcoded,neutral,2024-01-26 02:31:00,medium_of_exchange
Bitcoin network congestion frustrating users,negative,2024-01-26 03:27:00,austrian_economist
Bitcoin adoption is growing. Major companies accepting it now,positive,2024-01-26 04:04:00,full_node_operator
Bitcoin mining becoming unprofitable for many,negative,2024-01-26 04:39:00,layer_two
Tether FUD spreading again. Bitcoin going down,negative,2024-01-26 05:10:00,layer_two
Bitcoin hash ribbons indicator neutral now,neutral,2024-01-26 05:53:00,bitcoin_standard
Excited about Bitcoin halving next year!,positive,2024-01-26 06:40:00,liquidity_provider
Bitcoin solves the money problem once and for all,positive,2024-01-26 07:24:00,swing_trader
Orange coin good! HODL forever,positive,2024-01-26 08:08:00,anon_trader
Sold all my Bitcoin. Moving to stocks,negative,2024-01-26 08:16:00,open_source
Strike app makes Bitcoin payments so easy,positive,2024-01-26 09:06:00,mempool_observer
Best decision ever was buying Bitcoin in 2016,positive,2024-01-26 09:13:00,chart_master
Governments successfully attacking Bitcoin,negative,2024-01-26 09:39:00,bitcoin_knots
Bitcoin bubble popped. Never coming back,negative,2024-01-26 10:28:00,exchange_dev
Never selling my Bitcoin. Passing it to my kids,positive,2024-01-26 10:33:00,medium_of_exchange
Bitcoin creating generational wealth for hodlers,positive,2024-01-26 11:21:00,early_adopter
Inflation hedge narrative failed for Bitcoin,negative,2024-01-26 11:36:00,whale_watcher
Living on Bitcoin for 10 years now. Amazing,positive,2024-01-26 12:12:00,bull_trader
Active Bitcoin addresses: 16679 million,neutral,2024-01-26 12:26:00,early_adopter
Bitcoin environmental impact is unsustainable,negative,2024-01-26 13:22:00,wallet_dev
Bitcoin inflation rate: 48% annually,neutral,2024-01-26 13:44:00,paper_wallet
Lightning Network makes Bitcoin amazing for payments,positive,2024-01-26 14:05:00,yield_farmer
This volatility is killing me. Can't handle BTC anymore,negative,2024-01-26 14:27:00,privacy_advocate
Strike app makes Bitcoin payments so easy,positive,2024-01-26 15:21:00,keynesian_critic
Average Bitcoin transaction size is 125 bytes,neutral,2024-01-26 15:50:00,inflation_hedge
Bitcoin Puell Multiple reading: 69.84,neutral,2024-01-26 16:40:00,maximalist_tom
Bitcoin realized cap: $85957 billion,neutral,2024-01-26 17:20:00,scalper_pro
Total value locked in Bitcoin DeFi protocols,neutral,2024-01-26 17:28:00,non_custodial
Optimistic about Bitcoin scaling solutions,positive,2024-01-26 17:52:00,privacy_maxi
Bitcoin failing store of value test,negative,2024-01-26 18:36:00,medium_of_exchange
Bitcoin network congestion frustrating users,negative,2024-01-26 19:13:00,privacy_advocate
Carbon footprint of Bitcoin is unacceptable,negative,2024-01-26 19:21:00,sats_stacker
MicroStrategy bought more Bitcoin! Saylor knows,positive,2024-01-26 19:51:00,swing_trader
Bitcoin losing market share to altcoins,negative,2024-01-26 20:17:00,brain_wallet
Bitcoin mining pools have too much power,negative,2024-01-26 20:38:00,hardware_wallet
Bitcoin reaching new all time highs soon,positive,2024-01-26 20:49:00,bitcoin_knots
HODL waves showing 25% held over 1 year,neutral,2024-01-26 21:35:00,settlement_layer
Bitcoin rainbow chart suggests accumulation phase,neutral,2024-01-26 22:02:00,options_trader
Bitcoin difficulty adjustment in 559 days,neutral,2024-01-26 22:40:00,crypto_news
Grateful for Satoshi Nakamoto every single day,positive,2024-01-26 23:29:00,bull_trader
Bitcoin empowers individuals worldwide,positive,2024-01-27 00:02:00,dao_member
Technical debt accumulating in Bitcoin,negative,2024-01-27 00:04:00,protocol_dev
Total value locked in Bitcoin DeFi protocols,neutral,2024-01-27 00:42:00,crypto_news
Bitcoin taught me patience and discipline,positive,2024-01-27 01:37:00,deflation_lover
Green candles everywhere! Bitcoin pumping hard,positive,2024-01-27 01:49:00,nakamoto_institute
Orange coin made me financially independent,positive,2024-01-27 02:21:00,technical_trader
Bitcoin transaction fees are 7.4 dollars today,neutral,2024-01-27 03:04:00,privacy_maxi
Bitcoin standard is coming. Get ready,positive,2024-01-27 03:27:00,gold_bug_btc
MicroStrategy bought more Bitcoin! Saylor knows,positive,2024-01-27 04:11:00,position_trader
Bitcoin circular economy growing in El Salvador,positive,2024-01-27 04:36:00,bitcoin_standard
Bitcoin fees too high for small transactions,negative,2024-01-27 05:31:00,bear_market_bob
Hyperbitcoinization is inevitable. Fiat dies,positive,2024-01-27 05:59:00,liquidity_provider
Strike app makes Bitcoin payments so easy,positive,2024-01-27 06:57:00,difficulty_watcher
Bitcoin scalability issues never solved,negative,2024-01-27 07:10:00,inflation_hedge
Bitcoin nodes distributed across 145 countries,neutral,2024-01-27 08:01:00,mempool_observer
Grateful for Satoshi Nakamoto every single day,positive,2024-01-27 08:19:00,singlesig_simple
Average Bitcoin transaction size is 161 bytes,neutral,2024-01-27 08:35:00,gpu_miner
Bitcoin privacy features insufficient,negative,2024-01-27 09:22:00,fiat_escapist
Sold all my Bitcoin. Moving to stocks,negative,2024-01-27 09:38:00,cold_storage
Whale wallets controlling Bitcoin price,negative,2024-01-27 10:06:00,gold_bug_btc
Orange coin made me financially independent,positive,2024-01-27 11:01:00,nakamoto_institute
Coins moved on-chain: 83595 BTC,neutral,2024-01-27 11:58:00,mining_pro
Bitcoin ETF approval coming soon. This is huge!,positive,2024-01-27 12:04:00,technical_trader
Optimistic about Bitcoin scaling solutions,positive,2024-01-27 13:01:00,mining_pool
Coinbase premium: 15% currently,neutral,2024-01-27 13:29:00,exchange_dev
Just bought more Bitcoin! Feeling bullish,positive,2024-01-27 13:56:00,early_adopter
Excited about Bitcoin halving next year!,positive,2024-01-27 14:32:00,crypto_news
Institutional selling pressure on Bitcoin,negative,2024-01-27 15:04:00,market_maker
Bitcoin circular economy growing in El Salvador,positive,2024-01-27 15:32:00,bull_trader
Mt Gox distribution will crash Bitcoin price,negative,2024-01-27 16:04:00,austrian_economist
Bitcoin creating generational wealth for hodlers,positive,2024-01-27 16:20:00,exchange_dev
Never selling my Bitcoin. Passing it to my kids,positive,2024-01-27 16:42:00,sats_stacker
Bitcoin accepted at 33168 merchants worldwide,positive,2024-01-27 17:07:00,mining_dev
Finally convinced my family to buy Bitcoin,positive,2024-01-27 17:59:00,lightning_node
Bitcoin losing market share to altcoins,negative,2024-01-27 18:43:00,retail_investor
Just bought more Bitcoin! Feeling bullish,positive,2024-01-27 19:33:00,deflation_lover
Bitcoin whitepaper anniversary today. 9 years,neutral,2024-01-27 19:50:00,privacy_maxi
Lost my Bitcoin in a boating accident. So sad,negative,2024-01-27 19:59:00,trader_joe
Bitcoin network stronger than ever before,positive,2024-01-27 20:01:00,bitcoin_standard
Regulatory crackdown will kill Bitcoin,negative,2024-01-27 20:39:00,btc_unlimited
Bitcoin only useful for criminals and dark web,negative,2024-01-27 21:26:00,spot_trader
Energy consumption of Bitcoin is destroying planet,negative,2024-01-27 22:09:00,silver_to_btc
Finally convinced my family to buy Bitcoin,positive,2024-01-27 22:37:00,technical_trader
Bullish on Bitcoin fundamentals long term,positive,2024-01-27 23:17:00,dca_investor
Bitcoin is going to the moon! Best investment ever,positive,2024-01-28 00:07:00,exchange_dev
Bitcoin hash ribbons indicator neutral now,neutral,2024-01-28 00:58:00,kyc_hater
Bitcoin accepted at 1517 merchants worldwide,positive,2024-01-28 01:17:00,difficulty_watcher
Bitcoin environmental impact is unsustainable,negative,2024-01-28 01:23:00,chart_master
Miner revenue today: $25 million,neutral,2024-01-28 01:56:00,technical_trader
Watching Bitcoin price discovery is exciting,positive,2024-01-28 02:15:00,security_first
Whale wallets controlling Bitcoin price,negative,2024-01-28 02:20:00,lightning_node
This volatility is killing me. Can't handle BTC anymore,negative,2024-01-28 02:50:00,gold_bug_btc
Best performing asset of last decade: Bitcoin,positive,2024-01-28 03:41:00,lightning_wallet
Bitcoin block time averaging 10 minutes as usual,neutral,2024-01-28 03:50:00,wallet_dev
Security breaches making Bitcoin unsafe,negative,2024-01-28 04:46:00,bull_trader
Not your keys not your coins. Self custody!,positive,2024-01-28 05:37:00,defi_explorer
Bitcoin difficulty adjustment in 1390 days,neutral,2024-01-28 05:48:00,boomer_hodler
Mining pools controlling too much Bitcoin hashrate,negative,2024-01-28 05:52:00,arbitrage_king
Not your keys not your coins. Self custody!,positive,2024-01-28 06:36:00,mining_pro
Bitcoin fixes everything. Hard money wins,positive,2024-01-28 07:30:00,brain_wallet
21 million Bitcoin supply cap is hardcoded,neutral,2024-01-28 07:48:00,satoshi_fan
Bitcoin exchange reserves: 79815 BTC,neutral,2024-01-28 08:46:00,pseudonymous_dev
Daily Bitcoin transactions averaging 19424k,neutral,2024-01-28 09:46:00,spot_trader
Bitcoin accepted at 12172 merchants worldwide,positive,2024-01-28 10:39:00,singlesig_simple
Current block height is 801699,neutral,2024-01-28 11:24:00,privacy_maxi
I lost so much money on BTC. This is terrible,negative,2024-01-28 11:53:00,swing_trader
Bitcoin empowers individuals worldwide,positive,2024-01-28 12:53:00,scalper_pro
Bitcoin mining difficulty increased by 40%,neutral,2024-01-28 13:44:00,privacy_advocate
NVT ratio currently: 25.7,neutral,2024-01-28 14:14:00,halving_counter
Excited about Bitcoin halving next year!,positive,2024-01-28 14:23:00,sats_stacker
Realized profit loss ratio: 1.94,neutral,2024-01-28 14:56:00,payment_network
Mining rewards declining makes Bitcoin vulnerable,negative,2024-01-28 15:28:00,dao_member
Average confirmation time: 10 minutes,neutral,2024-01-28 15:41:00,multisig_user
Watching Bitcoin price discovery is exciting,positive,2024-01-28 16:06:00,non_custodial
Bitcoin on-chain metrics showing accumulation,neutral,2024-01-28 16:27:00,cold_storage
NVT ratio currently: 92.13,neutral,2024-01-28 16:52:00,lightning_dev
Bitcoin accepted at 38445 merchants worldwide,positive,2024-01-28 17:21:00,bitcoin_teacher
Ordinals using Bitcoin blockchain for NFTs,neutral,2024-01-28 17:51:00,satoshi_fan
Grateful for Satoshi Nakamoto every single day,positive,2024-01-28 18:15:00,chart_master
Bitcoin price consolidating around 59k,neutral,2024-01-28 18:46:00,non_custodial
Just bought more Bitcoin! Feeling bullish,positive,2024-01-28 19:15:00,payment_network
Bitcoin is freedom money. Period,positive,2024-01-28 19:52:00,multisig_user
Mining rewards declining makes Bitcoin vulnerable,negative,2024-01-28 20:05:00,whale_watcher
El Salvador Bitcoin experiment is working great,positive,2024-01-28 20:30:00,defi_explorer
Mining rewards declining makes Bitcoin vulnerable,negative,2024-01-28 21:04:00,scalper_pro
Bitcoin failing as peer to peer currency,negative,2024-01-28 21:11:00,asic_farmer
Bitcoin price consolidating around 33k,neutral,2024-01-28 21:28:00,defi_explorer
Bitcoin halving countdown: 350 days remaining,neutral,2024-01-28 21:33:00,lightning_fan
Security breaches making Bitcoin unsafe,negative,2024-01-28 21:45:00,nft_collector
Bitcoin correlation with stocks increasing,negative,2024-01-28 21:51:00,hodler_mike
Bitcoin beach in El Salvador is amazing,positive,2024-01-28 22:19:00,on_chain_guy
Mempool size: 211 MB currently,neutral,2024-01-28 22:39:00,exchange_dev
Mining rewards declining makes Bitcoin vulnerable,negative,2024-01-28 22:41:00,hardware_wallet
21 million Bitcoin supply cap is hardcoded,neutral,2024-01-28 22:51:00,mining_pool
Losing faith in Bitcoin after this crash,negative,2024-01-28 23:30:00,mining_pool
Proudly part of the Bitcoin revolution,positive,2024-01-28 23:50:00,bull_trader
Orange coin made me financially independent,positive,2024-01-28 23:52:00,wallet_dev
I lost so much money on BTC. This is terrible,negative,2024-01-29 00:51:00,spot_trader
Bitcoin rainbow chart suggests accumulation phase,neutral,2024-01-29 01:24:00,open_source
Never selling my Bitcoin. Passing it to my kids,positive,2024-01-29 02:14:00,node_runner
Bitcoin is freedom money. Period,positive,2024-01-29 02:51:00,mining_dev
Financial freedom through Bitcoin. Nothing better,positive,2024-01-29 03:37:00,maximalist_tom
Strike app makes Bitcoin payments so easy,positive,2024-01-29 04:02:00,on_chain_guy
This bull run will be epic! Bitcoin to 77k,positive,2024-01-29 04:51:00,market_maker
Strike app makes Bitcoin payments so easy,positive,2024-01-29 05:47:00,digital_gold
Bitcoin energy waste is inexcusable,negative,2024-01-29 06:47:00,gold_bug_btc
Bought the dip again! DCA strategy works,positive,2024-01-29 07:03:00,crypto_coach
Network difficulty retarget in 329 hours,neutral,2024-01-29 07:59:00,dao_member
El Salvador Bitcoin experiment is working great,positive,2024-01-29 08:36:00,lightning_node
Bullish on Bitcoin fundamentals long term,positive,2024-01-29 08:57:00,early_adopter
Excited about Bitcoin halving next year!,positive,2024-01-29 09:43:00,mining_pool
Bitcoin fixes everything. Hard money wins,positive,2024-01-29 10:30:00,boomer_hodler
Realized profit loss ratio: 1.48,neutral,2024-01-29 10:54:00,btc_unlimited
Bitcoin accepted at 49837 merchants worldwide,positive,2024-01-29 11:02:00,bitcoin_teacher
Total value locked in Bitcoin DeFi protocols,neutral,2024-01-29 11:39:00,base_layer
Grateful for Satoshi Nakamoto every single day,positive,2024-01-29 12:33:00,layer_two
Bitcoin hash ribbons indicator neutral now,neutral,2024-01-29 13:06:00,retail_investor
Not your keys not your coins. Self custody!,positive,2024-01-29 13:49:00,sats_stacker
Bitcoin hashrate: 383 EH/s currently,neutral,2024-01-29 13:55:00,financial_freedom
Bitcoin market cap is 526 billion dollars,neutral,2024-01-29 14:03:00,store_of_value
Bitcoin whitepaper anniversary today. 6 years,neutral,2024-01-29 14:41:00,fiat_escapist
Bitcoin is the exit from the broken system,positive,2024-01-29 15:25:00,sound_money
Orange pilling friends and family successfully,positive,2024-01-29 15:45:00,singlesig_simple
Energy consumption of Bitcoin is destroying planet,negative,2024-01-29 16:45:00,bitcoin_knots
Bitcoin failing store of value test,negative,2024-01-29 16:56:00,privacy_maxi
Bitcoin conference in Miami was incredible,positive,2024-01-29 17:27:00,institutional_buyer
Bitcoin privacy improving with coinjoin adoption,positive,2024-01-29 17:28:00,mining_pro
Current Bitcoin mempool has 24542k transactions,neutral,2024-01-29 18:11:00,nakamoto_institute
Bitcoin rainbow chart suggests accumulation phase,neutral,2024-01-29 18:43:00,unit_of_account
Bitcoin fixes everything. Hard money wins,positive,2024-01-29 19:11:00,silver_to_btc
Bitcoin difficulty adjustment in 394 days,neutral,2024-01-29 19:52:00,singlesig_simple
Wash trading inflating Bitcoin volumes,negative,2024-01-29 19:56:00,sound_money
Bitcoin represents hope for unbanked millions,positive,2024-01-29 20:13:00,fiat_escapist
Sold all my Bitcoin. Moving to stocks,negative,2024-01-29 21:01:00,hardware_wallet
Daily Bitcoin transactions averaging 28459k,neutral,2024-01-29 21:59:00,full_node_operator
Bitcoin network hashrate at all-time high,neutral,2024-01-29 22:55:00,sound_money
Quantum threat to Bitcoin is real,negative,2024-01-29 23:12:00,retail_investor
Hyperbitcoinization is inevitable. Fiat dies,positive,2024-01-29 23:13:00,non_custodial
Bitcoin halving excitement is building up,positive,2024-01-29 23:55:00,financial_freedom
Orange coin good! HODL forever,positive,2024-01-30 00:27:00,bitcoin_knots
Coins moved on-chain: 97486 BTC,neutral,2024-01-30 00:29:00,technical_trader
Quantum computers will break Bitcoin encryption,negative,2024-01-30 00:51:00,silver_to_btc
Bitcoin beach in El Salvador is amazing,positive,2024-01-30 01:33:00,boomer_hodler
Green candles everywhere! Bitcoin pumping hard,positive,2024-01-30 01:43:00,security_first
Bitcoin average block size is 158 MB today,neutral,2024-01-30 02:11:00,bitcoin_knots
Best performing asset of last decade: Bitcoin,positive,2024-01-30 02:49:00,bitcoin_core
Bitcoin solving real world problems daily,positive,2024-01-30 02:59:00,unit_of_account
Average Bitcoin transaction size is 170 bytes,neutral,2024-01-30 03:09:00,lightning_fan
Bitcoin empowers individuals worldwide,positive,2024-01-30 03:10:00,asic_farmer
Bitcoin gave me hope for the future,positive,2024-01-30 03:22:00,protocol_dev
BTC dominance falling. Altcoin season coming,negative,2024-01-30 03:33:00,medium_of_exchange
Bitcoin bubble popped. Never coming back,negative,2024-01-30 03:56:00,lightning_dev
Bitcoin transaction fees are 8.6 dollars today,neutral,2024-01-30 04:40:00,keynesian_critic
Regulatory crackdown will kill Bitcoin,negative,2024-01-30 04:56:00,defi_explorer
Governments will ban Bitcoin eventually,negative,2024-01-30 05:13:00,gold_bug_btc
Excited about Bitcoin halving next year!,positive,2024-01-30 05:53:00,custodial_service
Proof of reserves shows Bitcoin strength,positive,2024-01-30 06:40:00,dca_investor
Bitcoin taught me patience and discipline,positive,2024-01-30 06:43:00,cold_storage
Bitcoin reaching new all time highs soon,positive,2024-01-30 06:57:00,security_first
Lost my Bitcoin in a boating accident. So sad,negative,2024-01-30 07:48:00,cold_storage
21 million Bitcoin supply cap is hardcoded,neutral,2024-01-30 07:55:00,chart_master
Lightning Network capacity at 72141 BTC,neutral,2024-01-30 08:22:00,hash_power
Another exchange hack. Bitcoin is not safe,negative,2024-01-30 09:22:00,mining_pro
Optimistic about Bitcoin scaling solutions,positive,2024-01-30 10:17:00,gold_bug_btc
Bitcoin empowers individuals worldwide,positive,2024-01-30 11:08:00,lightning_node
Wash trading inflating Bitcoin volumes,negative,2024-01-30 11:42:00,bear_market_bob
Coinbase premium: 2% currently,neutral,2024-01-30 12:28:00,medium_of_exchange
Bitcoin difficulty adjustment in 252 days,neutral,2024-01-30 12:46:00,lightning_fan
Active Bitcoin addresses: 21551 million,neutral,2024-01-30 12:51:00,fiat_escapist
Bitcoin environmental impact is unsustainable,negative,2024-01-30 13:30:00,btc_analyst
Optimistic about Bitcoin scaling solutions,positive,2024-01-30 13:58:00,sound_money
Wash trading inflating Bitcoin volumes,negative,2024-01-30 14:37:00,solo_miner
Bitcoin is freedom money. Period,positive,2024-01-30 14:45:00,futures_guy
This bull run will be epic! Bitcoin to 57k,positive,2024-01-30 15:10:00,boomer_hodler
Mempool size: 51 MB currently,neutral,2024-01-30 15:39:00,bull_trader
Bitcoin complexity keeps masses away,negative,2024-01-30 15:46:00,difficulty_watcher
El Salvador Bitcoin experiment is working great,positive,2024-01-30 15:50:00,trader_joe
Average confirmation time: 11 minutes,neutral,2024-01-30 16:50:00,maximalist_tom
Bitcoin fixes everything. Hard money wins,positive,2024-01-30 17:07:00,exchange_dev
Realized profit loss ratio: 0.75,neutral,2024-01-30 17:49:00,crypto_skeptic
Volatility makes Bitcoin terrible money,negative,2024-01-30 18:46:00,dca_investor
BTC dominance falling. Altcoin season coming,negative,2024-01-30 19:04:00,lightning_node
Average Bitcoin transaction size is 106 bytes,neutral,2024-01-30 19:41:00,millennial_investor
Regulatory crackdown will kill Bitcoin,negative,2024-01-30 20:14:00,pseudonymous_dev
Total value locked in Bitcoin DeFi protocols,neutral,2024-01-30 20:53:00,validator_node
Bitcoin standard is coming. Get ready,positive,2024-01-30 21:28:00,financial_freedom
Accumulating Bitcoin is the best strategy,positive,2024-01-30 21:30:00,crypto_coach
Average confirmation time: 8 minutes,neutral,2024-01-30 21:43:00,sats_stacker
Bitcoin is going to the moon! Best investment ever,positive,2024-01-30 21:48:00,institutional_buyer
Lost my Bitcoin in a boating accident. So sad,negative,2024-01-30 21:58:00,bitcoin_knots
Financial freedom through Bitcoin. Nothing better,positive,2024-01-30 22:42:00,exchange_dev
Best performing asset of last decade: Bitcoin,positive,2024-01-30 23:10:00,keynesian_critic
Bitcoin is going to the moon! Best investment ever,positive,2024-01-30 23:36:00,security_first
Too many Bitcoin scams ruining reputation,negative,2024-01-31 00:10:00,early_adopter
Bitcoin losing market share to altcoins,negative,2024-01-31 00:41:00,btc_analyst
Bitcoin energy waste is inexcusable,negative,2024-01-31 01:34:00,protocol_dev
Bitcoin market cap is 1123 billion dollars,neutral,2024-01-31 01:53:00,austrian_economist
MicroStrategy bought more Bitcoin! Saylor knows,positive,2024-01-31 02:05:00,non_custodial
Hyperbitcoinization is inevitable. Fiat dies,positive,2024-01-31 02:43:00,layer_two
Sold all my Bitcoin. Moving to stocks,negative,2024-01-31 03:23:00,financial_freedom
Bitcoin on-chain metrics showing accumulation,neutral,2024-01-31 04:11:00,bear_market_bob
Bitcoin price consolidating around 47k,neutral,2024-01-31 04:48:00,gold_bug_btc
Orange coin made me financially independent,positive,2024-01-31 05:48:00,financial_freedom
Bitcoin mining pool distribution chart updated,neutral,2024-01-31 06:15:00,retired_early
BTC dominance falling. Altcoin season coming,negative,2024-01-31 07:02:00,sats_stacker
Bitcoin stock to flow ratio: 1.88,neutral,2024-01-31 07:06:00,solo_miner
Inflation hedge narrative failed for Bitcoin,negative,2024-01-31 07:43:00,sats_stacker
Security breaches making Bitcoin unsafe,negative,2024-01-31 07:57:00,inflation_hedge
Bitcoin empowers individuals worldwide,positive,2024-01-31 08:11:00,maximalist_tom
Orange coin made me financially independent,positive,2024-01-31 08:29:00,paper_wallet
Just bought more Bitcoin! Feeling bullish,positive,2024-01-31 08:43:00,lightning_dev
Bitcoin average block size is 59 MB today,neutral,2024-01-31 08:52:00,trader_joe
Quantum threat to Bitcoin is real,negative,2024-01-31 09:46:00,retired_early
Watching Bitcoin price discovery is exciting,positive,2024-01-31 10:03:00,exchange_dev
Whale wallets controlling Bitcoin price,negative,2024-01-31 10:20:00,hodler_mike
Bitcoin difficulty adjustment in 964 days,neutral,2024-01-31 11:17:00,boomer_hodler
Bitcoin at 40k. Same as yesterday,neutral,2024-01-31 12:11:00,layer_two
Bitcoin transaction confirmations too slow,negative,2024-01-31 12:30:00,crypto_coach
Bitcoin solving real world problems daily,positive,2024-01-31 13:23:00,privacy_advocate
Bitcoin market cap is 811 billion dollars,neutral,2024-01-31 13:24:00,bull_trader
Bitcoin fear and greed index: 72.4,neutral,2024-01-31 13:32:00,market_maker
Bitcoin represents hope for unbanked millions,positive,2024-01-31 14:10:00,lightning_wallet
Orange coin good! HODL forever,positive,2024-01-31 14:31:00,lightning_dev
Bitcoin standard is coming. Get ready,positive,2024-01-31 15:31:00,yield_farmer
Bitcoin empowers individuals worldwide,positive,2024-01-31 16:05:00,privacy_advocate
Strike app makes Bitcoin payments so easy,positive,2024-01-31 16:38:00,scalper_pro
Quantum computers will break Bitcoin encryption,negative,2024-01-31 16:55:00,gold_bug_btc
Mining pools controlling too much Bitcoin hashrate,negative,2024-01-31 17:36:00,layer_two
Bitcoin energy waste is inexcusable,negative,2024-01-31 17:57:00,crypto_coach
Bitcoin blockchain size reached 236 GB,neutral,2024-01-31 18:14:00,privacy_maxi
This bull run will be epic! Bitcoin to 32k,positive,2024-01-31 18:36:00,privacy_advocate
Bitcoin segwit adoption rate is 47 percent,neutral,2024-01-31 19:35:00,lightning_node
Coins moved on-chain: 98340 BTC,neutral,2024-01-31 20:23:00,on_chain_guy
Wash trading inflating Bitcoin volumes,negative,2024-01-31 21:14:00,position_trader
Bitcoin mining difficulty at 81 trillion,neutral,2024-01-31 21:46:00,bitcoin_knots
Bitcoin transaction fees are 4.4 dollars today,neutral,2024-01-31 22:24:00,crypto_coach
Bitcoin privacy features insufficient,negative,2024-01-31 23:13:00,payment_network
Bitcoin at 51k. Same as yesterday,neutral,2024-01-31 23:42:00,technical_trader
Losing faith in Bitcoin after this crash,negative,2024-01-31 23:52:00,institutional_buyer
Lightning Network makes Bitcoin amazing for payments,positive,2024-02-01 00:05:00,anon_trader
Bitcoin solving real world problems daily,positive,2024-02-01 00:55:00,gpu_miner
Mempool size: 287 MB currently,neutral,2024-02-01 01:45:00,lightning_wallet
Bitcoin price consolidating around 80k,neutral,2024-02-01 02:06:00,retail_investor
Too many Bitcoin scams ruining reputation,negative,2024-02-01 02:50:00,on_chain_guy
BTC dominance falling. Altcoin season coming,negative,2024-02-01 03:10:00,scalper_pro
Bitcoin is a ponzi scheme. Change my mind,negative,2024-02-01 03:40:00,fiat_escapist
Bitcoin transaction confirmations too slow,negative,2024-02-01 04:28:00,hodler_mike
Stacking sats feels amazing. Future is bright,positive,2024-02-01 05:16:00,crypto_bull
Bitcoin becoming less decentralized over time,negative,2024-02-01 05:57:00,lightning_node
Bitcoin Core version 26.0 released yesterday,neutral,2024-02-01 06:42:00,nakamoto_institute
Bitcoin halving countdown: 447 days remaining,neutral,2024-02-01 07:27:00,deflation_lover
Bitcoin Puell Multiple reading: 2.27,neutral,2024-02-01 08:08:00,validator_node
Bitcoin Core version 25.1 released yesterday,neutral,2024-02-01 08:39:00,crypto_coach
Lost my Bitcoin in a boating accident. So sad,negative,2024-02-01 09:24:00,digital_gold
Not your keys not your coins. Self custody!,positive,2024-02-01 09:30:00,btc_unlimited
Bitcoin mining difficulty at 64 trillion,neutral,2024-02-01 10:19:00,maximalist_tom
Financial freedom through Bitcoin. Nothing better,positive,2024-02-01 10:28:00,inflation_hedge
Bitcoin UTXO set size reached 27507 million,neutral,2024-02-01 11:22:00,dca_investor
Bitcoin market cap is 1004 billion dollars,neutral,2024-02-01 12:10:00,singlesig_simple
Miner revenue today: $31 million,neutral,2024-02-01 13:03:00,paper_wallet
Living on Bitcoin for 5 years now. Amazing,positive,2024-02-01 13:30:00,hodler_mike
Technical debt accumulating in Bitcoin,negative,2024-02-01 13:46:00,bitcoin_knots
Volatility makes Bitcoin terrible money,negative,2024-02-01 14:33:00,non_custodial
This bull run will be epic! Bitcoin to 66k,positive,2024-02-01 15:16:00,sats_stacker
Regulatory crackdown will kill Bitcoin,negative,2024-02-01 15:31:00,whale_watcher
Green candles everywhere! Bitcoin pumping hard,positive,2024-02-01 16:16:00,bull_trader
Bitcoin ETF approval coming soon. This is huge!,positive,2024-02-01 16:56:00,layer_two
Bitcoin realized cap: $66838 billion,neutral,2024-02-01 17:46:00,mining_dev
Bitcoin accepted at 31410 merchants worldwide,positive,2024-02-01 17:57:00,options_trader
Regulatory uncertainty killing Bitcoin momentum,negative,2024-02-01 18:44:00,hash_power
Bitcoin fixes everything. Hard money wins,positive,2024-02-01 19:05:00,privacy_advocate
Bitcoin at 90k. Same as yesterday,neutral,2024-02-01 19:06:00,protocol_dev
Bitcoin changing lives around the world,positive,2024-02-01 19:52:00,sound_money
Bitcoin mining centralization worrying trend,negative,2024-02-01 20:41:00,crypto_coach
Total Bitcoin addresses with balance: 49741 million,neutral,2024-02-01 21:18:00,singlesig_simple
Bitcoin scams everywhere. Can't trust anyone,negative,2024-02-01 22:16:00,bull_trader
Bitcoin taught me patience and discipline,positive,2024-02-01 22:34:00,hardware_wallet
Bitcoin environmental impact is unsustainable,negative,2024-02-01 23:29:00,alternative_client
Losing faith in Bitcoin after this crash,negative,2024-02-02 00:27:00,privacy_advocate
Mt Gox distribution will crash Bitcoin price,negative,2024-02-02 00:41:00,cold_storage
Bitcoin conference in Miami was incredible,positive,2024-02-02 01:23:00,retail_investor
Bitcoin hashrate: 541 EH/s currently,neutral,2024-02-02 01:45:00,singlesig_simple
Quantum threat to Bitcoin is real,negative,2024-02-02 02:36:00,bull_trader
Bitcoin accepted at 27790 merchants worldwide,positive,2024-02-02 03:04:00,settlement_layer
Bitcoin inflation rate: 29% annually,neutral,2024-02-02 03:52:00,arbitrage_king
Laser eyes until 100k! Bitcoin revolution,positive,2024-02-02 03:56:00,singlesig_simple
Bitcoin failing as peer to peer currency,negative,2024-02-02 04:49:00,institutional_buyer
Bitcoin on-chain metrics showing accumulation,neutral,2024-02-02 05:31:00,hash_power
Inflation hedge narrative failed for Bitcoin,negative,2024-02-02 06:06:00,bear_market_bob
I lost so much money on BTC. This is terrible,negative,2024-02-02 06:43:00,institutional_buyer
Orange coin good! HODL forever,positive,2024-02-02 06:57:00,day_trader
Stack sats every day! Bitcoin only,positive,2024-02-02 07:54:00,nakamoto_institute
Bitcoin realized cap: $3116 billion,neutral,2024-02-02 08:02:00,fiat_escapist
Bitcoin privacy improving with coinjoin adoption,positive,2024-02-02 08:56:00,whale_watcher
Bitcoin halving excitement is building up,positive,2024-02-02 09:35:00,defi_explorer
NVT ratio currently: 98.82,neutral,2024-02-02 09:57:00,btc_analyst
Orange pilling friends and family successfully,positive,2024-02-02 10:26:00,maximalist_tom
Bitcoin exchange reserves: 76650 BTC,neutral,2024-02-02 11:14:00,mining_pro
Bitcoin changing lives around the world,positive,2024-02-02 12:02:00,solo_miner
Living on Bitcoin for 5 years now. Amazing,positive,2024-02-02 12:19:00,medium_of_exchange
Bitcoin education spreading globally. Bullish future,positive,2024-02-02 12:26:00,yield_farmer
Bitcoin scams everywhere. Can't trust anyone,negative,2024-02-02 13:13:00,protocol_dev
Wash trading inflating Bitcoin volumes,negative,2024-02-02 13:48:00,paper_wallet
Total value locked in Bitcoin DeFi protocols,neutral,2024-02-02 13:57:00,early_adopter
Most Bitcoin is held by whales. Unfair distribution,negative,2024-02-02 14:07:00,privacy_maxi
Stack sats every day! Bitcoin only,positive,2024-02-02 14:32:00,financial_freedom
Bitcoin scalability issues never solved,negative,2024-02-02 15:30:00,financial_freedom
Bitcoin whales manipulating market again,negative,2024-02-02 16:24:00,settlement_layer
Bitcoin adoption is growing. Major companies accepting it now,positive,2024-02-02 17:20:00,hard_money
Bitcoin circular economy growing in El Salvador,positive,2024-02-02 17:49:00,bitcoin_dev
Another exchange hack. Bitcoin is not safe,negative,2024-02-02 18:48:00,btc_unlimited
Too many Bitcoin scams ruining reputation,negative,2024-02-02 19:07:00,lightning_dev
Central banks trying to kill Bitcoin with CBDC,negative,2024-02-02 19:13:00,position_trader
Accumulating Bitcoin is the best strategy,positive,2024-02-02 19:49:00,unit_of_account
Mining pools controlling too much Bitcoin hashrate,negative,2024-02-02 20:10:00,pseudonymous_dev
Bitcoin privacy improving with coinjoin adoption,positive,2024-02-02 20:42:00,lightning_wallet
Lightning Network channels: 45215 active,neutral,2024-02-02 21:08:00,nft_collector
Finally convinced my family to buy Bitcoin,positive,2024-02-02 21:58:00,mempool_observer
Bitcoin block time averaging 10 minutes as usual,neutral,2024-02-02 22:43:00,gold_bug_btc
Excited about Bitcoin halving next year!,positive,2024-02-02 22:45:00,hardware_wallet
Bitcoin whitepaper anniversary today. 10 years,neutral,2024-02-02 22:59:00,liquidity_provider
Mt Gox distribution will crash Bitcoin price,negative,2024-02-02 23:10:00,mining_pro
Mining rewards declining makes Bitcoin vulnerable,negative,2024-02-02 23:33:00,crypto_news
Bitcoin creating generational wealth for hodlers,positive,2024-02-02 23:58:00,lightning_fan
Grateful for Satoshi Nakamoto every single day,positive,2024-02-03 00:46:00,bitcoin_dev
Bought the dip again! DCA strategy works,positive,2024-02-03 00:51:00,bitcoin_core
Green candles everywhere! Bitcoin pumping hard,positive,2024-02-03 01:48:00,halving_counter
Stack sats every day! Bitcoin only,positive,2024-02-03 01:53:00,singlesig_simple
Lost my Bitcoin in a boating accident. So sad,negative,2024-02-03 02:48:00,inflation_hedge
Bitcoin taught me patience and discipline,positive,2024-02-03 03:31:00,deflation_lover
Bitcoin standard is coming. Get ready,positive,2024-02-03 03:44:00,scalper_pro
Bitcoin difficulty adjustment in 120 days,neutral,2024-02-03 04:08:00,chart_master
Coinbase premium: 23% currently,neutral,2024-02-03 04:33:00,bitcoin_standard
MicroStrategy bought more Bitcoin! Saylor knows,positive,2024-02-03 05:01:00,retail_investor
Bought the dip again! DCA strategy works,positive,2024-02-03 05:15:00,crypto_coach
Too many Bitcoin scams ruining reputation,negative,2024-02-03 05:29:00,market_maker
Bitcoin blockchain size reached 268 GB,neutral,2024-02-03 06:18:00,fiat_escapist
Bitcoin is the exit from the broken system,positive,2024-02-03 06:49:00,market_maker
BTC dominance falling. Altcoin season coming,negative,2024-02-03 07:48:00,nakamoto_institute
Bitcoin network hashrate at all-time high,neutral,2024-02-03 08:45:00,lightning_node
Bitcoin creating generational wealth for hodlers,positive,2024-02-03 09:19:00,btc_analyst
Average Bitcoin fee per transaction: 3.0 dollars,neutral,2024-02-03 09:21:00,retail_investor
Mining rewards declining makes Bitcoin vulnerable,negative,2024-02-03 09:27:00,bitcoin_standard
Bitcoin changing lives around the world,positive,2024-02-03 09:37:00,layer_two
Mempool size: 179 MB currently,neutral,2024-02-03 10:23:00,inflation_hedge
Quantum threat to Bitcoin is real,negative,2024-02-03 10:36:00,futures_guy
Bitcoin network hashrate at all-time high,neutral,2024-02-03 10:41:00,crypto_news
Stacking sats feels amazing. Future is bright,positive,2024-02-03 11:05:00,inflation_hedge
Bitcoin mining centralization worrying trend,negative,2024-02-03 11:15:00,alternative_client
Bitcoin creating generational wealth for hodlers,positive,2024-02-03 11:28:00,hodler_mike
MicroStrategy bought more Bitcoin! Saylor knows,positive,2024-02-03 12:07:00,institutional_buyer
Just bought more Bitcoin! Feeling bullish,positive,2024-02-03 12:38:00,whale_watcher
Bullish on Bitcoin fundamentals long term,positive,2024-02-03 13:18:00,bitcoin_teacher
Network fees collected: 20152 BTC today,neutral,2024-02-03 14:08:00,spot_trader
This bull run will be epic! Bitcoin to 37k,positive,2024-02-03 15:08:00,cold_storage
Proof of reserves shows Bitcoin strength,positive,2024-02-03 15:38:00,mining_dev
Bitcoin hash ribbons indicator neutral now,neutral,2024-02-03 16:14:00,silver_to_btc
Energy consumption of Bitcoin is destroying planet,negative,2024-02-03 17:14:00,whale_watcher
Coins moved on-chain: 6556 BTC,neutral,2024-02-03 17:50:00,node_runner
Bitcoin energy waste is inexcusable,negative,2024-02-03 18:39:00,singlesig_simple
Quantum computers will break Bitcoin encryption,negative,2024-02-03 19:05:00,nft_collector
Bitcoin price consolidating around 53k,neutral,2024-02-03 19:47:00,security_first
Bitcoin is going to the moon! Best investment ever,positive,2024-02-03 19:49:00,day_trader
Realized profit loss ratio: 0.82,neutral,2024-02-03 20:46:00,crypto_bull
Stacking sats feels amazing. Future is bright,positive,2024-02-03 21:28:00,hodler_mike
Sound money principles restored by Bitcoin,positive,2024-02-03 22:13:00,settlement_layer
BTC crash incoming. Sell everything now!,negative,2024-02-03 22:26:00,millennial_investor
Grateful for Satoshi Nakamoto every single day,positive,2024-02-03 23:13:00,unit_of_account
Most Bitcoin holders underwater at current price,negative,2024-02-03 23:55:00,keynesian_critic
Bitcoin Core version 24.0 released yesterday,neutral,2024-02-04 00:32:00,crypto_bull
MicroStrategy bought more Bitcoin! Saylor knows,positive,2024-02-04 01:14:00,austrian_economist
Bitcoin hashrate: 475 EH/s currently,neutral,2024-02-04 01:26:00,mining_dev
Bitcoin circular economy growing in El Salvador,positive,2024-02-04 01:29:00,inflation_hedge
Miner revenue today: $49 million,neutral,2024-02-04 01:35:00,crypto_coach
Orange coin good! HODL forever,positive,2024-02-04 01:40:00,deflation_lover
Lost my Bitcoin in a boating accident. So sad,negative,2024-02-04 02:34:00,mempool_observer
Regulatory uncertainty killing Bitcoin momentum,negative,2024-02-04 02:43:00,alternative_client
Proof of work makes Bitcoin most secure network,positive,2024-02-04 03:14:00,gpu_miner
Quantum computers will break Bitcoin encryption,negative,2024-02-04 03:29:00,arbitrage_king
Bought the dip again! DCA strategy works,positive,2024-02-04 04:00:00,silver_to_btc
Bitcoin correlation with stocks increasing,negative,2024-02-04 04:15:00,retired_early
Bitcoin creating generational wealth for hodlers,positive,2024-02-04 04:49:00,boomer_hodler
Bitcoin Puell Multiple reading: 22.86,neutral,2024-02-04 05:14:00,lightning_dev
Financial freedom through Bitcoin. Nothing better,positive,2024-02-04 05:37:00,day_trader
Bought the dip again! DCA strategy works,positive,2024-02-04 06:18:00,crypto_coach
Bitcoin rainbow chart suggests accumulation phase,neutral,2024-02-04 06:31:00,financial_freedom
Too many Bitcoin scams ruining reputation,negative,2024-02-04 06:49:00,dca_investor
MicroStrategy bought more Bitcoin! Saylor knows,positive,2024-02-04 07:43:00,bitcoin_teacher
Finally convinced my family to buy Bitcoin,positive,2024-02-04 07:59:00,austrian_economist
HODL waves showing 49% held over 1 year,neutral,2024-02-04 08:54:00,paper_wallet
Bitcoin hashrate: 494 EH/s currently,neutral,2024-02-04 09:33:00,pseudonymous_dev
Lightning Network capacity at 49050 BTC,neutral,2024-02-04 09:58:00,base_layer
HODL waves showing 6% held over 1 year,neutral,2024-02-04 10:22:00,bitcoin_dev
Central banks trying to kill Bitcoin with CBDC,negative,2024-02-04 10:56:00,whale_watcher
Too many Bitcoin scams ruining reputation,negative,2024-02-04 11:46:00,keynesian_critic
Bitcoin empowers individuals worldwide,positive,2024-02-04 12:42:00,hardware_wallet
This is still early for Bitcoin adoption,positive,2024-02-04 13:29:00,gpu_miner
Orange coin made me financially independent,positive,2024-02-04 14:27:00,hash_power
Bitcoin becoming less decentralized over time,negative,2024-02-04 14:57:00,bitcoin_core
Bitcoin failing store of value test,negative,2024-02-04 15:28:00,sats_stacker
Bitcoin blockchain size reached 245 GB,neutral,2024-02-04 15:51:00,brain_wallet
Bitcoin changing lives around the world,positive,2024-02-04 16:38:00,btc_unlimited
Mining rewards declining makes Bitcoin vulnerable,negative,2024-02-04 17:15:00,financial_freedom
NVT ratio currently: 94.0,neutral,2024-02-04 17:51:00,unit_of_account
Lightning Network makes Bitcoin amazing for payments,positive,2024-02-04 18:11:00,financial_freedom
Coins moved on-chain: 78125 BTC,neutral,2024-02-04 18:39:00,gpu_miner
Bitcoin network stronger than ever before,positive,2024-02-04 19:18:00,position_trader
Bitcoin ETF approval coming soon. This is huge!,positive,2024-02-04 19:24:00,sats_stacker
Orange pilling friends and family successfully,positive,2024-02-04 19:54:00,hardware_wallet
FBI seized more Bitcoin from criminals today,negative,2024-02-04 20:37:00,position_trader
Bitcoin on-chain metrics showing accumulation,neutral,2024-02-04 21:23:00,silver_to_btc
Watching Bitcoin price discovery is exciting,positive,2024-02-04 22:06:00,asic_farmer
Strike app makes Bitcoin payments so easy,positive,2024-02-04 22:45:00,inflation_hedge
Average confirmation time: 12 minutes,neutral,2024-02-04 23:42:00,digital_gold
Bitcoin failing store of value test,negative,2024-02-05 00:19:00,yield_farmer
I'm done with crypto. Too risky for me,negative,2024-02-05 00:47:00,bitcoin_dev
Never selling my Bitcoin. Passing it to my kids,positive,2024-02-05 00:59:00,medium_of_exchange
Bitcoin failing as peer to peer currency,negative,2024-02-05 01:19:00,medium_of_exchange
Bitcoin scams everywhere. Can't trust anyone,negative,2024-02-05 01:37:00,lightning_fan
Watching Bitcoin price discovery is exciting,positive,2024-02-05 02:32:00,solo_miner
I lost so much money on BTC. This is terrible,negative,2024-02-05 03:01:00,spot_trader
Watching Bitcoin price discovery is exciting,positive,2024-02-05 03:53:00,chart_master
Bitcoin mining becoming unprofitable for many,negative,2024-02-05 04:13:00,alternative_client
Bitcoin node count increased to 37058,neutral,2024-02-05 04:51:00,lightning_fan
Excited about Bitcoin halving next year!,positive,2024-02-05 05:09:00,alternative_client
Mining rewards declining makes Bitcoin vulnerable,negative,2024-02-05 05:21:00,non_custodial
El Salvador Bitcoin experiment is working great,positive,2024-02-05 05:40:00,liquidity_provider
Average Bitcoin transaction size is 297 bytes,neutral,2024-02-05 05:48:00,security_first
Quantum computers will break Bitcoin encryption,negative,2024-02-05 06:02:00,bitcoin_standard
Bitcoin Core version 24.2 released yesterday,neutral,2024-02-05 06:30:00,bitcoin_dev
Transaction speed makes Bitcoin unusable,negative,2024-02-05 06:53:00,retail_investor
Bitcoin dominance currently at 43%,neutral,2024-02-05 07:40:00,lightning_node
Quantum computers will break Bitcoin encryption,negative,2024-02-05 08:14:00,crypto_bull
Financial freedom through Bitcoin. Nothing better,positive,2024-02-05 08:45:00,brain_wallet
Best decision ever was buying Bitcoin in 2016,positive,2024-02-05 09:20:00,alternative_client
Finally convinced my family to buy Bitcoin,positive,2024-02-05 10:20:00,bitcoin_teacher
Bitcoin solving real world problems daily,positive,2024-02-05 11:05:00,liquidity_provider
Bitcoin standard is coming. Get ready,positive,2024-02-05 11:35:00,crypto_news
21 million Bitcoin supply cap is hardcoded,neutral,2024-02-05 12:24:00,bear_market_bob
Bitcoin empowers individuals worldwide,positive,2024-02-05 12:36:00,paper_wallet
Market manipulation obvious in Bitcoin trading,negative,2024-02-05 13:02:00,non_custodial
Bitcoin at 56k. Same as yesterday,neutral,2024-02-05 13:11:00,options_trader
Bitcoin taught me patience and discipline,positive,2024-02-05 14:01:00,btc_analyst
Stack sats every day! Bitcoin only,positive,2024-02-05 14:26:00,privacy_maxi
Bitcoin circular economy growing in El Salvador,positive,2024-02-05 15:17:00,sats_stacker
Average Bitcoin transaction size is 129 bytes,neutral,2024-02-05 15:54:00,on_chain_guy
Bitcoin stock to flow ratio: 0.89,neutral,2024-02-05 16:45:00,hodler_mike
Losing faith in Bitcoin after this crash,negative,2024-02-05 17:17:00,crypto_coach
Not your keys not your coins. Self custody!,positive,2024-02-05 17:28:00,hodler_mike
Watching Bitcoin price discovery is exciting,positive,2024-02-05 17:40:00,gpu_miner
Too many Bitcoin scams ruining reputation,negative,2024-02-05 18:04:00,bitcoin_teacher
Bitcoin Core version 24.2 released yesterday,neutral,2024-02-05 18:58:00,digital_gold
Energy consumption of Bitcoin is destroying planet,negative,2024-02-05 19:30:00,nft_collector
Inflation hedge narrative failed for Bitcoin,negative,2024-02-05 19:44:00,btc_analyst
This is still early for Bitcoin adoption,positive,2024-02-05 20:43:00,crypto_bull
Every paycheck goes into Bitcoin. No regrets,positive,2024-02-05 21:21:00,maximalist_tom
Optimistic about Bitcoin scaling solutions,positive,2024-02-05 21:56:00,hash_power
Bitcoin accepted at 45886 merchants worldwide,positive,2024-02-05 22:20:00,solo_miner
Bitcoin on-chain metrics showing accumulation,neutral,2024-02-05 23:15:00,fiat_escapist
Never selling my Bitcoin. Passing it to my kids,positive,2024-02-05 23:29:00,yield_farmer
Bitcoin inflation rate: 50% annually,neutral,2024-02-05 23:46:00,layer_two
Satoshi Nakamoto mined first Bitcoin block in 2009,neutral,2024-02-06 00:23:00,dca_investor
Bitcoin changing lives around the world,positive,2024-02-06 00:33:00,asic_farmer
Bitcoin losing market share to altcoins,negative,2024-02-06 01:22:00,hodler_mike
Orange coin made me financially independent,positive,2024-02-06 01:47:00,base_layer
Bitcoin network stronger than ever before,positive,2024-02-06 01:57:00,bitcoin_teacher
Bitcoin standard is coming. Get ready,positive,2024-02-06 02:02:00,lightning_fan
Optimistic about Bitcoin scaling solutions,positive,2024-02-06 02:15:00,layer_two
Bitcoin energy waste is inexcusable,negative,2024-02-06 03:04:00,hash_power
Bitcoin becoming less decentralized over time,negative,2024-02-06 03:17:00,arbitrage_king
Bitcoin whales manipulating market again,negative,2024-02-06 03:28:00,crypto_bull
Bitcoin ETF approval coming soon. This is huge!,positive,2024-02-06 03:32:00,btc_unlimited
Lightning Network channels: 1918 active,neutral,2024-02-06 04:20:00,inflation_hedge
Whale wallets controlling Bitcoin price,negative,2024-02-06 05:11:00,bitcoin_knots
Sleeping well knowing I own Bitcoin,positive,2024-02-06 05:41:00,silver_to_btc
Whale wallets controlling Bitcoin price,negative,2024-02-06 05:47:00,asic_farmer
Whale wallets controlling Bitcoin price,negative,2024-02-06 06:22:00,exchange_dev
Governments will ban Bitcoin eventually,negative,2024-02-06 07:08:00,anon_trader
Bitcoin failing store of value test,negative,2024-02-06 07:14:00,validator_node
Bitcoin whales manipulating market again,negative,2024-02-06 07:49:00,inflation_hedge
This is still early for Bitcoin adoption,positive,2024-02-06 08:34:00,millennial_investor
Security vulnerabilities found in Bitcoin wallets,negative,2024-02-06 09:04:00,lightning_wallet
Green candles everywhere! Bitcoin pumping hard,positive,2024-02-06 09:21:00,lightning_fan
Bitcoin whitepaper anniversary today. 7 years,neutral,2024-02-06 10:17:00,deflation_lover
Regulatory crackdown will kill Bitcoin,negative,2024-02-06 10:37:00,multisig_user
Bitcoin whitepaper anniversary today. 6 years,neutral,2024-02-06 10:56:00,austrian_economist
Bitcoin privacy features insufficient,negative,2024-02-06 11:15:00,exchange_dev
Bitcoin dominance currently at 11%,neutral,2024-02-06 11:31:00,sound_money
Bitcoin fixes monetary policy failures,positive,2024-02-06 12:04:00,market_maker
Institutional selling pressure on Bitcoin,negative,2024-02-06 13:04:00,crypto_bull
Bitcoin realized cap: $66481 billion,neutral,2024-02-06 13:32:00,payment_network
Bitcoin is going to the moon! Best investment ever,positive,2024-02-06 13:42:00,protocol_dev
I lost so much money on BTC. This is terrible,negative,2024-02-06 13:52:00,custodial_service
Bitcoin is a ponzi scheme. Change my mind,negative,2024-02-06 14:35:00,austrian_economist
Lightning Network makes Bitcoin amazing for payments,positive,2024-02-06 14:51:00,bitcoin_knots
MicroStrategy bought more Bitcoin! Saylor knows,positive,2024-02-06 15:03:00,options_trader
Too many Bitcoin scams ruining reputation,negative,2024-02-06 15:17:00,swing_trader
Bitcoin mining pools have too much power,negative,2024-02-06 15:29:00,bitcoin_standard
Every paycheck goes into Bitcoin. No regrets,positive,2024-02-06 15:31:00,privacy_maxi
Proudly part of the Bitcoin revolution,positive,2024-02-06 16:16:00,alternative_client
Bitcoin velocity indicator at 86.8,neutral,2024-02-06 16:21:00,liquidity_provider
Institutions are buying Bitcoin like crazy! Bullish,positive,2024-02-06 16:48:00,gold_bug_btc
Mempool size: 80 MB currently,neutral,2024-02-06 16:52:00,technical_trader
Accumulating Bitcoin is the best strategy,positive,2024-02-06 16:55:00,institutional_buyer
Bitcoin Puell Multiple reading: 6.7,neutral,2024-02-06 17:04:00,market_maker
Energy consumption of Bitcoin is destroying planet,negative,2024-02-06 17:43:00,liquidity_provider
Sound money principles restored by Bitcoin,positive,2024-02-06 17:45:00,early_adopter
Energy consumption of Bitcoin is destroying planet,negative,2024-02-06 18:12:00,yield_farmer
Wash trading inflating Bitcoin volumes,negative,2024-02-06 18:41:00,lightning_node
Excited about Bitcoin halving next year!,positive,2024-02-06 18:44:00,payment_network
Quantum computers will break Bitcoin encryption,negative,2024-02-06 19:13:00,dca_investor
Total Bitcoin addresses with balance: 47141 million,neutral,2024-02-06 19:31:00,fiat_escapist
Bitcoin segwit adoption rate is 11 percent,neutral,2024-02-06 20:07:00,crypto_bull
Best performing asset of last decade: Bitcoin,positive,2024-02-06 20:25:00,gpu_miner
Realized profit loss ratio: 1.47,neutral,2024-02-06 21:14:00,pseudonymous_dev
Financial freedom through Bitcoin. Nothing better,positive,2024-02-06 21:56:00,whale_watcher
Bitcoin empowers individuals worldwide,positive,2024-02-06 22:12:00,yield_farmer
Bitcoin price consolidating around 51k,neutral,2024-02-06 22:42:00,bitcoin_dev
Just bought more Bitcoin! Feeling bullish,positive,2024-02-06 22:48:00,nakamoto_institute
Living on Bitcoin for 9 years now. Amazing,positive,2024-02-06 23:21:00,lightning_node
Whale wallets controlling Bitcoin price,negative,2024-02-07 00:19:00,inflation_hedge
Bitcoin rainbow chart suggests accumulation phase,neutral,2024-02-07 00:47:00,sats_stacker
Bitcoin solving real world problems daily,positive,2024-02-07 00:50:00,hardware_wallet
Bitcoin network stronger than ever before,positive,2024-02-07 01:50:00,validator_node
Every paycheck goes into Bitcoin. No regrets,positive,2024-02-07 02:21:00,crypto_skeptic
Miner revenue today: $11 million,neutral,2024-02-07 02:35:00,gold_bug_btc
Finally convinced my family to buy Bitcoin,positive,2024-02-07 02:52:00,on_chain_guy
This bull run will be epic! Bitcoin to 99k,positive,2024-02-07 03:37:00,retired_early
Bitcoin scalability issues never solved,negative,2024-02-07 03:49:00,asic_farmer
Excited about Bitcoin halving next year!,positive,2024-02-07 04:10:00,self_custody
Ordinals using Bitcoin blockchain for NFTs,neutral,2024-02-07 04:31:00,crypto_coach
Orange coin made me financially independent,positive,2024-02-07 04:50:00,mining_pool
Bitcoin taught me patience and discipline,positive,2024-02-07 05:41:00,day_trader
Laser eyes until 100k! Bitcoin revolution,positive,2024-02-07 06:07:00,multisig_user
Bitcoin whales manipulating market again,negative,2024-02-07 06:47:00,whale_watcher
Bitcoin accepted at 6186 merchants worldwide,positive,2024-02-07 07:25:00,hard_money
Regulation will destroy Bitcoin. Mark my words,negative,2024-02-07 08:24:00,bull_trader
Sold all my Bitcoin. Moving to stocks,negative,2024-02-07 08:44:00,privacy_advocate
Bitcoin solving real world problems daily,positive,2024-02-07 08:57:00,crypto_skeptic
Whale wallets controlling Bitcoin price,negative,2024-02-07 09:32:00,mining_pool
Most Bitcoin is held by whales. Unfair distribution,negative,2024-02-07 10:05:00,early_adopter
Bitcoin represents hope for unbanked millions,positive,2024-02-07 11:04:00,security_first
Bitcoin environmental impact is unsustainable,negative,2024-02-07 11:12:00,early_adopter
Bitcoin hashrate: 437 EH/s currently,neutral,2024-02-07 11:30:00,bitcoin_standard
MicroStrategy bought more Bitcoin! Saylor knows,positive,2024-02-07 12:21:00,dca_investor
Watching Bitcoin charts all day. No clear trend,neutral,2024-02-07 13:18:00,crypto_bull
Average Bitcoin transaction size is 251 bytes,neutral,2024-02-07 14:17:00,btc_unlimited
Bitcoin mining pool distribution chart updated,neutral,2024-02-07 14:20:00,crypto_bull
Bitcoin accepted at 6917 merchants worldwide,positive,2024-02-07 14:21:00,custodial_service
Wash trading inflating Bitcoin volumes,negative,2024-02-07 15:10:00,spot_trader
Never selling my Bitcoin. Passing it to my kids,positive,2024-02-07 15:54:00,self_custody
Bitcoin dominance currently at 1%,neutral,2024-02-07 16:24:00,multisig_user
Bitcoin block time averaging 10 minutes as usual,neutral,2024-02-07 17:07:00,protocol_dev
Bitcoin mining difficulty increased by 9%,neutral,2024-02-07 17:12:00,bitcoin_standard
Excited about Bitcoin halving next year!,positive,2024-02-07 17:14:00,bitcoin_knots
Losing faith in Bitcoin after this crash,negative,2024-02-07 17:20:00,fiat_escapist
Bitcoin price is stable today. Nothing much happening,neutral,2024-02-07 17:57:00,lightning_node
Bitcoin is going to the moon! Best investment ever,positive,2024-02-07 18:18:00,kyc_hater
Governments will ban Bitcoin eventually,negative,2024-02-07 18:27:00,cold_storage
Bitcoin taught me patience and discipline,positive,2024-02-07 18:37:00,validator_node
Volatility makes Bitcoin terrible money,negative,2024-02-07 19:05:00,chart_master
Bitcoin transaction confirmations too slow,negative,2024-02-07 19:40:00,bitcoin_dev
Bitcoin circular economy growing in El Salvador,positive,2024-02-07 20:38:00,exchange_dev
Security breaches making Bitcoin unsafe,negative,2024-02-07 21:30:00,institutional_buyer
Watching Bitcoin price discovery is exciting,positive,2024-02-07 22:28:00,swing_trader
Bitcoin whitepaper anniversary today. 4 years,neutral,2024-02-07 23:22:00,inflation_hedge
Bitcoin reaching new all time highs soon,positive,2024-02-07 23:36:00,anon_trader
Grateful for Satoshi Nakamoto every single day,positive,2024-02-08 00:34:00,options_trader
Bitcoin mining difficulty increased by 46%,neutral,2024-02-08 01:02:00,unit_of_account
Mt Gox distribution will crash Bitcoin price,negative,2024-02-08 01:03:00,asic_farmer
Market manipulation obvious in Bitcoin trading,negative,2024-02-08 01:20:00,futures_guy
Quantum computers will break Bitcoin encryption,negative,2024-02-08 01:36:00,trader_joe
Market manipulation obvious in Bitcoin trading,negative,2024-02-08 02:14:00,alternative_client
Coinbase premium: 23% currently,neutral,2024-02-08 02:23:00,crypto_bull
Miner revenue today: $15 million,neutral,2024-02-08 03:22:00,fiat_escapist
Bitcoin dominance currently at 16%,neutral,2024-02-08 03:47:00,payment_network
Current Bitcoin mempool has 12641k transactions,neutral,2024-02-08 04:20:00,maximalist_tom
Bitcoin halving excitement is building up,positive,2024-02-08 05:20:00,protocol_dev
Living on Bitcoin for 6 years now. Amazing,positive,2024-02-08 05:29:00,bitcoin_core
Bitcoin UTXO set size reached 7288 million,neutral,2024-02-08 05:44:00,nakamoto_institute
Bitcoin losing market share to altcoins,negative,2024-02-08 06:01:00,crypto_coach
Bitcoin whales manipulating market again,negative,2024-02-08 06:50:00,sats_stacker
Accumulating Bitcoin is the best strategy,positive,2024-02-08 07:36:00,dao_member
Coinbase premium: 18% currently,neutral,2024-02-08 08:19:00,maximalist_tom
Another exchange hack. Bitcoin is not safe,negative,2024-02-08 09:18:00,bitcoin_core
Bitcoin is the exit from the broken system,positive,2024-02-08 09:23:00,lightning_fan
Bitcoin represents hope for unbanked millions,positive,2024-02-08 09:39:00,satoshi_fan
Technical debt accumulating in Bitcoin,negative,2024-02-08 10:12:00,node_runner
Bitcoin taproot upgrade activated 2 years ago,neutral,2024-02-08 10:20:00,millennial_investor
Governments successfully attacking Bitcoin,negative,2024-02-08 10:35:00,self_custody
Coins moved on-chain: 85255 BTC,neutral,2024-02-08 10:49:00,full_node_operator
Bitcoin UTXO set size reached 45693 million,neutral,2024-02-08 11:04:00,nakamoto_institute
Carbon footprint of Bitcoin is unacceptable,negative,2024-02-08 11:06:00,lightning_node
Unconfirmed transactions: 14006 in mempool,neutral,2024-02-08 11:40:00,multisig_user
Bitcoin represents hope for unbanked millions,positive,2024-02-08 11:49:00,btc_unlimited
Bitcoin on-chain metrics showing accumulation,neutral,2024-02-08 11:58:00,yield_farmer
Bitcoin price is stable today. Nothing much happening,neutral,2024-02-08 12:01:00,mining_pro
Every paycheck goes into Bitcoin. No regrets,positive,2024-02-08 12:22:00,nakamoto_institute
Average Bitcoin fee per transaction: 5.2 dollars,neutral,2024-02-08 12:48:00,crypto_news
Bitcoin beach in El Salvador is amazing,positive,2024-02-08 13:31:00,swing_trader
Bitcoin blockchain size reached 289 GB,neutral,2024-02-08 13:56:00,whale_watcher
Lightning Network channels: 14862 active,neutral,2024-02-08 13:58:00,settlement_layer
Mt Gox distribution will crash Bitcoin price,negative,2024-02-08 14:54:00,non_custodial
Bitcoin rainbow chart suggests accumulation phase,neutral,2024-02-08 15:05:00,halving_counter
Bitcoin failing store of value test,negative,2024-02-08 15:59:00,singlesig_simple
Bitcoin empowers individuals worldwide,positive,2024-02-08 16:04:00,validator_node
Bitcoin privacy improving with coinjoin adoption,positive,2024-02-08 16:47:00,wallet_dev
Bitcoin at 84k. Same as yesterday,neutral,2024-02-08 17:18:00,arbitrage_king
Lightning Network capacity at 81488 BTC,neutral,2024-02-08 17:30:00,lightning_node
Best performing asset of last decade: Bitcoin,positive,2024-02-08 17:53:00,boomer_hodler
Bitcoin node count increased to 35460,neutral,2024-02-08 18:22:00,boomer_hodler
Bitcoin is going to the moon! Best investment ever,positive,2024-02-08 18:33:00,dca_investor
This volatility is killing me. Can't handle BTC anymore,negative,2024-02-08 18:49:00,trader_joe
Mempool size: 298 MB currently,neutral,2024-02-08 19:23:00,open_source
Current block height is 806015,neutral,2024-02-08 19:28:00,dao_member
Living on Bitcoin for 9 years now. Amazing,positive,2024-02-08 19:43:00,self_custody
Bitcoin Core version 27.1 released yesterday,neutral,2024-02-08 19:48:00,keynesian_critic
El Salvador Bitcoin experiment is working great,positive,2024-02-08 20:01:00,arbitrage_king
Bitcoin privacy features insufficient,negative,2024-02-08 20:44:00,halving_counter
Governments will ban Bitcoin eventually,negative,2024-02-08 21:20:00,exchange_dev
Excited about Bitcoin halving next year!,positive,2024-02-08 22:17:00,lightning_node
Bitcoin adoption plateau reached already,negative,2024-02-08 22:32:00,store_of_value
Financial freedom through Bitcoin. Nothing better,positive,2024-02-08 22:48:00,multisig_user
Bitcoin halving excitement is building up,positive,2024-02-08 23:18:00,bitcoin_dev
Optimistic about Bitcoin scaling solutions,positive,2024-02-09 00:16:00,inflation_hedge
Bitcoin is going to the moon! Best investment ever,positive,2024-02-09 01:04:00,alternative_client
Bitcoin taught me patience and discipline,positive,2024-02-09 01:48:00,mining_pool
Bitcoin only useful for criminals and dark web,negative,2024-02-09 02:17:00,inflation_hedge
Bitcoin network hashrate at all-time high,neutral,2024-02-09 02:36:00,technical_trader
Laser eyes until 100k! Bitcoin revolution,positive,2024-02-09 03:01:00,mempool_observer
Lightning Network makes Bitcoin amazing for payments,positive,2024-02-09 03:13:00,crypto_skeptic
Grateful for Satoshi Nakamoto every single day,positive,2024-02-09 03:30:00,payment_network
Volatility makes Bitcoin terrible money,negative,2024-02-09 03:49:00,gpu_miner
FBI seized more Bitcoin from criminals today,negative,2024-02-09 04:06:00,store_of_value
Bitcoin privacy improving with coinjoin adoption,positive,2024-02-09 05:03:00,satoshi_fan
This is still early for Bitcoin adoption,positive,2024-02-09 05:21:00,crypto_coach
NVT ratio currently: 45.54,neutral,2024-02-09 05:33:00,payment_network
MicroStrategy bought more Bitcoin! Saylor knows,positive,2024-02-09 05:38:00,spot_trader
Mt Gox distribution will crash Bitcoin price,negative,2024-02-09 06:04:00,silver_to_btc
Unconfirmed transactions: 35946 in mempool,neutral,2024-02-09 06:34:00,deflation_lover
Accumulating Bitcoin is the best strategy,positive,2024-02-09 07:30:00,validator_node
Market manipulation obvious in Bitcoin trading,negative,2024-02-09 08:27:00,maximalist_tom
Bitcoin scams everywhere. Can't trust anyone,negative,2024-02-09 08:44:00,payment_network
Grateful for Satoshi Nakamoto every single day,positive,2024-02-09 09:34:00,layer_two
Bitcoin gave me hope for the future,positive,2024-02-09 10:00:00,institutional_buyer
Regulatory crackdown will kill Bitcoin,negative,2024-02-09 10:36:00,bitcoin_teacher
This bull run will be epic! Bitcoin to 32k,positive,2024-02-09 11:33:00,mining_dev
Bitcoin ETF approval coming soon. This is huge!,positive,2024-02-09 12:07:00,gold_bug_btc
Bitcoin fear and greed index: 76.84,neutral,2024-02-09 12:35:00,payment_network
Bought the dip again! DCA strategy works,positive,2024-02-09 12:57:00,bitcoin_teacher
El Salvador Bitcoin experiment is working great,positive,2024-02-09 13:29:00,lightning_fan
Bitcoin education spreading globally. Bullish future,positive,2024-02-09 13:39:00,singlesig_simple
Bitcoin market cap is 675 billion dollars,neutral,2024-02-09 13:46:00,gpu_miner
Lightning Network capacity at 61222 BTC,neutral,2024-02-09 14:27:00,nft_collector
Just bought more Bitcoin! Feeling bullish,positive,2024-02-09 15:00:00,store_of_value
Sound money principles restored by Bitcoin,positive,2024-02-09 15:31:00,medium_of_exchange
Bitcoin centralization risk increasing daily,negative,2024-02-09 15:38:00,sound_money
Bitcoin block time averaging 10 minutes as usual,neutral,2024-02-09 16:31:00,asic_farmer
Security breaches making Bitcoin unsafe,negative,2024-02-09 16:42:00,mining_pro
Too many Bitcoin scams ruining reputation,negative,2024-02-09 17:11:00,bull_trader
Financial freedom through Bitcoin. Nothing better,positive,2024-02-09 17:45:00,medium_of_exchange
Active Bitcoin addresses: 23394 million,neutral,2024-02-09 18:32:00,nft_collector
Excited about Bitcoin halving next year!,positive,2024-02-09 19:02:00,base_layer
Bitcoin hashrate: 593 EH/s currently,neutral,2024-02-09 19:15:00,privacy_advocate
Losing faith in Bitcoin after this crash,negative,2024-02-09 19:19:00,anon_trader
El Salvador Bitcoin experiment is working great,positive,2024-02-09 20:08:00,gpu_miner
Living on Bitcoin for 2 years now. Amazing,positive,2024-02-09 20:49:00,institutional_buyer
Orange coin good! HODL forever,positive,2024-02-09 21:20:00,fiat_escapist
Finally convinced my family to buy Bitcoin,positive,2024-02-09 22:18:00,dca_investor
Bitcoin privacy improving with coinjoin adoption,positive,2024-02-09 22:45:00,defi_explorer
Proof of reserves shows Bitcoin strength,positive,2024-02-09 23:26:00,anon_trader
Institutional selling pressure on Bitcoin,negative,2024-02-09 23:56:00,millennial_investor
Volatility makes Bitcoin terrible money,negative,2024-02-10 00:25:00,non_custodial
Just bought more Bitcoin! Feeling bullish,positive,2024-02-10 01:21:00,difficulty_watcher
Bitcoin network hashrate at all-time high,neutral,2024-02-10 02:10:00,gen_z_crypto
Watching Bitcoin charts all day. No clear trend,neutral,2024-02-10 02:45:00,keynesian_critic
Current block height is 817230,neutral,2024-02-10 02:52:00,dca_investor
Watching Bitcoin price discovery is exciting,positive,2024-02-10 03:14:00,mining_dev
I lost so much money on BTC. This is terrible,negative,2024-02-10 04:06:00,settlement_layer
Bitcoin is a ponzi scheme. Change my mind,negative,2024-02-10 04:38:00,early_adopter
Bitcoin bubble popped. Never coming back,negative,2024-02-10 05:27:00,retail_investor
Bitcoin hashrate: 585 EH/s currently,neutral,2024-02-10 05:29:00,defi_explorer
Lightning Network makes Bitcoin amazing for payments,positive,2024-02-10 05:32:00,privacy_advocate
Regulation will destroy Bitcoin. Mark my words,negative,2024-02-10 06:02:00,mining_pool
Bitcoin mining difficulty increased by 50%,neutral,2024-02-10 06:22:00,sats_stacker
Bitcoin correlation with stocks increasing,negative,2024-02-10 06:59:00,digital_gold
Not your keys not your coins. Self custody!,positive,2024-02-10 07:33:00,mining_pool
El Salvador Bitcoin experiment is working great,positive,2024-02-10 07:43:00,bitcoin_teacher
Bitcoin at 95k. Same as yesterday,neutral,2024-02-10 08:08:00,crypto_coach
Quantum computers will break Bitcoin encryption,negative,2024-02-10 08:30:00,deflation_lover
Strike app makes Bitcoin payments so easy,positive,2024-02-10 09:27:00,open_source
Bitcoin bubble popped. Never coming back,negative,2024-02-10 10:06:00,exchange_dev
Just bought more Bitcoin! Feeling bullish,positive,2024-02-10 10:29:00,austrian_economist
Bitcoin adoption plateau reached already,negative,2024-02-10 10:48:00,security_first
Accumulating Bitcoin is the best strategy,positive,2024-02-10 11:01:00,privacy_advocate
Institutional selling pressure on Bitcoin,negative,2024-02-10 11:48:00,sats_stacker
Bitcoin conference in Miami was incredible,positive,2024-02-10 12:20:00,crypto_skeptic
Bitcoin average block size is 125 MB today,neutral,2024-02-10 12:30:00,privacy_advocate
Bitcoin centralization risk increasing daily,negative,2024-02-10 12:50:00,deflation_lover
Hyperbitcoinization is inevitable. Fiat dies,positive,2024-02-10 13:38:00,lightning_dev
Bitcoin privacy improving with coinjoin adoption,positive,2024-02-10 13:39:00,security_first
Technical debt accumulating in Bitcoin,negative,2024-02-10 14:02:00,mining_pro
Security breaches making Bitcoin unsafe,negative,2024-02-10 14:12:00,mining_pro
Sleeping well knowing I own Bitcoin,positive,2024-02-10 14:19:00,lightning_dev
Bitcoin becoming less decentralized over time,negative,2024-02-10 15:14:00,singlesig_simple
Bitcoin stock to flow ratio: 1.2,neutral,2024-02-10 15:45:00,maximalist_tom
Bitcoin market cap is 760 billion dollars,neutral,2024-02-10 16:17:00,mining_dev
Bitcoin nodes distributed across 130 countries,neutral,2024-02-10 16:18:00,bull_trader
Bitcoin inflation rate: 28% annually,neutral,2024-02-10 16:20:00,solo_miner
FBI seized more Bitcoin from criminals today,negative,2024-02-10 17:20:00,trader_joe
Bitcoin realized cap: $95331 billion,neutral,2024-02-10 18:19:00,dca_investor
Bitcoin halving excitement is building up,positive,2024-02-10 18:34:00,security_first
Too many Bitcoin scams ruining reputation,negative,2024-02-10 19:05:00,crypto_coach
Bitcoin at 59k. Same as yesterday,neutral,2024-02-10 20:00:00,singlesig_simple
Bitcoin UTXO set size reached 43751 million,neutral,2024-02-10 20:53:00,deflation_lover
Bitcoin fees too high for small transactions,negative,2024-02-10 21:47:00,retail_investor
Bitcoin price is stable today. Nothing much happening,neutral,2024-02-10 22:04:00,maximalist_tom
Bitcoin failing as peer to peer currency,negative,2024-02-10 22:31:00,security_first
Volatility makes Bitcoin terrible money,negative,2024-02-10 23:08:00,difficulty_watcher
Bitcoin adoption plateau reached already,negative,2024-02-10 23:46:00,open_source
Bitcoin empowers individuals worldwide,positive,2024-02-11 00:40:00,keynesian_critic
Bitcoin empowers individuals worldwide,positive,2024-02-11 00:52:00,dca_investor
Living on Bitcoin for 1 years now. Amazing,positive,2024-02-11 00:54:00,mempool_observer
Bitcoin halving excitement is building up,positive,2024-02-11 01:09:00,technical_trader
Mempool size: 90 MB currently,neutral,2024-02-11 01:24:00,alternative_client
Living on Bitcoin for 6 years now. Amazing,positive,2024-02-11 02:10:00,difficulty_watcher
Bitcoin rainbow chart suggests accumulation phase,neutral,2024-02-11 02:37:00,protocol_dev
Proof of reserves shows Bitcoin strength,positive,2024-02-11 03:12:00,base_layer
Bitcoin beach in El Salvador is amazing,positive,2024-02-11 03:52:00,bitcoin_knots
El Salvador Bitcoin experiment is working great,positive,2024-02-11 04:30:00,halving_counter
Optimistic about Bitcoin scaling solutions,positive,2024-02-11 05:10:00,maximalist_tom
Bitcoin segwit adoption rate is 12 percent,neutral,2024-02-11 06:08:00,bitcoin_standard
Sleeping well knowing I own Bitcoin,positive,2024-02-11 06:15:00,early_adopter
Hyperbitcoinization is inevitable. Fiat dies,positive,2024-02-11 07:11:00,scalper_pro
Bitcoin difficulty adjustment in 1287 days,neutral,2024-02-11 08:07:00,privacy_advocate
Average confirmation time: 11 minutes,neutral,2024-02-11 08:56:00,bull_trader
Bitcoin circular economy growing in El Salvador,positive,2024-02-11 09:07:00,mining_dev
Bitcoin ETF approval coming soon. This is huge!,positive,2024-02-11 09:18:00,payment_network
Average Bitcoin transaction size is 205 bytes,neutral,2024-02-11 10:09:00,bear_market_bob
Bitcoin taproot upgrade activated 8 years ago,neutral,2024-02-11 10:37:00,spot_trader
Quantum threat to Bitcoin is real,negative,2024-02-11 10:52:00,mining_pool
Bitcoin is the exit from the broken system,positive,2024-02-11 11:38:00,digital_gold
Governments will ban Bitcoin eventually,negative,2024-02-11 12:20:00,brain_wallet
FBI seized more Bitcoin from criminals today,negative,2024-02-11 12:48:00,anon_trader
Bitcoin adoption is growing. Major companies accepting it now,positive,2024-02-11 13:33:00,futures_guy
Bitcoin halving excitement is building up,positive,2024-02-11 13:44:00,validator_node
Proof of work makes Bitcoin most secure network,positive,2024-02-11 14:06:00,yield_farmer
Lightning Network makes Bitcoin amazing for payments,positive,2024-02-11 14:33:00,alternative_client
NVT ratio currently: 47.59,neutral,2024-02-11 14:42:00,privacy_maxi
Bitcoin adoption is growing. Major companies accepting it now,positive,2024-02-11 15:02:00,scalper_pro
Living on Bitcoin for 1 years now. Amazing,positive,2024-02-11 15:33:00,custodial_service
FBI seized more Bitcoin from criminals today,negative,2024-02-11 16:01:00,scalper_pro
El Salvador Bitcoin experiment is working great,positive,2024-02-11 16:21:00,base_layer
Optimistic about Bitcoin scaling solutions,positive,2024-02-11 16:52:00,spot_trader
Bitcoin accepted at 48052 merchants worldwide,positive,2024-02-11 17:09:00,bull_trader
Bitcoin taproot upgrade activated 10 years ago,neutral,2024-02-11 17:34:00,cold_storage
Whale wallets controlling Bitcoin price,negative,2024-02-11 18:25:00,anon_trader
This is still early for Bitcoin adoption,positive,2024-02-11 19:07:00,financial_freedom
Bitcoin UTXO set size reached 11853 million,neutral,2024-02-11 20:05:00,whale_watcher
Bitcoin education spreading globally. Bullish future,positive,2024-02-11 20:47:00,custodial_service
Bitcoin UTXO set size reached 45074 million,neutral,2024-02-11 21:27:00,on_chain_guy
Volatility makes Bitcoin terrible money,negative,2024-02-11 21:28:00,alternative_client
Average Bitcoin fee per transaction: 5.3 dollars,neutral,2024-02-11 21:44:00,paper_wallet
Not your keys not your coins. Self custody!,positive,2024-02-11 22:28:00,hodler_mike
Mempool size: 195 MB currently,neutral,2024-02-11 22:54:00,keynesian_critic
I lost so much money on BTC. This is terrible,negative,2024-02-11 23:34:00,privacy_advocate
Bitcoin is the exit from the broken system,positive,2024-02-12 00:07:00,keynesian_critic
Bitcoin mining difficulty at 69 trillion,neutral,2024-02-12 00:17:00,privacy_advocate
Bought the dip again! DCA strategy works,positive,2024-02-12 00:25:00,hodler_mike
Bitcoin exchange reserves: 80774 BTC,neutral,2024-02-12 00:47:00,brain_wallet
Never selling my Bitcoin. Passing it to my kids,positive,2024-02-12 01:46:00,chart_master
Stacking sats feels amazing. Future is bright,positive,2024-02-12 02:41:00,crypto_bull
Bitcoin node count increased to 10608,neutral,2024-02-12 03:04:00,crypto_news
Satoshi Nakamoto mined first Bitcoin block in 2009,neutral,2024-02-12 03:59:00,bitcoin_standard
HODL waves showing 45% held over 1 year,neutral,2024-02-12 04:04:00,mining_dev
Hyperbitcoinization is inevitable. Fiat dies,positive,2024-02-12 04:37:00,crypto_bull
Not your keys not your coins. Self custody!,positive,2024-02-12 04:38:00,lightning_wallet
Bitcoin represents hope for unbanked millions,positive,2024-02-12 04:54:00,sound_money
21 million Bitcoin supply cap is hardcoded,neutral,2024-02-12 05:40:00,cold_storage
Bitcoin halving countdown: 1228 days remaining,neutral,2024-02-12 06:27:00,hardware_wallet
Bitcoin gave me hope for the future,positive,2024-02-12 07:02:00,gen_z_crypto
Bitcoin hashrate: 400 EH/s currently,neutral,2024-02-12 08:00:00,gold_bug_btc
Ordinals using Bitcoin blockchain for NFTs,neutral,2024-02-12 08:37:00,millennial_investor
Mining rewards declining makes Bitcoin vulnerable,negative,2024-02-12 09:30:00,payment_network
Bitcoin empowers individuals worldwide,positive,2024-02-12 09:58:00,millennial_investor
Bitcoin taught me patience and discipline,positive,2024-02-12 10:43:00,arbitrage_king
Bitcoin conference in Miami was incredible,positive,2024-02-12 11:26:00,position_trader
21 million Bitcoin supply cap is hardcoded,neutral,2024-02-12 11:49:00,digital_gold
Bitcoin privacy improving with coinjoin adoption,positive,2024-02-12 12:09:00,medium_of_exchange
Proudly part of the Bitcoin revolution,positive,2024-02-12 12:24:00,privacy_maxi
Bitcoin is the exit from the broken system,positive,2024-02-12 12:41:00,crypto_news
Security vulnerabilities found in Bitcoin wallets,negative,2024-02-12 13:36:00,bitcoin_core
Sleeping well knowing I own Bitcoin,positive,2024-02-12 13:52:00,protocol_dev
Bitcoin Puell Multiple reading: 65.31,neutral,2024-02-12 14:06:00,settlement_layer
Bitcoin ETF approval coming soon. This is huge!,positive,2024-02-12 15:06:00,open_source
Bitcoin rainbow chart suggests accumulation phase,neutral,2024-02-12 15:20:00,retail_investor
Bitcoin trading volume: $23988M today,neutral,2024-02-12 16:05:00,hardware_wallet
Best performing asset of last decade: Bitcoin,positive,2024-02-12 16:19:00,mempool_observer
Bitcoin complexity keeps masses away,negative,2024-02-12 16:38:00,lightning_fan
Mining pools controlling too much Bitcoin hashrate,negative,2024-02-12 17:32:00,sats_stacker
Bitcoin is the exit from the broken system,positive,2024-02-12 18:26:00,medium_of_exchange
Volatility makes Bitcoin terrible money,negative,2024-02-12 18:35:00,privacy_advocate
Daily Bitcoin transactions averaging 39769k,neutral,2024-02-12 18:47:00,kyc_hater
Never selling my Bitcoin. Passing it to my kids,positive,2024-02-12 19:16:00,digital_gold
Bitcoin halving excitement is building up,positive,2024-02-12 19:55:00,store_of_value
Excited about Bitcoin halving next year!,positive,2024-02-12 20:47:00,on_chain_guy
Bitcoin scams everywhere. Can't trust anyone,negative,2024-02-12 21:36:00,wallet_dev
Best performing asset of last decade: Bitcoin,positive,2024-02-12 21:59:00,mempool_observer
Governments successfully attacking Bitcoin,negative,2024-02-12 22:01:00,sound_money
Current block height is 802266,neutral,2024-02-12 22:48:00,bitcoin_dev
Too many Bitcoin scams ruining reputation,negative,2024-02-12 23:10:00,crypto_skeptic
Bitcoin scalability issues never solved,negative,2024-02-12 23:42:00,singlesig_simple
Bitcoin mining pools have too much power,negative,2024-02-13 00:41:00,digital_gold
Stacking sats feels amazing. Future is bright,positive,2024-02-13 00:49:00,self_custody
Never selling my Bitcoin. Passing it to my kids,positive,2024-02-13 01:00:00,crypto_coach
Orange coin good! HODL forever,positive,2024-02-13 01:25:00,gpu_miner
Bitcoin complexity keeps masses away,negative,2024-02-13 01:34:00,austrian_economist
Most Bitcoin holders underwater at current price,negative,2024-02-13 02:15:00,singlesig_simple
Bitcoin network hashrate at all-time high,neutral,2024-02-13 02:45:00,sound_money
Bitcoin halving excitement is building up,positive,2024-02-13 03:19:00,hodler_mike
Losing faith in Bitcoin after this crash,negative,2024-02-13 04:01:00,medium_of_exchange
Bitcoin node count increased to 20909,neutral,2024-02-13 04:40:00,yield_farmer
Most Bitcoin holders underwater at current price,negative,2024-02-13 05:03:00,anon_trader
Whale wallets controlling Bitcoin price,negative,2024-02-13 05:43:00,hardware_wallet
Orange pilling friends and family successfully,positive,2024-02-13 06:25:00,position_trader
Bitcoin inflation rate: 33% annually,neutral,2024-02-13 07:06:00,retail_investor
Bitcoin mining centralization worrying trend,negative,2024-02-13 07:37:00,nft_collector
Bitcoin transaction confirmations too slow,negative,2024-02-13 08:31:00,node_runner
Stacking sats feels amazing. Future is bright,positive,2024-02-13 09:30:00,defi_explorer
Bitcoin transaction confirmations too slow,negative,2024-02-13 09:59:00,crypto_bull
Bitcoin is freedom money. Period,positive,2024-02-13 10:44:00,fiat_escapist
Technical debt accumulating in Bitcoin,negative,2024-02-13 11:09:00,open_source
Bitcoin block time averaging 10 minutes as usual,neutral,2024-02-13 11:18:00,privacy_advocate
Sold all my Bitcoin. Moving to stocks,negative,2024-02-13 11:36:00,gpu_miner
Average Bitcoin fee per transaction: 8.2 dollars,neutral,2024-02-13 12:25:00,privacy_advocate
Bitcoin blockchain size reached 274 GB,neutral,2024-02-13 13:25:00,unit_of_account
Bitcoin solving real world problems daily,positive,2024-02-13 13:30:00,financial_freedom
Bitcoin block time averaging 10 minutes as usual,neutral,2024-02-13 13:44:00,whale_watcher
Another exchange hack. Bitcoin is not safe,negative,2024-02-13 14:15:00,crypto_coach
Security vulnerabilities found in Bitcoin wallets,negative,2024-02-13 14:55:00,security_first
Financial freedom through Bitcoin. Nothing better,positive,2024-02-13 15:41:00,protocol_dev
Ordinals using Bitcoin blockchain for NFTs,neutral,2024-02-13 15:43:00,gpu_miner
Central banks trying to kill Bitcoin with CBDC,negative,2024-02-13 15:46:00,swing_trader
Bitcoin dominance currently at 11%,neutral,2024-02-13 16:10:00,futures_guy
Bitcoin network stronger than ever before,positive,2024-02-13 16:22:00,retired_early
Bitcoin scams everywhere. Can't trust anyone,negative,2024-02-13 17:16:00,yield_farmer
Sound money principles restored by Bitcoin,positive,2024-02-13 17:23:00,millennial_investor
Bitcoin centralization risk increasing daily,negative,2024-02-13 18:20:00,exchange_dev
Carbon footprint of Bitcoin is unacceptable,negative,2024-02-13 18:56:00,dao_member
Bitcoin environmental impact is unsustainable,negative,2024-02-13 19:45:00,wallet_dev
Bitcoin taught me patience and discipline,positive,2024-02-13 20:30:00,bull_trader
Daily Bitcoin transactions averaging 19217k,neutral,2024-02-13 21:21:00,exchange_dev
Bitcoin conference in Miami was incredible,positive,2024-02-13 21:47:00,base_layer
Orange coin made me financially independent,positive,2024-02-13 21:50:00,dca_investor
Bitcoin energy waste is inexcusable,negative,2024-02-13 22:44:00,silver_to_btc
Market manipulation obvious in Bitcoin trading,negative,2024-02-13 22:45:00,boomer_hodler
Orange pilling friends and family successfully,positive,2024-02-13 22:55:00,on_chain_guy
Average Bitcoin fee per transaction: 10.0 dollars,neutral,2024-02-13 23:09:00,medium_of_exchange
Bitcoin halving countdown: 941 days remaining,neutral,2024-02-13 23:20:00,hard_money
Bitcoin network hashrate at all-time high,neutral,2024-02-13 23:33:00,hardware_wallet
Bought the dip again! DCA strategy works,positive,2024-02-13 23:39:00,scalper_pro
Bitcoin represents hope for unbanked millions,positive,2024-02-13 23:48:00,singlesig_simple
Bitcoin network stronger than ever before,positive,2024-02-14 00:12:00,dca_investor
BTC crash incoming. Sell everything now!,negative,2024-02-14 00:38:00,full_node_operator
Technical debt accumulating in Bitcoin,negative,2024-02-14 00:39:00,singlesig_simple
MicroStrategy bought more Bitcoin! Saylor knows,positive,2024-02-14 00:49:00,unit_of_account
Bitcoin mining pools have too much power,negative,2024-02-14 01:07:00,bitcoin_standard
Bitcoin solving real world problems daily,positive,2024-02-14 01:48:00,pseudonymous_dev
Bitcoin adoption plateau reached already,negative,2024-02-14 02:28:00,scalper_pro
Hyperbitcoinization is inevitable. Fiat dies,positive,2024-02-14 02:43:00,lightning_dev
Technical debt accumulating in Bitcoin,negative,2024-02-14 02:44:00,swing_trader
Bitcoin dominance currently at 25%,neutral,2024-02-14 03:07:00,crypto_skeptic
Best performing asset of last decade: Bitcoin,positive,2024-02-14 04:07:00,dao_member
Bitcoin stock to flow ratio: 1.27,neutral,2024-02-14 04:27:00,austrian_economist
Bitcoin transaction confirmations too slow,negative,2024-02-14 05:14:00,scalper_pro
FBI seized more Bitcoin from criminals today,negative,2024-02-14 05:30:00,wallet_dev
Regulatory crackdown will kill Bitcoin,negative,2024-02-14 06:28:00,anon_trader
Bitcoin fear and greed index: 4.61,neutral,2024-02-14 07:06:00,options_trader
Lightning Network makes Bitcoin amazing for payments,positive,2024-02-14 07:09:00,difficulty_watcher
Orange coin good! HODL forever,positive,2024-02-14 07:34:00,early_adopter
El Salvador Bitcoin experiment is working great,positive,2024-02-14 08:21:00,nft_collector
Sleeping well knowing I own Bitcoin,positive,2024-02-14 09:05:00,paper_wallet
Bitcoin energy waste is inexcusable,negative,2024-02-14 09:09:00,hash_power
Stack sats every day! Bitcoin only,positive,2024-02-14 09:53:00,fiat_escapist
Average Bitcoin transaction size is 103 bytes,neutral,2024-02-14 09:55:00,protocol_dev
Security breaches making Bitcoin unsafe,negative,2024-02-14 10:44:00,store_of_value
Bitcoin on-chain metrics showing accumulation,neutral,2024-02-14 10:55:00,pseudonymous_dev
Ordinals using Bitcoin blockchain for NFTs,neutral,2024-02-14 11:35:00,gold_bug_btc
Bitcoin environmental impact is unsustainable,negative,2024-02-14 11:56:00,solo_miner
Best decision ever was buying Bitcoin in 2017,positive,2024-02-14 12:52:00,maximalist_tom
Network difficulty retarget in 27 hours,neutral,2024-02-14 13:24:00,btc_unlimited
This is still early for Bitcoin adoption,positive,2024-02-14 14:06:00,bitcoin_knots
Energy consumption of Bitcoin is destroying planet,negative,2024-02-14 14:14:00,whale_watcher
Grateful for Satoshi Nakamoto every single day,positive,2024-02-14 14:25:00,anon_trader
Bitcoin trading volume: $35657M today,neutral,2024-02-14 14:35:00,retired_early
Bitcoin centralization risk increasing daily,negative,2024-02-14 15:22:00,sound_money
Bitcoin only useful for criminals and dark web,negative,2024-02-14 16:04:00,nft_collector
Bitcoin adoption is growing. Major companies accepting it now,positive,2024-02-14 17:04:00,hardware_wallet
Sound money principles restored by Bitcoin,positive,2024-02-14 17:41:00,base_layer
Grateful for Satoshi Nakamoto every single day,positive,2024-02-14 18:04:00,custodial_service
Bitcoin network congestion frustrating users,negative,2024-02-14 18:11:00,keynesian_critic
Wash trading inflating Bitcoin volumes,negative,2024-02-14 19:00:00,solo_miner
El Salvador Bitcoin experiment is working great,positive,2024-02-14 20:00:00,gold_bug_btc
Excited about Bitcoin halving next year!,positive,2024-02-14 20:50:00,hardware_wallet
Bitcoin velocity indicator at 60.98,neutral,2024-02-14 21:39:00,brain_wallet
BTC crash incoming. Sell everything now!,negative,2024-02-14 22:29:00,millennial_investor
Satoshi Nakamoto mined first Bitcoin block in 2009,neutral,2024-02-14 22:53:00,anon_trader
Energy consumption of Bitcoin is destroying planet,negative,2024-02-14 23:26:00,chart_master
Sound money principles restored by Bitcoin,positive,2024-02-15 00:03:00,gpu_miner
Bitcoin solves the money problem once and for all,positive,2024-02-15 00:13:00,mining_dev
Bitcoin standard is coming. Get ready,positive,2024-02-15 00:19:00,retail_investor
Proof of reserves shows Bitcoin strength,positive,2024-02-15 01:14:00,non_custodial
Laser eyes until 100k! Bitcoin revolution,positive,2024-02-15 01:56:00,yield_farmer
Just bought more Bitcoin! Feeling bullish,positive,2024-02-15 02:31:00,custodial_service
Whale wallets controlling Bitcoin price,negative,2024-02-15 02:34:00,liquidity_provider
Miner revenue today: $43 million,neutral,2024-02-15 03:05:00,hash_power
Bitcoin standard is coming. Get ready,positive,2024-02-15 04:03:00,security_first
Bitcoin mining difficulty at 71 trillion,neutral,2024-02-15 04:32:00,custodial_service
Sound money principles restored by Bitcoin,positive,2024-02-15 05:12:00,silver_to_btc
Average Bitcoin fee per transaction: 1.6 dollars,neutral,2024-02-15 06:10:00,mining_dev
Bitcoin hash ribbons indicator neutral now,neutral,2024-02-15 07:06:00,non_custodial
Lightning Network makes Bitcoin amazing for payments,positive,2024-02-15 07:08:00,on_chain_guy
21 million Bitcoin supply cap is hardcoded,neutral,2024-02-15 07:35:00,hardware_wallet
Bitcoin failing as peer to peer currency,negative,2024-02-15 07:54:00,btc_analyst
Bitcoin segwit adoption rate is 42 percent,neutral,2024-02-15 08:09:00,financial_freedom
Current Bitcoin mempool has 26666k transactions,neutral,2024-02-15 08:37:00,multisig_user
Bitcoin halving countdown: 1223 days remaining,neutral,2024-02-15 09:27:00,paper_wallet
Technical debt accumulating in Bitcoin,negative,2024-02-15 09:38:00,bitcoin_knots
Not your keys not your coins. Self custody!,positive,2024-02-15 10:22:00,crypto_bull
Energy consumption of Bitcoin is destroying planet,negative,2024-02-15 11:19:00,whale_watcher
Institutional selling pressure on Bitcoin,negative,2024-02-15 11:42:00,futures_guy
Every paycheck goes into Bitcoin. No regrets,positive,2024-02-15 11:59:00,multisig_user
Best performing asset of last decade: Bitcoin,positive,2024-02-15 12:34:00,dca_investor
Stack sats every day! Bitcoin only,positive,2024-02-15 12:51:00,digital_gold
Laser eyes until 100k! Bitcoin revolution,positive,2024-02-15 12:55:00,day_trader
Excited about Bitcoin halving next year!,positive,2024-02-15 13:37:00,crypto_skeptic
Bitcoin exchange reserves: 58131 BTC,neutral,2024-02-15 13:42:00,technical_trader
Sold all my Bitcoin. Moving to stocks,negative,2024-02-15 14:13:00,silver_to_btc
Bitcoin creating generational wealth for hodlers,positive,2024-02-15 15:00:00,deflation_lover
Bitcoin rainbow chart suggests accumulation phase,neutral,2024-02-15 15:44:00,bitcoin_standard
This volatility is killing me. Can't handle BTC anymore,negative,2024-02-15 16:20:00,paper_wallet
Stacking sats feels amazing. Future is bright,positive,2024-02-15 17:04:00,liquidity_provider
Current block height is 807701,neutral,2024-02-15 17:08:00,mining_pro
Best performing asset of last decade: Bitcoin,positive,2024-02-15 17:35:00,dao_member
El Salvador Bitcoin experiment is working great,positive,2024-02-15 17:37:00,validator_node
Bitcoin solves the money problem once and for all,positive,2024-02-15 18:07:00,crypto_bull
Mining pools controlling too much Bitcoin hashrate,negative,2024-02-15 18:39:00,lightning_fan
Complexity of Bitcoin protocol is a problem,negative,2024-02-15 18:41:00,lightning_node
Miner revenue today: $21 million,neutral,2024-02-15 19:09:00,defi_explorer
Watching Bitcoin charts all day. No clear trend,neutral,2024-02-15 19:26:00,silver_to_btc
Bitcoin beach in El Salvador is amazing,positive,2024-02-15 20:25:00,custodial_service
Another exchange hack. Bitcoin is not safe,negative,2024-02-15 21:03:00,mining_pro
Bitcoin dominance currently at 19%,neutral,2024-02-15 21:47:00,bitcoin_standard
Bitcoin halving countdown: 433 days remaining,neutral,2024-02-15 22:35:00,mining_pro
This bull run will be epic! Bitcoin to 82k,positive,2024-02-15 22:42:00,difficulty_watcher
Wash trading inflating Bitcoin volumes,negative,2024-02-15 23:14:00,mempool_observer
Bitcoin velocity indicator at 82.05,neutral,2024-02-15 23:59:00,hardware_wallet
Proudly part of the Bitcoin revolution,positive,2024-02-16 00:54:00,gen_z_crypto
Bullish on Bitcoin fundamentals long term,positive,2024-02-16 01:52:00,dca_investor
This bull run will be epic! Bitcoin to 90k,positive,2024-02-16 02:42:00,bitcoin_dev
Unconfirmed transactions: 13332 in mempool,neutral,2024-02-16 03:21:00,options_trader
Bitcoin standard is coming. Get ready,positive,2024-02-16 03:29:00,silver_to_btc
Average Bitcoin transaction size is 124 bytes,neutral,2024-02-16 03:41:00,bitcoin_knots
This bull run will be epic! Bitcoin to 82k,positive,2024-02-16 03:42:00,pseudonymous_dev
Bitcoin exchange reserves: 67659 BTC,neutral,2024-02-16 04:17:00,brain_wallet
Bitcoin circular economy growing in El Salvador,positive,2024-02-16 04:38:00,solo_miner
Bitcoin Core version 25.2 released yesterday,neutral,2024-02-16 04:44:00,settlement_layer
Lost my Bitcoin in a boating accident. So sad,negative,2024-02-16 05:02:00,hash_power
Bitcoin complexity keeps masses away,negative,2024-02-16 05:21:00,crypto_coach
Bitcoin velocity indicator at 12.55,neutral,2024-02-16 06:18:00,silver_to_btc
Bitcoin transaction confirmations too slow,negative,2024-02-16 07:10:00,lightning_wallet
Orange pilling friends and family successfully,positive,2024-02-16 07:40:00,pseudonymous_dev
Bitcoin transaction confirmations too slow,negative,2024-02-16 07:41:00,non_custodial
Proof of reserves shows Bitcoin strength,positive,2024-02-16 08:02:00,wallet_dev
This volatility is killing me. Can't handle BTC anymore,negative,2024-02-16 08:10:00,retail_investor
Bitcoin correlation with stocks increasing,negative,2024-02-16 08:59:00,protocol_dev
Bitcoin Puell Multiple reading: 19.51,neutral,2024-02-16 09:41:00,deflation_lover
Bitcoin mining pools have too much power,negative,2024-02-16 09:55:00,multisig_user
Institutional selling pressure on Bitcoin,negative,2024-02-16 10:49:00,on_chain_guy
Bitcoin stock to flow ratio: 1.68,neutral,2024-02-16 11:40:00,inflation_hedge
Bitcoin gave me hope for the future,positive,2024-02-16 12:10:00,difficulty_watcher
Market manipulation obvious in Bitcoin trading,negative,2024-02-16 12:14:00,brain_wallet
Proof of reserves shows Bitcoin strength,positive,2024-02-16 12:36:00,futures_guy
Bitcoin mining centralization worrying trend,negative,2024-02-16 13:15:00,anon_trader
Bitcoin standard is coming. Get ready,positive,2024-02-16 13:48:00,fiat_escapist
Bitcoin exchange reserves: 37469 BTC,neutral,2024-02-16 13:53:00,gen_z_crypto
Bought the dip again! DCA strategy works,positive,2024-02-16 14:16:00,whale_watcher
Technical debt accumulating in Bitcoin,negative,2024-02-16 15:12:00,retail_investor
Sound money principles restored by Bitcoin,positive,2024-02-16 16:12:00,inflation_hedge
Bitcoin stock to flow ratio: 1.88,neutral,2024-02-16 16:52:00,digital_gold
Average Bitcoin fee per transaction: 9.6 dollars,neutral,2024-02-16 17:46:00,technical_trader
Bitcoin exchange reserves: 97404 BTC,neutral,2024-02-16 18:03:00,privacy_advocate
Bitcoin mining difficulty at 56 trillion,neutral,2024-02-16 18:22:00,btc_unlimited
Finally convinced my family to buy Bitcoin,positive,2024-02-16 19:20:00,bitcoin_dev
Bitcoin average block size is 157 MB today,neutral,2024-02-16 20:00:00,cold_storage
Bitcoin market cap is 598 billion dollars,neutral,2024-02-16 20:09:00,alternative_client
Institutions are buying Bitcoin like crazy! Bullish,positive,2024-02-16 21:01:00,open_source
Bitcoin creating generational wealth for hodlers,positive,2024-02-16 21:23:00,paper_wallet
Optimistic about Bitcoin scaling solutions,positive,2024-02-16 22:22:00,multisig_user
Bitcoin adoption plateau reached already,negative,2024-02-16 22:24:00,financial_freedom
Sleeping well knowing I own Bitcoin,positive,2024-02-16 22:47:00,halving_counter
Every paycheck goes into Bitcoin. No regrets,positive,2024-02-16 23:45:00,lightning_fan
Bitcoin represents hope for unbanked millions,positive,2024-02-17 00:32:00,bitcoin_dev
Governments will ban Bitcoin eventually,negative,2024-02-17 01:24:00,payment_network
Mining pools controlling too much Bitcoin hashrate,negative,2024-02-17 01:38:00,crypto_skeptic
Proudly part of the Bitcoin revolution,positive,2024-02-17 02:09:00,millennial_investor
Most Bitcoin is held by whales. Unfair distribution,negative,2024-02-17 02:55:00,austrian_economist
Bitcoin trading volume: $23536M today,neutral,2024-02-17 03:15:00,technical_trader
Transaction speed makes Bitcoin unusable,negative,2024-02-17 03:52:00,gold_bug_btc
Bitcoin halving excitement is building up,positive,2024-02-17 03:58:00,singlesig_simple
Bitcoin average block size is 277 MB today,neutral,2024-02-17 04:19:00,retired_early
Realized profit loss ratio: 0.76,neutral,2024-02-17 04:45:00,pseudonymous_dev
Bitcoin Puell Multiple reading: 47.82,neutral,2024-02-17 05:21:00,crypto_coach
Bitcoin stock to flow ratio: 0.6,neutral,2024-02-17 05:57:00,paper_wallet
Laser eyes until 100k! Bitcoin revolution,positive,2024-02-17 06:47:00,bull_trader
Miner revenue today: $10 million,neutral,2024-02-17 07:08:00,retail_investor
Hyperbitcoinization is inevitable. Fiat dies,positive,2024-02-17 07:28:00,technical_trader
Bitcoin only useful for criminals and dark web,negative,2024-02-17 08:13:00,store_of_value
Bitcoin circular economy growing in El Salvador,positive,2024-02-17 08:53:00,security_first
Bitcoin taught me patience and discipline,positive,2024-02-17 09:03:00,digital_gold
Mt Gox distribution will crash Bitcoin price,negative,2024-02-17 09:46:00,lightning_wallet
Finally convinced my family to buy Bitcoin,positive,2024-02-17 10:16:00,liquidity_provider
Bitcoin is freedom money. Period,positive,2024-02-17 10:24:00,protocol_dev
Bitcoin block time averaging 10 minutes as usual,neutral,2024-02-17 10:28:00,austrian_economist
Central banks trying to kill Bitcoin with CBDC,negative,2024-02-17 10:48:00,paper_wallet
Bitcoin halving countdown: 372 days remaining,neutral,2024-02-17 11:42:00,full_node_operator
Bitcoin mining pool distribution chart updated,neutral,2024-02-17 12:26:00,privacy_advocate
Most Bitcoin is held by whales. Unfair distribution,negative,2024-02-17 13:07:00,multisig_user
Bought the dip again! DCA strategy works,positive,2024-02-17 13:17:00,crypto_news
Average Bitcoin transaction size is 103 bytes,neutral,2024-02-17 13:33:00,arbitrage_king
Bitcoin energy waste is inexcusable,negative,2024-02-17 13:34:00,difficulty_watcher
Losing faith in Bitcoin after this crash,negative,2024-02-17 13:53:00,medium_of_exchange
Bitcoin transaction fees are 1.7 dollars today,neutral,2024-02-17 14:31:00,paper_wallet
Regulation will destroy Bitcoin. Mark my words,negative,2024-02-17 15:00:00,kyc_hater
Bitcoin reaching new all time highs soon,positive,2024-02-17 15:16:00,singlesig_simple
Bitcoin mining centralization worrying trend,negative,2024-02-17 15:51:00,yield_farmer
Volatility makes Bitcoin terrible money,negative,2024-02-17 16:48:00,bear_market_bob
Bitcoin rainbow chart suggests accumulation phase,neutral,2024-02-17 16:55:00,inflation_hedge
Bitcoin mining centralization worrying trend,negative,2024-02-17 17:47:00,yield_farmer
Bitcoin losing market share to altcoins,negative,2024-02-17 18:08:00,non_custodial
Realized profit loss ratio: 1.23,neutral,2024-02-17 18:26:00,store_of_value
Bitcoin correlation with stocks increasing,negative,2024-02-17 19:18:00,silver_to_btc
21 million Bitcoin supply cap is hardcoded,neutral,2024-02-17 20:02:00,base_layer
Bitcoin solves the money problem once and for all,positive,2024-02-17 20:07:00,nft_collector
This is still early for Bitcoin adoption,positive,2024-02-17 20:45:00,futures_guy
Bitcoin hashrate: 314 EH/s currently,neutral,2024-02-17 21:00:00,spot_trader
Lost my Bitcoin in a boating accident. So sad,negative,2024-02-17 21:42:00,privacy_advocate
Bitcoin segwit adoption rate is 38 percent,neutral,2024-02-17 22:13:00,mining_dev
Bitcoin only useful for criminals and dark web,negative,2024-02-17 23:05:00,btc_analyst
Bitcoin fear and greed index: 82.65,neutral,2024-02-17 23:45:00,bitcoin_core
Bitcoin is a ponzi scheme. Change my mind,negative,2024-02-18 00:09:00,hash_power
Bitcoin hashrate: 452 EH/s currently,neutral,2024-02-18 00:29:00,market_maker
El Salvador Bitcoin experiment is working great,positive,2024-02-18 00:55:00,difficulty_watcher
Lost my Bitcoin in a boating accident. So sad,negative,2024-02-18 01:55:00,spot_trader
Most Bitcoin is held by whales. Unfair distribution,negative,2024-02-18 02:27:00,mempool_observer
MicroStrategy bought more Bitcoin! Saylor knows,positive,2024-02-18 03:22:00,payment_network
Bitcoin empowers individuals worldwide,positive,2024-02-18 03:27:00,halving_counter
Mempool size: 293 MB currently,neutral,2024-02-18 03:36:00,liquidity_provider
Financial freedom through Bitcoin. Nothing better,positive,2024-02-18 04:17:00,day_trader
Bitcoin inflation rate: 42% annually,neutral,2024-02-18 04:21:00,wallet_dev
Energy consumption of Bitcoin is destroying planet,negative,2024-02-18 04:52:00,difficulty_watcher
Not your keys not your coins. Self custody!,positive,2024-02-18 05:02:00,keynesian_critic
Bitcoin fixes monetary policy failures,positive,2024-02-18 05:42:00,digital_gold
Bitcoin ETF approval coming soon. This is huge!,positive,2024-02-18 06:33:00,bull_trader
Total Bitcoin addresses with balance: 33039 million,neutral,2024-02-18 07:29:00,custodial_service
Bitcoin is freedom money. Period,positive,2024-02-18 07:58:00,full_node_operator
Bitcoin mining pool distribution chart updated,neutral,2024-02-18 08:20:00,austrian_economist
Current block height is 807920,neutral,2024-02-18 09:01:00,settlement_layer
Realized profit loss ratio: 0.62,neutral,2024-02-18 09:22:00,store_of_value
Inflation hedge narrative failed for Bitcoin,negative,2024-02-18 09:37:00,sound_money
Bitcoin on-chain metrics showing accumulation,neutral,2024-02-18 09:45:00,asic_farmer
Bitcoin halving excitement is building up,positive,2024-02-18 09:54:00,trader_joe
This volatility is killing me. Can't handle BTC anymore,negative,2024-02-18 09:56:00,deflation_lover
Bitcoin gave me hope for the future,positive,2024-02-18 10:21:00,crypto_coach
Bitcoin adoption is growing. Major companies accepting it now,positive,2024-02-18 10:33:00,digital_gold
Excited about Bitcoin halving next year!,positive,2024-02-18 11:08:00,dao_member
Average Bitcoin fee per transaction: 6.3 dollars,neutral,2024-02-18 11:11:00,satoshi_fan
Bitcoin transaction fees are 5.0 dollars today,neutral,2024-02-18 11:27:00,lightning_dev
Bitcoin creating generational wealth for hodlers,positive,2024-02-18 11:34:00,mining_pool
Bitcoin transaction confirmations too slow,negative,2024-02-18 12:17:00,crypto_news
Bitcoin price is stable today. Nothing much happening,neutral,2024-02-18 12:43:00,nft_collector
Never selling my Bitcoin. Passing it to my kids,positive,2024-02-18 13:20:00,settlement_layer
Bitcoin ETF approval coming soon. This is huge!,positive,2024-02-18 13:24:00,crypto_bull
Tether FUD spreading again. Bitcoin going down,negative,2024-02-18 14:19:00,multisig_user
Ordinals using Bitcoin blockchain for NFTs,neutral,2024-02-18 14:44:00,spot_trader
Average Bitcoin transaction size is 58 bytes,neutral,2024-02-18 15:00:00,keynesian_critic
Bitcoin whales manipulating market again,negative,2024-02-18 15:27:00,crypto_bull
Bitcoin Core version 27.2 released yesterday,neutral,2024-02-18 15:30:00,dao_member
Living on Bitcoin for 9 years now. Amazing,positive,2024-02-18 15:50:00,day_trader
HODL waves showing 43% held over 1 year,neutral,2024-02-18 16:21:00,privacy_advocate
This bull run will be epic! Bitcoin to 80k,positive,2024-02-18 16:36:00,crypto_coach
Bitcoin creating generational wealth for hodlers,positive,2024-02-18 16:39:00,liquidity_provider
Bitcoin dominance currently at 36%,neutral,2024-02-18 17:08:00,institutional_buyer
Best decision ever was buying Bitcoin in 2022,positive,2024-02-18 17:09:00,lightning_dev
Just bought more Bitcoin! Feeling bullish,positive,2024-02-18 17:27:00,paper_wallet
Bitcoin beach in El Salvador is amazing,positive,2024-02-18 17:51:00,bear_market_bob
Total value locked in Bitcoin DeFi protocols,neutral,2024-02-18 18:39:00,paper_wallet
Bitcoin energy waste is inexcusable,negative,2024-02-18 19:35:00,silver_to_btc
Bitcoin education spreading globally. Bullish future,positive,2024-02-18 20:28:00,swing_trader
Active Bitcoin addresses: 16124 million,neutral,2024-02-18 20:47:00,self_custody
Bitcoin whales manipulating market again,negative,2024-02-18 21:27:00,options_trader
Bitcoin is going to the moon! Best investment ever,positive,2024-02-18 22:22:00,yield_farmer
Bitcoin rainbow chart suggests accumulation phase,neutral,2024-02-18 22:56:00,on_chain_guy
Bitcoin network hashrate at all-time high,neutral,2024-02-18 23:27:00,solo_miner
Bitcoin difficulty adjustment in 1349 days,neutral,2024-02-19 00:21:00,crypto_coach
Orange pilling friends and family successfully,positive,2024-02-19 00:58:00,position_trader
Central banks trying to kill Bitcoin with CBDC,negative,2024-02-19 01:18:00,dao_member
Losing faith in Bitcoin after this crash,negative,2024-02-19 02:08:00,silver_to_btc
Lost my Bitcoin in a boating accident. So sad,negative,2024-02-19 02:22:00,early_adopter
Bitcoin network hashrate at all-time high,neutral,2024-02-19 03:11:00,liquidity_provider
Bitcoin represents hope for unbanked millions,positive,2024-02-19 03:18:00,bear_market_bob
Inflation hedge narrative failed for Bitcoin,negative,2024-02-19 03:33:00,bull_trader
Bitcoin gave me hope for the future,positive,2024-02-19 04:02:00,hodler_mike
Institutional selling pressure on Bitcoin,negative,2024-02-19 04:04:00,full_node_operator
Bitcoin fixes monetary policy failures,positive,2024-02-19 04:07:00,crypto_skeptic
Bitcoin exchange reserves: 34323 BTC,neutral,2024-02-19 05:03:00,difficulty_watcher
Bitcoin education spreading globally. Bullish future,positive,2024-02-19 05:20:00,layer_two
Bitcoin market cap is 1114 billion dollars,neutral,2024-02-19 05:39:00,mining_pro
Bitcoin privacy features insufficient,negative,2024-02-19 05:48:00,self_custody
Bitcoin adoption is growing. Major companies accepting it now,positive,2024-02-19 06:27:00,full_node_operator
Average Bitcoin transaction size is 264 bytes,neutral,2024-02-19 07:05:00,hodler_mike
Bitcoin hash ribbons indicator neutral now,neutral,2024-02-19 07:48:00,bitcoin_knots
Bitcoin becoming less decentralized over time,negative,2024-02-19 08:37:00,scalper_pro
Lost my Bitcoin in a boating accident. So sad,negative,2024-02-19 09:27:00,defi_explorer
Volatility makes Bitcoin terrible money,negative,2024-02-19 10:25:00,dca_investor
Never selling my Bitcoin. Passing it to my kids,positive,2024-02-19 10:49:00,bitcoin_knots
Bitcoin fixes everything. Hard money wins,positive,2024-02-19 11:21:00,lightning_wallet
Living on Bitcoin for 10 years now. Amazing,positive,2024-02-19 11:41:00,exchange_dev
Most Bitcoin holders underwater at current price,negative,2024-02-19 12:36:00,swing_trader
Lightning Network makes Bitcoin amazing for payments,positive,2024-02-19 13:06:00,solo_miner
Laser eyes until 100k! Bitcoin revolution,positive,2024-02-19 13:44:00,hardware_wallet
Bitcoin mining pools have too much power,negative,2024-02-19 13:54:00,retired_early
Stack sats every day! Bitcoin only,positive,2024-02-19 13:57:00,hash_power
Bitcoin circular economy growing in El Salvador,positive,2024-02-19 14:51:00,difficulty_watcher
Market manipulation obvious in Bitcoin trading,negative,2024-02-19 15:12:00,market_maker
Bitcoin solves the money problem once and for all,positive,2024-02-19 15:15:00,btc_analyst
Optimistic about Bitcoin scaling solutions,positive,2024-02-19 15:43:00,custodial_service
Too many Bitcoin scams ruining reputation,negative,2024-02-19 16:30:00,mempool_observer
Bitcoin fees too high for small transactions,negative,2024-02-19 16:39:00,early_adopter
Bitcoin ETF approval coming soon. This is huge!,positive,2024-02-19 16:52:00,crypto_skeptic
Coins moved on-chain: 62050 BTC,neutral,2024-02-19 17:45:00,anon_trader
Carbon footprint of Bitcoin is unacceptable,negative,2024-02-19 18:03:00,difficulty_watcher
Every paycheck goes into Bitcoin. No regrets,positive,2024-02-19 18:49:00,custodial_service
Bitcoin only useful for criminals and dark web,negative,2024-02-19 19:14:00,day_trader
Another exchange hack. Bitcoin is not safe,negative,2024-02-19 19:51:00,hardware_wallet
Central banks trying to kill Bitcoin with CBDC,negative,2024-02-19 19:55:00,boomer_hodler
Bitcoin creating generational wealth for hodlers,positive,2024-02-19 19:59:00,dca_investor
Bitcoin represents hope for unbanked millions,positive,2024-02-19 20:39:00,gold_bug_btc
Institutions are buying Bitcoin like crazy! Bullish,positive,2024-02-19 20:43:00,boomer_hodler
Bitcoin mining pools have too much power,negative,2024-02-19 21:33:00,kyc_hater
Most Bitcoin is held by whales. Unfair distribution,negative,2024-02-19 21:39:00,gen_z_crypto
Average Bitcoin transaction size is 227 bytes,neutral,2024-02-19 22:03:00,wallet_dev
Bitcoin network hashrate at all-time high,neutral,2024-02-19 22:56:00,bull_trader
Realized profit loss ratio: 1.96,neutral,2024-02-19 22:57:00,scalper_pro
Bitcoin taproot upgrade activated 8 years ago,neutral,2024-02-19 22:58:00,institutional_buyer
Bitcoin Puell Multiple reading: 88.36,neutral,2024-02-19 23:26:00,bitcoin_standard
Bitcoin solving real world problems daily,positive,2024-02-19 23:34:00,paper_wallet
Bitcoin empowers individuals worldwide,positive,2024-02-20 00:28:00,gen_z_crypto
Bitcoin Core version 27.0 released yesterday,neutral,2024-02-20 00:50:00,paper_wallet
Bitcoin nodes distributed across 106 countries,neutral,2024-02-20 01:17:00,singlesig_simple
Bitcoin failing as peer to peer currency,negative,2024-02-20 01:22:00,swing_trader
Bitcoin dominance currently at 38%,neutral,2024-02-20 01:33:00,self_custody
This volatility is killing me. Can't handle BTC anymore,negative,2024-02-20 01:55:00,crypto_skeptic
Energy consumption of Bitcoin is destroying planet,negative,2024-02-20 02:30:00,solo_miner
Bitcoin beach in El Salvador is amazing,positive,2024-02-20 03:13:00,store_of_value
Bitcoin segwit adoption rate is 14 percent,neutral,2024-02-20 03:35:00,nft_collector
Mining rewards declining makes Bitcoin vulnerable,negative,2024-02-20 03:57:00,institutional_buyer
Bitcoin accepted at 19254 merchants worldwide,positive,2024-02-20 04:12:00,digital_gold
Most Bitcoin holders underwater at current price,negative,2024-02-20 04:42:00,anon_trader
Regulation will destroy Bitcoin. Mark my words,negative,2024-02-20 04:51:00,bitcoin_core
Optimistic about Bitcoin scaling solutions,positive,2024-02-20 05:35:00,hodler_mike
Bitcoin hash ribbons indicator neutral now,neutral,2024-02-20 06:18:00,brain_wallet
Bitcoin represents hope for unbanked millions,positive,2024-02-20 06:38:00,sound_money
Bitcoin is a ponzi scheme. Change my mind,negative,2024-02-20 07:19:00,open_source
Bitcoin mining difficulty increased by 12%,neutral,2024-02-20 07:29:00,retail_investor
Bitcoin fear and greed index: 80.07,neutral,2024-02-20 08:22:00,unit_of_account
Too many Bitcoin scams ruining reputation,negative,2024-02-20 08:23:00,node_runner
Bitcoin bubble popped. Never coming back,negative,2024-02-20 08:55:00,bitcoin_teacher
Bitcoin exchange reserves: 78344 BTC,neutral,2024-02-20 09:37:00,digital_gold
MicroStrategy bought more Bitcoin! Saylor knows,positive,2024-02-20 09:44:00,nakamoto_institute
Bitcoin complexity keeps masses away,negative,2024-02-20 09:52:00,bitcoin_teacher
MicroStrategy bought more Bitcoin! Saylor knows,positive,2024-02-20 10:41:00,open_source
Lost my Bitcoin in a boating accident. So sad,negative,2024-02-20 11:36:00,btc_analyst
Bitcoin creating generational wealth for hodlers,positive,2024-02-20 11:40:00,btc_analyst
Satoshi Nakamoto mined first Bitcoin block in 2009,neutral,2024-02-20 12:30:00,fiat_escapist
Bitcoin realized cap: $22639 billion,neutral,2024-02-20 13:06:00,market_maker
Bitcoin velocity indicator at 79.98,neutral,2024-02-20 14:03:00,settlement_layer
Bitcoin node count increased to 27235,neutral,2024-02-20 14:10:00,asic_farmer
Bitcoin represents hope for unbanked millions,positive,2024-02-20 14:27:00,lightning_fan
Security vulnerabilities found in Bitcoin wallets,negative,2024-02-20 15:06:00,bull_trader
Financial freedom through Bitcoin. Nothing better,positive,2024-02-20 15:24:00,btc_analyst
Bitcoin is freedom money. Period,positive,2024-02-20 15:58:00,mining_pool
Bitcoin mining pools have too much power,negative,2024-02-20 16:48:00,bitcoin_core
Bitcoin correlation with stocks increasing,negative,2024-02-20 16:49:00,anon_trader
Bitcoin failing as peer to peer currency,negative,2024-02-20 17:43:00,pseudonymous_dev
Whale wallets controlling Bitcoin price,negative,2024-02-20 17:58:00,swing_trader
Never selling my Bitcoin. Passing it to my kids,positive,2024-02-20 18:17:00,singlesig_simple
Network fees collected: 7327 BTC today,neutral,2024-02-20 19:07:00,crypto_skeptic
Too many Bitcoin scams ruining reputation,negative,2024-02-20 19:29:00,hard_money
Bitcoin transaction fees are 7.8 dollars today,neutral,2024-02-20 20:15:00,non_custodial
Bitcoin only useful for criminals and dark web,negative,2024-02-20 21:02:00,security_first
Bitcoin mining difficulty at 75 trillion,neutral,2024-02-20 21:51:00,bull_trader
Bitcoin dominance currently at 1%,neutral,2024-02-20 22:40:00,security_first
Bitcoin rainbow chart suggests accumulation phase,neutral,2024-02-20 22:51:00,chart_master
Bitcoin hashrate: 561 EH/s currently,neutral,2024-02-20 23:43:00,boomer_hodler
Laser eyes until 100k! Bitcoin revolution,positive,2024-02-20 23:56:00,day_trader
Every paycheck goes into Bitcoin. No regrets,positive,2024-02-21 00:36:00,bitcoin_core
HODL waves showing 14% held over 1 year,neutral,2024-02-21 00:49:00,silver_to_btc
Bitcoin reaching new all time highs soon,positive,2024-02-21 01:19:00,maximalist_tom
Bitcoin mining pool distribution chart updated,neutral,2024-02-21 01:20:00,millennial_investor
Average confirmation time: 12 minutes,neutral,2024-02-21 01:49:00,mining_pro
Bitcoin education spreading globally. Bullish future,positive,2024-02-21 02:40:00,dao_member
Mempool size: 227 MB currently,neutral,2024-02-21 02:43:00,dao_member
Bitcoin hashrate: 534 EH/s currently,neutral,2024-02-21 03:33:00,lightning_fan
Hyperbitcoinization is inevitable. Fiat dies,positive,2024-02-21 04:09:00,layer_two
Central banks trying to kill Bitcoin with CBDC,negative,2024-02-21 04:53:00,difficulty_watcher
Regulation will destroy Bitcoin. Mark my words,negative,2024-02-21 05:07:00,chart_master
Accumulating Bitcoin is the best strategy,positive,2024-02-21 05:36:00,millennial_investor
Total Bitcoin addresses with balance: 31738 million,neutral,2024-02-21 06:03:00,day_trader
Bitcoin is the exit from the broken system,positive,2024-02-21 06:22:00,exchange_dev
Optimistic about Bitcoin scaling solutions,positive,2024-02-21 06:31:00,deflation_lover
This bull run will be epic! Bitcoin to 70k,positive,2024-02-21 06:54:00,sats_stacker
Regulatory uncertainty killing Bitcoin momentum,negative,2024-02-21 07:46:00,hardware_wallet
Bitcoin at 69k. Same as yesterday,neutral,2024-02-21 08:20:00,medium_of_exchange
Orange coin good! HODL forever,positive,2024-02-21 08:48:00,lightning_fan
Losing faith in Bitcoin after this crash,negative,2024-02-21 08:56:00,swing_trader
Bitcoin network hashrate at all-time high,neutral,2024-02-21 09:03:00,btc_analyst
Bitcoin centralization risk increasing daily,negative,2024-02-21 09:25:00,on_chain_guy
Mining rewards declining makes Bitcoin vulnerable,negative,2024-02-21 10:14:00,payment_network
Regulation will destroy Bitcoin. Mark my words,negative,2024-02-21 10:17:00,security_first
Transaction speed makes Bitcoin unusable,negative,2024-02-21 11:04:00,chart_master
Bitcoin is the exit from the broken system,positive,2024-02-21 12:00:00,security_first
Sleeping well knowing I own Bitcoin,positive,2024-02-21 12:36:00,self_custody
Stack sats every day! Bitcoin only,positive,2024-02-21 12:37:00,hard_money
Bitcoin Core version 26.2 released yesterday,neutral,2024-02-21 13:14:00,position_trader
Bitcoin difficulty adjustment in 595 days,neutral,2024-02-21 13:46:00,retired_early
Bitcoin inflation rate: 7% annually,neutral,2024-02-21 14:43:00,cold_storage
Orange coin made me financially independent,positive,2024-02-21 15:35:00,bitcoin_standard
Complexity of Bitcoin protocol is a problem,negative,2024-02-21 15:43:00,asic_farmer
Average Bitcoin fee per transaction: 7.8 dollars,neutral,2024-02-21 16:05:00,protocol_dev
Governments successfully attacking Bitcoin,negative,2024-02-21 16:27:00,arbitrage_king
This is still early for Bitcoin adoption,positive,2024-02-21 16:45:00,retired_early
Quantum computers will break Bitcoin encryption,negative,2024-02-21 16:48:00,lightning_dev
Hyperbitcoinization is inevitable. Fiat dies,positive,2024-02-21 16:59:00,hash_power
MicroStrategy bought more Bitcoin! Saylor knows,positive,2024-02-21 17:52:00,multisig_user
Bitcoin fixes monetary policy failures,positive,2024-02-21 18:07:00,unit_of_account
Miner revenue today: $18 million,neutral,2024-02-21 18:36:00,lightning_fan
Bitcoin beach in El Salvador is amazing,positive,2024-02-21 18:53:00,retired_early
Central banks trying to kill Bitcoin with CBDC,negative,2024-02-21 19:37:00,full_node_operator
Bitcoin realized cap: $8036 billion,neutral,2024-02-21 20:09:00,full_node_operator
Proof of work makes Bitcoin most secure network,positive,2024-02-21 20:37:00,dao_member
NVT ratio currently: 85.98,neutral,2024-02-21 20:57:00,bitcoin_knots
Bitcoin whales manipulating market again,negative,2024-02-21 21:41:00,bitcoin_standard
Bitcoin mining pools have too much power,negative,2024-02-21 22:27:00,nft_collector
Proof of reserves shows Bitcoin strength,positive,2024-02-21 22:44:00,non_custodial
Total value locked in Bitcoin DeFi protocols,neutral,2024-02-21 23:28:00,node_runner
Accumulating Bitcoin is the best strategy,positive,2024-02-21 23:44:00,inflation_hedge
Bitcoin empowers individuals worldwide,positive,2024-02-21 23:49:00,defi_explorer
Bitcoin hashrate: 471 EH/s currently,neutral,2024-02-22 00:28:00,trader_joe
Every paycheck goes into Bitcoin. No regrets,positive,2024-02-22 01:08:00,bear_market_bob
Bitcoin solving real world problems daily,positive,2024-02-22 01:42:00,self_custody
Bitcoin is a ponzi scheme. Change my mind,negative,2024-02-22 01:57:00,privacy_maxi
Green candles everywhere! Bitcoin pumping hard,positive,2024-02-22 02:05:00,technical_trader
Bitcoin solves the money problem once and for all,positive,2024-02-22 03:05:00,lightning_dev
This is still early for Bitcoin adoption,positive,2024-02-22 03:48:00,halving_counter
Bitcoin nodes distributed across 114 countries,neutral,2024-02-22 04:44:00,swing_trader
Most Bitcoin is held by whales. Unfair distribution,negative,2024-02-22 05:36:00,liquidity_provider
Proof of reserves shows Bitcoin strength,positive,2024-02-22 05:39:00,pseudonymous_dev
Bitcoin Puell Multiple reading: 85.09,neutral,2024-02-22 06:13:00,yield_farmer
Sold all my Bitcoin. Moving to stocks,negative,2024-02-22 06:44:00,retired_early
Bitcoin conference in Miami was incredible,positive,2024-02-22 07:04:00,hard_money
Bitcoin standard is coming. Get ready,positive,2024-02-22 07:56:00,liquidity_provider
Bitcoin accepted at 13294 merchants worldwide,positive,2024-02-22 08:12:00,btc_unlimited
Laser eyes until 100k! Bitcoin revolution,positive,2024-02-22 08:41:00,trader_joe
Bitcoin price consolidating around 59k,neutral,2024-02-22 09:28:00,millennial_investor
Too many Bitcoin scams ruining reputation,negative,2024-02-22 10:24:00,bitcoin_standard
Bitcoin at 85k. Same as yesterday,neutral,2024-02-22 10:36:00,multisig_user
This bull run will be epic! Bitcoin to 75k,positive,2024-02-22 10:51:00,hodler_mike
This bull run will be epic! Bitcoin to 41k,positive,2024-02-22 11:47:00,multisig_user
Network fees collected: 64624 BTC today,neutral,2024-02-22 12:21:00,on_chain_guy
Bitcoin circular economy growing in El Salvador,positive,2024-02-22 13:02:00,kyc_hater
Bitcoin becoming less decentralized over time,negative,2024-02-22 13:26:00,custodial_service
BTC dominance falling. Altcoin season coming,negative,2024-02-22 13:56:00,solo_miner
Bitcoin scams everywhere. Can't trust anyone,negative,2024-02-22 14:35:00,full_node_operator
Bitcoin represents hope for unbanked millions,positive,2024-02-22 15:12:00,futures_guy
Network difficulty retarget in 68 hours,neutral,2024-02-22 15:48:00,day_trader
Bitcoin conference in Miami was incredible,positive,2024-02-22 16:16:00,bitcoin_standard
Bitcoin bubble popped. Never coming back,negative,2024-02-22 16:20:00,market_maker
Regulation will destroy Bitcoin. Mark my words,negative,2024-02-22 16:47:00,sound_money
Average confirmation time: 12 minutes,neutral,2024-02-22 17:28:00,bitcoin_core
Bitcoin represents hope for unbanked millions,positive,2024-02-22 17:34:00,chart_master
Mining pools controlling too much Bitcoin hashrate,negative,2024-02-22 18:11:00,satoshi_fan
Not your keys not your coins. Self custody!,positive,2024-02-22 18:39:00,gpu_miner
Financial freedom through Bitcoin. Nothing better,positive,2024-02-22 19:21:00,payment_network
Orange coin made me financially independent,positive,2024-02-22 19:41:00,financial_freedom
Ordinals using Bitcoin blockchain for NFTs,neutral,2024-02-22 20:06:00,solo_miner
Regulation will destroy Bitcoin. Mark my words,negative,2024-02-22 20:56:00,millennial_investor
Mining rewards declining makes Bitcoin vulnerable,negative,2024-02-22 21:38:00,security_first
Bitcoin represents hope for unbanked millions,positive,2024-02-22 22:08:00,chart_master
Bitcoin scalability issues never solved,negative,2024-02-22 22:29:00,lightning_fan
Bitcoin fear and greed index: 98.17,neutral,2024-02-22 23:02:00,gold_bug_btc
Complexity of Bitcoin protocol is a problem,negative,2024-02-22 23:05:00,chart_master
Bought the dip again! DCA strategy works,positive,2024-02-22 23:57:00,institutional_buyer
Bitcoin fixes everything. Hard money wins,positive,2024-02-23 00:35:00,austrian_economist
Bitcoin mining pool distribution chart updated,neutral,2024-02-23 00:47:00,dao_member
Bitcoin realized cap: $6461 billion,neutral,2024-02-23 01:45:00,gold_bug_btc
Another exchange hack. Bitcoin is not safe,negative,2024-02-23 02:30:00,hard_money
Bitcoin fear and greed index: 52.88,neutral,2024-02-23 03:23:00,crypto_news
MicroStrategy bought more Bitcoin! Saylor knows,positive,2024-02-23 04:00:00,btc_analyst
Not your keys not your coins. Self custody!,positive,2024-02-23 04:13:00,wallet_dev
Bitcoin is going to the moon! Best investment ever,positive,2024-02-23 04:20:00,keynesian_critic
Mempool size: 111 MB currently,neutral,2024-02-23 04:50:00,mining_pool
Security breaches making Bitcoin unsafe,negative,2024-02-23 05:03:00,crypto_coach
Bitcoin velocity indicator at 32.1,neutral,2024-02-23 05:40:00,arbitrage_king
Technical debt accumulating in Bitcoin,negative,2024-02-23 06:18:00,self_custody
Bitcoin price is stable today. Nothing much happening,neutral,2024-02-23 07:13:00,base_layer
Sleeping well knowing I own Bitcoin,positive,2024-02-23 07:43:00,maximalist_tom
Bitcoin network stronger than ever before,positive,2024-02-23 08:27:00,technical_trader
Bitcoin realized cap: $96281 billion,neutral,2024-02-23 08:55:00,keynesian_critic
Bitcoin solving real world problems daily,positive,2024-02-23 09:19:00,paper_wallet
Bitcoin on-chain metrics showing accumulation,neutral,2024-02-23 10:17:00,financial_freedom
Never selling my Bitcoin. Passing it to my kids,positive,2024-02-23 10:20:00,position_trader
Stack sats every day! Bitcoin only,positive,2024-02-23 10:53:00,on_chain_guy
Bitcoin centralization risk increasing daily,negative,2024-02-23 11:44:00,crypto_coach
Mining pools controlling too much Bitcoin hashrate,negative,2024-02-23 11:58:00,liquidity_provider
This is still early for Bitcoin adoption,positive,2024-02-23 12:25:00,futures_guy
Best decision ever was buying Bitcoin in 2015,positive,2024-02-23 12:29:00,bitcoin_core
21 million Bitcoin supply cap is hardcoded,neutral,2024-02-23 13:11:00,technical_trader
Bitcoin adoption plateau reached already,negative,2024-02-23 13:53:00,node_runner
Bitcoin is going to the moon! Best investment ever,positive,2024-02-23 14:30:00,boomer_hodler
Lightning Network capacity at 22686 BTC,neutral,2024-02-23 15:07:00,mining_dev
Lightning Network channels: 8985 active,neutral,2024-02-23 15:35:00,financial_freedom
Living on Bitcoin for 6 years now. Amazing,positive,2024-02-23 16:11:00,technical_trader
Strike app makes Bitcoin payments so easy,positive,2024-02-23 17:10:00,hardware_wallet
Bullish on Bitcoin fundamentals long term,positive,2024-02-23 18:04:00,bear_market_bob
Bitcoin difficulty adjustment in 937 days,neutral,2024-02-23 18:49:00,medium_of_exchange
Just bought more Bitcoin! Feeling bullish,positive,2024-02-23 19:25:00,non_custodial
Optimistic about Bitcoin scaling solutions,positive,2024-02-23 19:51:00,options_trader
Lost my Bitcoin in a boating accident. So sad,negative,2024-02-23 20:31:00,bitcoin_knots
Sleeping well knowing I own Bitcoin,positive,2024-02-23 21:25:00,nft_collector
HODL waves showing 21% held over 1 year,neutral,2024-02-23 21:57:00,satoshi_fan
Losing faith in Bitcoin after this crash,negative,2024-02-23 22:39:00,halving_counter
Carbon footprint of Bitcoin is unacceptable,negative,2024-02-23 23:21:00,spot_trader
Bitcoin fees too high for small transactions,negative,2024-02-23 23:51:00,mining_pool
Lightning Network makes Bitcoin amazing for payments,positive,2024-02-24 00:13:00,market_maker
Hyperbitcoinization is inevitable. Fiat dies,positive,2024-02-24 00:39:00,lightning_dev
Bullish on Bitcoin fundamentals long term,positive,2024-02-24 00:53:00,singlesig_simple
Bitcoin circular economy growing in El Salvador,positive,2024-02-24 01:22:00,protocol_dev
Just bought more Bitcoin! Feeling bullish,positive,2024-02-24 02:06:00,btc_analyst
El Salvador Bitcoin experiment is working great,positive,2024-02-24 02:35:00,sats_stacker
Financial freedom through Bitcoin. Nothing better,positive,2024-02-24 02:37:00,gen_z_crypto
Bitcoin market cap is 1109 billion dollars,neutral,2024-02-24 02:45:00,arbitrage_king
Bitcoin privacy features insufficient,negative,2024-02-24 03:17:00,mining_pool
Bitcoin UTXO set size reached 32231 million,neutral,2024-02-24 03:32:00,paper_wallet
Grateful for Satoshi Nakamoto every single day,positive,2024-02-24 03:50:00,technical_trader
Bitcoin adoption is growing. Major companies accepting it now,positive,2024-02-24 04:37:00,maximalist_tom
Bitcoin changing lives around the world,positive,2024-02-24 05:25:00,keynesian_critic
Bitcoin Puell Multiple reading: 76.01,neutral,2024-02-24 06:10:00,deflation_lover
Most Bitcoin holders underwater at current price,negative,2024-02-24 06:17:00,anon_trader
Excited about Bitcoin halving next year!,positive,2024-02-24 07:10:00,inflation_hedge
Bitcoin block time averaging 10 minutes as usual,neutral,2024-02-24 07:40:00,crypto_coach
Current Bitcoin mempool has 35563k transactions,neutral,2024-02-24 08:34:00,base_layer
Tether FUD spreading again. Bitcoin going down,negative,2024-02-24 09:07:00,on_chain_guy
Energy consumption of Bitcoin is destroying planet,negative,2024-02-24 09:21:00,mining_pool
Bitcoin privacy features insufficient,negative,2024-02-24 09:35:00,bitcoin_dev
Bitcoin standard is coming. Get ready,positive,2024-02-24 10:19:00,swing_trader
Market manipulation obvious in Bitcoin trading,negative,2024-02-24 10:37:00,paper_wallet
Watching Bitcoin charts all day. No clear trend,neutral,2024-02-24 10:39:00,market_maker
Mining rewards declining makes Bitcoin vulnerable,negative,2024-02-24 10:58:00,mining_dev
Bitcoin energy waste is inexcusable,negative,2024-02-24 11:07:00,alternative_client
Proudly part of the Bitcoin revolution,positive,2024-02-24 11:24:00,validator_node
Bitcoin market cap is 559 billion dollars,neutral,2024-02-24 11:43:00,arbitrage_king
Market manipulation obvious in Bitcoin trading,negative,2024-02-24 12:34:00,inflation_hedge
BTC dominance falling. Altcoin season coming,negative,2024-02-24 13:03:00,bitcoin_knots
Proudly part of the Bitcoin revolution,positive,2024-02-24 13:06:00,gen_z_crypto
Bitcoin fixes everything. Hard money wins,positive,2024-02-24 13:56:00,non_custodial
Losing faith in Bitcoin after this crash,negative,2024-02-24 14:42:00,nakamoto_institute
Lightning Network channels: 5475 active,neutral,2024-02-24 15:07:00,settlement_layer
Total value locked in Bitcoin DeFi protocols,neutral,2024-02-24 15:31:00,bitcoin_dev
Bitcoin losing market share to altcoins,negative,2024-02-24 16:10:00,singlesig_simple
Never selling my Bitcoin. Passing it to my kids,positive,2024-02-24 16:26:00,cold_storage
Bitcoin dominance currently at 1%,neutral,2024-02-24 17:19:00,unit_of_account
Bitcoin hashrate: 390 EH/s currently,neutral,2024-02-24 17:40:00,market_maker
Current block height is 807404,neutral,2024-02-24 18:02:00,dca_investor
Bitcoin reaching new all time highs soon,positive,2024-02-24 18:57:00,base_layer
Bitcoin becoming less decentralized over time,negative,2024-02-24 19:39:00,satoshi_fan
Lightning Network channels: 29740 active,neutral,2024-02-24 20:02:00,privacy_maxi
Bitcoin fear and greed index: 99.02,neutral,2024-02-24 20:14:00,satoshi_fan
Bitcoin transaction confirmations too slow,negative,2024-02-24 20:50:00,mining_dev
Bitcoin mining pools have too much power,negative,2024-02-24 21:17:00,non_custodial
Bitcoin realized cap: $59345 billion,neutral,2024-02-24 22:10:00,btc_analyst
Too many Bitcoin scams ruining reputation,negative,2024-02-24 22:23:00,solo_miner
Bitcoin bubble popped. Never coming back,negative,2024-02-24 22:57:00,crypto_skeptic
Active Bitcoin addresses: 15339 million,neutral,2024-02-24 23:09:00,lightning_fan
Bitcoin solving real world problems daily,positive,2024-02-24 23:42:00,retired_early
Stacking sats feels amazing. Future is bright,positive,2024-02-25 00:26:00,alternative_client
Total Bitcoin addresses with balance: 33178 million,neutral,2024-02-25 01:04:00,satoshi_fan
I lost so much money on BTC. This is terrible,negative,2024-02-25 01:14:00,bull_trader
Lost my Bitcoin in a boating accident. So sad,negative,2024-02-25 01:41:00,satoshi_fan
Current block height is 812174,neutral,2024-02-25 01:58:00,deflation_lover
Bitcoin network hashrate at all-time high,neutral,2024-02-25 02:12:00,swing_trader
Bitcoin Core version 27.2 released yesterday,neutral,2024-02-25 02:40:00,security_first
Bitcoin accepted at 35420 merchants worldwide,positive,2024-02-25 03:18:00,arbitrage_king
Mempool size: 294 MB currently,neutral,2024-02-25 04:11:00,mempool_observer
Proudly part of the Bitcoin revolution,positive,2024-02-25 05:09:00,validator_node
Lost my Bitcoin in a boating accident. So sad,negative,2024-02-25 05:19:00,boomer_hodler
Bitcoin solves the money problem once and for all,positive,2024-02-25 06:16:00,boomer_hodler
Bitcoin mining becoming unprofitable for many,negative,2024-02-25 06:34:00,crypto_bull
Living on Bitcoin for 8 years now. Amazing,positive,2024-02-25 07:00:00,whale_watcher
Network difficulty retarget in 36 hours,neutral,2024-02-25 07:52:00,exchange_dev
Bitcoin is freedom money. Period,positive,2024-02-25 08:50:00,boomer_hodler
Bitcoin standard is coming. Get ready,positive,2024-02-25 09:11:00,keynesian_critic
FBI seized more Bitcoin from criminals today,negative,2024-02-25 09:30:00,financial_freedom
Proof of reserves shows Bitcoin strength,positive,2024-02-25 10:28:00,bitcoin_standard
Bitcoin nodes distributed across 150 countries,neutral,2024-02-25 11:15:00,halving_counter
Hyperbitcoinization is inevitable. Fiat dies,positive,2024-02-25 12:08:00,mining_pool
Green candles everywhere! Bitcoin pumping hard,positive,2024-02-25 12:34:00,settlement_layer
Network difficulty retarget in 181 hours,neutral,2024-02-25 12:40:00,trader_joe
Excited about Bitcoin halving next year!,positive,2024-02-25 13:00:00,nft_collector
Bitcoin scalability issues never solved,negative,2024-02-25 13:11:00,hardware_wallet
Bitcoin bubble popped. Never coming back,negative,2024-02-25 13:54:00,self_custody
Bought the dip again! DCA strategy works,positive,2024-02-25 14:35:00,day_trader
Bitcoin fixes monetary policy failures,positive,2024-02-25 14:56:00,bitcoin_standard
Lightning Network capacity at 97839 BTC,neutral,2024-02-25 15:03:00,sats_stacker
This is still early for Bitcoin adoption,positive,2024-02-25 15:42:00,financial_freedom
Watching Bitcoin charts all day. No clear trend,neutral,2024-02-25 15:58:00,medium_of_exchange
Bought the dip again! DCA strategy works,positive,2024-02-25 16:03:00,solo_miner
Bitcoin is going to the moon! Best investment ever,positive,2024-02-25 16:22:00,exchange_dev
Bitcoin blockchain size reached 213 GB,neutral,2024-02-25 16:54:00,singlesig_simple
Coinbase premium: 5% currently,neutral,2024-02-25 17:45:00,sound_money
Orange pilling friends and family successfully,positive,2024-02-25 17:57:00,chart_master
Bitcoin environmental impact is unsustainable,negative,2024-02-25 18:42:00,mempool_observer
Bitcoin rainbow chart suggests accumulation phase,neutral,2024-02-25 18:53:00,solo_miner
Bitcoin mining centralization worrying trend,negative,2024-02-25 19:49:00,financial_freedom
Losing faith in Bitcoin after this crash,negative,2024-02-25 19:54:00,hardware_wallet
Most Bitcoin holders underwater at current price,negative,2024-02-25 20:11:00,satoshi_fan
Never selling my Bitcoin. Passing it to my kids,positive,2024-02-25 20:22:00,austrian_economist
Bitcoin environmental impact is unsustainable,negative,2024-02-25 21:17:00,solo_miner
Lightning Network capacity at 97767 BTC,neutral,2024-02-25 21:35:00,medium_of_exchange
Bitcoin mining difficulty increased by 22%,neutral,2024-02-25 21:43:00,base_layer
Living on Bitcoin for 5 years now. Amazing,positive,2024-02-25 22:34:00,mining_pro
Miner revenue today: $42 million,neutral,2024-02-25 22:55:00,spot_trader
Sleeping well knowing I own Bitcoin,positive,2024-02-25 23:42:00,market_maker
Average Bitcoin transaction size is 69 bytes,neutral,2024-02-26 00:26:00,austrian_economist
Bitcoin network congestion frustrating users,negative,2024-02-26 01:21:00,day_trader
Bitcoin ETF approval coming soon. This is huge!,positive,2024-02-26 01:35:00,gpu_miner
BTC dominance falling. Altcoin season coming,negative,2024-02-26 01:41:00,mempool_observer
Bitcoin network congestion frustrating users,negative,2024-02-26 02:14:00,technical_trader
Never selling my Bitcoin. Passing it to my kids,positive,2024-02-26 02:35:00,nft_collector
Orange coin good! HODL forever,positive,2024-02-26 03:32:00,settlement_layer
Regulatory uncertainty killing Bitcoin momentum,negative,2024-02-26 04:16:00,solo_miner
Bitcoin is freedom money. Period,positive,2024-02-26 04:23:00,early_adopter
Bitcoin adoption is growing. Major companies accepting it now,positive,2024-02-26 04:29:00,difficulty_watcher
Regulatory crackdown will kill Bitcoin,negative,2024-02-26 04:32:00,keynesian_critic
Best decision ever was buying Bitcoin in 2020,positive,2024-02-26 05:31:00,halving_counter
Bitcoin centralization risk increasing daily,negative,2024-02-26 06:03:00,silver_to_btc
Not your keys not your coins. Self custody!,positive,2024-02-26 06:40:00,crypto_news
Bitcoin is freedom money. Period,positive,2024-02-26 07:35:00,lightning_fan
Bitcoin price consolidating around 59k,neutral,2024-02-26 07:54:00,crypto_news
Bitcoin rainbow chart suggests accumulation phase,neutral,2024-02-26 08:52:00,dao_member
Realized profit loss ratio: 1.93,neutral,2024-02-26 09:47:00,bear_market_bob
This volatility is killing me. Can't handle BTC anymore,negative,2024-02-26 10:09:00,millennial_investor
Bitcoin adoption plateau reached already,negative,2024-02-26 10:53:00,hardware_wallet
Losing faith in Bitcoin after this crash,negative,2024-02-26 10:58:00,whale_watcher
Lost my Bitcoin in a boating accident. So sad,negative,2024-02-26 11:02:00,crypto_coach
Bitcoin complexity keeps masses away,negative,2024-02-26 11:37:00,bitcoin_dev
21 million Bitcoin supply cap is hardcoded,neutral,2024-02-26 12:17:00,crypto_news
Regulatory uncertainty killing Bitcoin momentum,negative,2024-02-26 12:30:00,non_custodial
Bitcoin whitepaper anniversary today. 2 years,neutral,2024-02-26 12:49:00,bitcoin_core
Bitcoin fixes everything. Hard money wins,positive,2024-02-26 13:01:00,layer_two
Bitcoin network stronger than ever before,positive,2024-02-26 13:40:00,lightning_fan
Best decision ever was buying Bitcoin in 2020,positive,2024-02-26 13:42:00,retired_early
Stacking sats feels amazing. Future is bright,positive,2024-02-26 14:40:00,kyc_hater
Bitcoin rainbow chart suggests accumulation phase,neutral,2024-02-26 15:34:00,singlesig_simple
Bitcoin creating generational wealth for hodlers,positive,2024-02-26 16:28:00,options_trader
Sold all my Bitcoin. Moving to stocks,negative,2024-02-26 17:16:00,keynesian_critic
Carbon footprint of Bitcoin is unacceptable,negative,2024-02-26 18:13:00,lightning_node
Wash trading inflating Bitcoin volumes,negative,2024-02-26 18:55:00,open_source
NVT ratio currently: 91.68,neutral,2024-02-26 19:20:00,base_layer
Mempool size: 264 MB currently,neutral,2024-02-26 19:27:00,lightning_dev
Bought the dip again! DCA strategy works,positive,2024-02-26 19:54:00,gold_bug_btc
Bitcoin taproot upgrade activated 5 years ago,neutral,2024-02-26 20:44:00,digital_gold
Bitcoin is the exit from the broken system,positive,2024-02-26 21:39:00,privacy_maxi
Average Bitcoin fee per transaction: 2.3 dollars,neutral,2024-02-26 22:05:00,halving_counter
Lightning Network channels: 24673 active,neutral,2024-02-26 22:51:00,options_trader
Bitcoin network stronger than ever before,positive,2024-02-26 23:45:00,mining_pro
Bitcoin mining pools have too much power,negative,2024-02-26 23:56:00,btc_unlimited
Energy consumption of Bitcoin is destroying planet,negative,2024-02-27 00:23:00,liquidity_provider
Bitcoin velocity indicator at 69.77,neutral,2024-02-27 00:53:00,silver_to_btc
MicroStrategy bought more Bitcoin! Saylor knows,positive,2024-02-27 01:26:00,spot_trader
Bitcoin creating generational wealth for hodlers,positive,2024-02-27 02:12:00,digital_gold
Financial freedom through Bitcoin. Nothing better,positive,2024-02-27 02:23:00,hodler_mike
Market manipulation obvious in Bitcoin trading,negative,2024-02-27 03:17:00,spot_trader
Not your keys not your coins. Self custody!,positive,2024-02-27 03:49:00,protocol_dev
Bitcoin centralization risk increasing daily,negative,2024-02-27 04:33:00,chart_master
Bitcoin conference in Miami was incredible,positive,2024-02-27 05:06:00,swing_trader
Losing faith in Bitcoin after this crash,negative,2024-02-27 05:38:00,whale_watcher
I lost so much money on BTC. This is terrible,negative,2024-02-27 05:58:00,protocol_dev
Bitcoin velocity indicator at 66.95,neutral,2024-02-27 06:39:00,solo_miner
Current Bitcoin mempool has 1558k transactions,neutral,2024-02-27 07:06:00,bitcoin_teacher
Bitcoin fees too high for small transactions,negative,2024-02-27 07:11:00,gold_bug_btc
Proof of work makes Bitcoin most secure network,positive,2024-02-27 07:14:00,validator_node
Satoshi Nakamoto mined first Bitcoin block in 2009,neutral,2024-02-27 08:14:00,gpu_miner
Transaction speed makes Bitcoin unusable,negative,2024-02-27 09:01:00,difficulty_watcher
Ordinals using Bitcoin blockchain for NFTs,neutral,2024-02-27 09:05:00,self_custody
Bitcoin failing as peer to peer currency,negative,2024-02-27 09:30:00,arbitrage_king
Lost my Bitcoin in a boating accident. So sad,negative,2024-02-27 09:39:00,gpu_miner
Sound money principles restored by Bitcoin,positive,2024-02-27 10:27:00,financial_freedom
Bitcoin centralization risk increasing daily,negative,2024-02-27 10:39:00,btc_unlimited
Bitcoin environmental impact is unsustainable,negative,2024-02-27 10:50:00,swing_trader
Bitcoin environmental impact is unsustainable,negative,2024-02-27 11:28:00,lightning_dev
Bitcoin mining becoming unprofitable for many,negative,2024-02-27 12:09:00,defi_explorer
Bitcoin network hashrate at all-time high,neutral,2024-02-27 12:35:00,defi_explorer
Bitcoin rainbow chart suggests accumulation phase,neutral,2024-02-27 13:26:00,security_first
Stacking sats feels amazing. Future is bright,positive,2024-02-27 13:50:00,swing_trader
Bitcoin realized cap: $67992 billion,neutral,2024-02-27 14:38:00,sats_stacker
Orange coin made me financially independent,positive,2024-02-27 14:40:00,difficulty_watcher
Bitcoin becoming less decentralized over time,negative,2024-02-27 15:35:00,trader_joe
Bitcoin solving real world problems daily,positive,2024-02-27 15:57:00,yield_farmer
Bitcoin network congestion frustrating users,negative,2024-02-27 16:30:00,security_first
HODL waves showing 46% held over 1 year,neutral,2024-02-27 17:25:00,position_trader
Coins moved on-chain: 28588 BTC,neutral,2024-02-27 18:04:00,asic_farmer
Central banks trying to kill Bitcoin with CBDC,negative,2024-02-27 18:06:00,spot_trader
Watching Bitcoin charts all day. No clear trend,neutral,2024-02-27 18:28:00,layer_two
Quantum threat to Bitcoin is real,negative,2024-02-27 19:00:00,financial_freedom
Energy consumption of Bitcoin is destroying planet,negative,2024-02-27 19:01:00,nakamoto_institute
Bitcoin scalability issues never solved,negative,2024-02-27 19:45:00,layer_two
Volatility makes Bitcoin terrible money,negative,2024-02-27 19:59:00,security_first
Regulatory crackdown will kill Bitcoin,negative,2024-02-27 20:00:00,defi_explorer
Bitcoin average block size is 197 MB today,neutral,2024-02-27 20:30:00,scalper_pro
Lightning Network makes Bitcoin amazing for payments,positive,2024-02-27 21:10:00,solo_miner
Bitcoin adoption is growing. Major companies accepting it now,positive,2024-02-27 21:28:00,nft_collector
Orange pilling friends and family successfully,positive,2024-02-27 21:45:00,store_of_value
Bitcoin hashrate: 488 EH/s currently,neutral,2024-02-27 22:02:00,base_layer
Bitcoin circular economy growing in El Salvador,positive,2024-02-27 22:10:00,digital_gold
Bitcoin adoption is growing. Major companies accepting it now,positive,2024-02-27 22:34:00,hash_power
Bitcoin failing store of value test,negative,2024-02-27 22:44:00,austrian_economist
Bitcoin velocity indicator at 55.87,neutral,2024-02-27 23:17:00,keynesian_critic
Bitcoin failing store of value test,negative,2024-02-27 23:48:00,institutional_buyer
Accumulating Bitcoin is the best strategy,positive,2024-02-27 23:58:00,bitcoin_standard
Bitcoin block time averaging 10 minutes as usual,neutral,2024-02-28 00:28:00,asic_farmer
Bitcoin network congestion frustrating users,negative,2024-02-28 00:53:00,keynesian_critic
MicroStrategy bought more Bitcoin! Saylor knows,positive,2024-02-28 01:49:00,maximalist_tom
Bitcoin ETF approval coming soon. This is huge!,positive,2024-02-28 02:04:00,pseudonymous_dev
Bitcoin block time averaging 10 minutes as usual,neutral,2024-02-28 02:26:00,lightning_node
Bitcoin transaction confirmations too slow,negative,2024-02-28 03:16:00,spot_trader
Average confirmation time: 12 minutes,neutral,2024-02-28 03:47:00,wallet_dev
Bitcoin on-chain metrics showing accumulation,neutral,2024-02-28 04:27:00,inflation_hedge
Lightning Network makes Bitcoin amazing for payments,positive,2024-02-28 04:34:00,crypto_bull
Bitcoin creating generational wealth for hodlers,positive,2024-02-28 05:07:00,technical_trader
Stack sats every day! Bitcoin only,positive,2024-02-28 05:43:00,alternative_client
Bitcoin scalability issues never solved,negative,2024-02-28 06:40:00,maximalist_tom
Realized profit loss ratio: 1.24,neutral,2024-02-28 07:19:00,mempool_observer
Bitcoin scalability issues never solved,negative,2024-02-28 08:14:00,sound_money
Orange pilling friends and family successfully,positive,2024-02-28 09:04:00,privacy_advocate
Proof of work makes Bitcoin most secure network,positive,2024-02-28 09:30:00,on_chain_guy
Finally convinced my family to buy Bitcoin,positive,2024-02-28 09:31:00,satoshi_fan
Sold all my Bitcoin. Moving to stocks,negative,2024-02-28 10:29:00,financial_freedom
Orange coin made me financially independent,positive,2024-02-28 10:38:00,protocol_dev
Bitcoin changing lives around the world,positive,2024-02-28 11:08:00,base_layer
Network fees collected: 43533 BTC today,neutral,2024-02-28 11:34:00,hodler_mike
Bitcoin stock to flow ratio: 0.64,neutral,2024-02-28 12:05:00,bitcoin_standard
Financial freedom through Bitcoin. Nothing better,positive,2024-02-28 12:51:00,mining_pool
Accumulating Bitcoin is the best strategy,positive,2024-02-28 12:55:00,solo_miner
Bitcoin dominance currently at 28%,neutral,2024-02-28 13:37:00,bitcoin_standard
Bitcoin transaction fees are 9.5 dollars today,neutral,2024-02-28 14:18:00,bitcoin_dev
Bitcoin halving countdown: 48 days remaining,neutral,2024-02-28 15:04:00,silver_to_btc
Bitcoin Core version 26.2 released yesterday,neutral,2024-02-28 15:26:00,dca_investor
Hyperbitcoinization is inevitable. Fiat dies,positive,2024-02-28 15:52:00,halving_counter
Bitcoin education spreading globally. Bullish future,positive,2024-02-28 16:07:00,satoshi_fan
Bitcoin only useful for criminals and dark web,negative,2024-02-28 16:24:00,crypto_bull
HODL waves showing 24% held over 1 year,neutral,2024-02-28 16:54:00,on_chain_guy
Bitcoin circular economy growing in El Salvador,positive,2024-02-28 17:26:00,defi_explorer
Finally convinced my family to buy Bitcoin,positive,2024-02-28 17:32:00,retired_early
Never selling my Bitcoin. Passing it to my kids,positive,2024-02-28 17:34:00,crypto_news
Bought the dip again! DCA strategy works,positive,2024-02-28 17:41:00,node_runner
Bitcoin network stronger than ever before,positive,2024-02-28 18:01:00,hard_money
Unconfirmed transactions: 34378 in mempool,neutral,2024-02-28 18:15:00,mining_dev
Bitcoin fixes monetary policy failures,positive,2024-02-28 19:00:00,maximalist_tom
Bitcoin blockchain size reached 190 GB,neutral,2024-02-28 19:45:00,medium_of_exchange
Never selling my Bitcoin. Passing it to my kids,positive,2024-02-28 20:08:00,cold_storage
Bitcoin hashrate: 473 EH/s currently,neutral,2024-02-28 20:31:00,btc_unlimited
Bitcoin conference in Miami was incredible,positive,2024-02-28 21:03:00,retired_early
Bitcoin mining pool distribution chart updated,neutral,2024-02-28 21:30:00,yield_farmer
Current Bitcoin mempool has 21938k transactions,neutral,2024-02-28 21:34:00,position_trader
Watching Bitcoin charts all day. No clear trend,neutral,2024-02-28 22:01:00,mining_pool
Green candles everywhere! Bitcoin pumping hard,positive,2024-02-28 22:49:00,cold_storage
Average Bitcoin transaction size is 163 bytes,neutral,2024-02-28 23:20:00,gen_z_crypto
Bitcoin environmental impact is unsustainable,negative,2024-02-28 23:58:00,security_first
Bitcoin beach in El Salvador is amazing,positive,2024-02-29 00:03:00,base_layer
Bitcoin standard is coming. Get ready,positive,2024-02-29 00:24:00,layer_two
Realized profit loss ratio: 1.35,neutral,2024-02-29 00:37:00,keynesian_critic
Regulation will destroy Bitcoin. Mark my words,negative,2024-02-29 01:28:00,lightning_dev
Bitcoin ETF approval coming soon. This is huge!,positive,2024-02-29 01:57:00,hard_money
Bitcoin blockchain size reached 51 GB,neutral,2024-02-29 02:49:00,singlesig_simple
Bitcoin Puell Multiple reading: 12.94,neutral,2024-02-29 03:23:00,nft_collector
Bullish on Bitcoin fundamentals long term,positive,2024-02-29 04:14:00,btc_analyst
Bitcoin represents hope for unbanked millions,positive,2024-02-29 05:08:00,digital_gold
Bitcoin hash ribbons indicator neutral now,neutral,2024-02-29 05:39:00,silver_to_btc
Bitcoin is freedom money. Period,positive,2024-02-29 06:14:00,swing_trader
Bitcoin realized cap: $84258 billion,neutral,2024-02-29 07:05:00,keynesian_critic
Transaction speed makes Bitcoin unusable,negative,2024-02-29 07:34:00,self_custody
Watching Bitcoin price discovery is exciting,positive,2024-02-29 07:54:00,hardware_wallet
BTC dominance falling. Altcoin season coming,negative,2024-02-29 08:53:00,protocol_dev
Bitcoin adoption is growing. Major companies accepting it now,positive,2024-02-29 09:36:00,hardware_wallet
Average confirmation time: 8 minutes,neutral,2024-02-29 09:40:00,settlement_layer
Bitcoin taproot upgrade activated 2 years ago,neutral,2024-02-29 09:47:00,privacy_maxi
Bitcoin fees too high for small transactions,negative,2024-02-29 10:13:00,lightning_wallet
Transaction speed makes Bitcoin unusable,negative,2024-02-29 11:11:00,yield_farmer
Bitcoin conference in Miami was incredible,positive,2024-02-29 11:23:00,satoshi_fan
Bitcoin price consolidating around 47k,neutral,2024-02-29 11:40:00,cold_storage
Green candles everywhere! Bitcoin pumping hard,positive,2024-02-29 11:59:00,self_custody
FBI seized more Bitcoin from criminals today,negative,2024-02-29 12:53:00,node_runner
Bitcoin price consolidating around 52k,neutral,2024-02-29 13:34:00,crypto_news
Total value locked in Bitcoin DeFi protocols,neutral,2024-02-29 13:44:00,hash_power
Bitcoin is the exit from the broken system,positive,2024-02-29 14:13:00,singlesig_simple
Technical debt accumulating in Bitcoin,negative,2024-02-29 14:30:00,open_source
Average Bitcoin transaction size is 76 bytes,neutral,2024-02-29 14:31:00,market_maker
Bitcoin halving excitement is building up,positive,2024-02-29 15:06:00,crypto_news
Average Bitcoin fee per transaction: 9.5 dollars,neutral,2024-02-29 15:08:00,privacy_maxi
Watching Bitcoin price discovery is exciting,positive,2024-02-29 15:15:00,singlesig_simple
Bitcoin is the exit from the broken system,positive,2024-02-29 15:41:00,maximalist_tom
Bitcoin adoption is growing. Major companies accepting it now,positive,2024-02-29 15:49:00,institutional_buyer
Network fees collected: 94882 BTC today,neutral,2024-02-29 16:01:00,asic_farmer
Regulatory uncertainty killing Bitcoin momentum,negative,2024-02-29 16:09:00,scalper_pro
Proof of work makes Bitcoin most secure network,positive,2024-02-29 16:51:00,lightning_fan
Never selling my Bitcoin. Passing it to my kids,positive,2024-02-29 17:15:00,singlesig_simple
Bitcoin taught me patience and discipline,positive,2024-02-29 18:06:00,yield_farmer
Bitcoin blockchain size reached 69 GB,neutral,2024-02-29 19:05:00,defi_explorer
Bitcoin whitepaper anniversary today. 2 years,neutral,2024-02-29 19:15:00,spot_trader
Bitcoin is going to the moon! Best investment ever,positive,2024-02-29 19:54:00,open_source
Quantum computers will break Bitcoin encryption,negative,2024-02-29 20:36:00,btc_analyst
Average confirmation time: 9 minutes,neutral,2024-02-29 21:19:00,retail_investor
Lightning Network makes Bitcoin amazing for payments,positive,2024-02-29 22:15:00,crypto_coach
Sound money principles restored by Bitcoin,positive,2024-02-29 23:15:00,alternative_client
Bitcoin UTXO set size reached 43614 million,neutral,2024-03-01 00:12:00,node_runner
Hyperbitcoinization is inevitable. Fiat dies,positive,2024-03-01 00:50:00,mining_pool
HODL waves showing 8% held over 1 year,neutral,2024-03-01 01:04:00,millennial_investor
Bitcoin privacy features insufficient,negative,2024-03-01 01:52:00,mempool_observer
Governments will ban Bitcoin eventually,negative,2024-03-01 02:11:00,halving_counter
Volatility makes Bitcoin terrible money,negative,2024-03-01 02:53:00,halving_counter
Bitcoin circular economy growing in El Salvador,positive,2024-03-01 03:38:00,privacy_maxi
I'm done with crypto. Too risky for me,negative,2024-03-01 04:32:00,bitcoin_teacher
Bitcoin complexity keeps masses away,negative,2024-03-01 04:34:00,position_trader
BTC dominance falling. Altcoin season coming,negative,2024-03-01 05:02:00,singlesig_simple
Bitcoin segwit adoption rate is 50 percent,neutral,2024-03-01 05:32:00,layer_two
Sleeping well knowing I own Bitcoin,positive,2024-03-01 06:00:00,options_trader
Bitcoin conference in Miami was incredible,positive,2024-03-01 06:01:00,hardware_wallet
Bitcoin node count increased to 46160,neutral,2024-03-01 06:44:00,scalper_pro
Green candles everywhere! Bitcoin pumping hard,positive,2024-03-01 06:51:00,halving_counter
Bitcoin solves the money problem once and for all,positive,2024-03-01 07:28:00,gen_z_crypto
Not your keys not your coins. Self custody!,positive,2024-03-01 08:22:00,dca_investor
21 million Bitcoin supply cap is hardcoded,neutral,2024-03-01 09:02:00,cold_storage
Lightning Network makes Bitcoin amazing for payments,positive,2024-03-01 09:37:00,on_chain_guy
Optimistic about Bitcoin scaling solutions,positive,2024-03-01 09:58:00,non_custodial
HODL waves showing 32% held over 1 year,neutral,2024-03-01 10:36:00,unit_of_account
NVT ratio currently: 24.57,neutral,2024-03-01 10:40:00,custodial_service
Bitcoin rainbow chart suggests accumulation phase,neutral,2024-03-01 10:55:00,fiat_escapist
Bitcoin mining difficulty at 64 trillion,neutral,2024-03-01 11:05:00,mining_pro
Finally convinced my family to buy Bitcoin,positive,2024-03-01 11:30:00,nakamoto_institute
Bitcoin on-chain metrics showing accumulation,neutral,2024-03-01 11:48:00,position_trader
Bitcoin is going to the moon! Best investment ever,positive,2024-03-01 12:40:00,gen_z_crypto
Bitcoin whales manipulating market again,negative,2024-03-01 13:15:00,bitcoin_dev
Network fees collected: 52945 BTC today,neutral,2024-03-01 13:40:00,digital_gold
Bitcoin fixes monetary policy failures,positive,2024-03-01 14:19:00,scalper_pro
Bitcoin stock to flow ratio: 1.67,neutral,2024-03-01 14:48:00,mempool_observer
Bitcoin represents hope for unbanked millions,positive,2024-03-01 14:52:00,bear_market_bob
Proof of work makes Bitcoin most secure network,positive,2024-03-01 15:07:00,futures_guy
Bitcoin mining becoming unprofitable for many,negative,2024-03-01 15:44:00,self_custody
Total value locked in Bitcoin DeFi protocols,neutral,2024-03-01 16:39:00,base_layer
Bitcoin failing as peer to peer currency,negative,2024-03-01 17:07:00,halving_counter
Orange pilling friends and family successfully,positive,2024-03-01 17:34:00,lightning_dev
Quantum threat to Bitcoin is real,negative,2024-03-01 17:57:00,bitcoin_standard
Bitcoin realized cap: $45336 billion,neutral,2024-03-01 18:56:00,millennial_investor
I lost so much money on BTC. This is terrible,negative,2024-03-01 19:10:00,mining_dev
BTC crash incoming. Sell everything now!,negative,2024-03-01 20:03:00,gpu_miner
Bitcoin losing market share to altcoins,negative,2024-03-01 20:34:00,hardware_wallet
BTC crash incoming. Sell everything now!,negative,2024-03-01 21:12:00,scalper_pro
Best decision ever was buying Bitcoin in 2018,positive,2024-03-01 21:14:00,digital_gold
Bitcoin scalability issues never solved,negative,2024-03-01 21:58:00,base_layer
Lightning Network makes Bitcoin amazing for payments,positive,2024-03-01 22:36:00,liquidity_provider
Lightning Network capacity at 8039 BTC,neutral,2024-03-01 23:23:00,silver_to_btc
21 million Bitcoin supply cap is hardcoded,neutral,2024-03-01 23:53:00,base_layer
Bitcoin education spreading globally. Bullish future,positive,2024-03-02 00:29:00,bitcoin_core
BTC crash incoming. Sell everything now!,negative,2024-03-02 00:33:00,institutional_buyer
El Salvador Bitcoin experiment is working great,positive,2024-03-02 01:10:00,whale_watcher
Miner revenue today: $39 million,neutral,2024-03-02 01:12:00,technical_trader
Central banks trying to kill Bitcoin with CBDC,negative,2024-03-02 02:04:00,inflation_hedge
Regulatory crackdown will kill Bitcoin,negative,2024-03-02 02:57:00,unit_of_account
Bitcoin velocity indicator at 32.87,neutral,2024-03-02 03:44:00,sats_stacker
This bull run will be epic! Bitcoin to 93k,positive,2024-03-02 04:15:00,gpu_miner
Bitcoin whales manipulating market again,negative,2024-03-02 05:04:00,crypto_news
Bitcoin network hashrate at all-time high,neutral,2024-03-02 05:40:00,hodler_mike
Volatility makes Bitcoin terrible money,negative,2024-03-02 06:30:00,early_adopter
MicroStrategy bought more Bitcoin! Saylor knows,positive,2024-03-02 06:33:00,institutional_buyer
Bitcoin centralization risk increasing daily,negative,2024-03-02 07:01:00,full_node_operator
Hyperbitcoinization is inevitable. Fiat dies,positive,2024-03-02 07:46:00,austrian_economist
Bitcoin failing as peer to peer currency,negative,2024-03-02 08:18:00,privacy_advocate
Bitcoin losing market share to altcoins,negative,2024-03-02 08:31:00,halving_counter
Current Bitcoin mempool has 35872k transactions,neutral,2024-03-02 09:14:00,mining_dev
Security vulnerabilities found in Bitcoin wallets,negative,2024-03-02 10:02:00,non_custodial
Bitcoin solving real world problems daily,positive,2024-03-02 10:58:00,asic_farmer
Living on Bitcoin for 8 years now. Amazing,positive,2024-03-02 11:00:00,paper_wallet
Bitcoin mining centralization worrying trend,negative,2024-03-02 11:15:00,btc_analyst
Excited about Bitcoin halving next year!,positive,2024-03-02 11:45:00,paper_wallet
Bitcoin reaching new all time highs soon,positive,2024-03-02 12:36:00,bitcoin_dev
Daily Bitcoin transactions averaging 13044k,neutral,2024-03-02 13:27:00,crypto_bull
HODL waves showing 8% held over 1 year,neutral,2024-03-02 13:58:00,privacy_maxi
Strike app makes Bitcoin payments so easy,positive,2024-03-02 14:39:00,sats_stacker
Bitcoin solving real world problems daily,positive,2024-03-02 14:42:00,settlement_layer
Regulatory crackdown will kill Bitcoin,negative,2024-03-02 15:37:00,retail_investor
Bitcoin privacy features insufficient,negative,2024-03-02 16:22:00,cold_storage
HODL waves showing 1% held over 1 year,neutral,2024-03-02 16:38:00,privacy_maxi
Just bought more Bitcoin! Feeling bullish,positive,2024-03-02 16:55:00,crypto_bull
Lightning Network capacity at 13237 BTC,neutral,2024-03-02 17:28:00,btc_analyst
Complexity of Bitcoin protocol is a problem,negative,2024-03-02 18:12:00,keynesian_critic
NVT ratio currently: 50.41,neutral,2024-03-02 18:37:00,mining_dev
Tether FUD spreading again. Bitcoin going down,negative,2024-03-02 19:16:00,maximalist_tom
Accumulating Bitcoin is the best strategy,positive,2024-03-02 19:46:00,unit_of_account
Ordinals using Bitcoin blockchain for NFTs,neutral,2024-03-02 20:34:00,bitcoin_knots
Bitcoin block time averaging 10 minutes as usual,neutral,2024-03-02 21:03:00,dca_investor
Strike app makes Bitcoin payments so easy,positive,2024-03-02 21:28:00,maximalist_tom
Proof of reserves shows Bitcoin strength,positive,2024-03-02 21:48:00,trader_joe
Bitcoin circular economy growing in El Salvador,positive,2024-03-02 22:29:00,privacy_advocate
Bitcoin energy waste is inexcusable,negative,2024-03-02 22:32:00,satoshi_fan
This is still early for Bitcoin adoption,positive,2024-03-02 22:55:00,custodial_service
Bitcoin losing market share to altcoins,negative,2024-03-02 23:41:00,day_trader
Accumulating Bitcoin is the best strategy,positive,2024-03-03 00:20:00,chart_master
Bitcoin adoption plateau reached already,negative,2024-03-03 01:07:00,retail_investor
Most Bitcoin holders underwater at current price,negative,2024-03-03 01:10:00,protocol_dev
Never selling my Bitcoin. Passing it to my kids,positive,2024-03-03 01:30:00,base_layer
Mt Gox distribution will crash Bitcoin price,negative,2024-03-03 02:05:00,btc_unlimited
Average Bitcoin transaction size is 108 bytes,neutral,2024-03-03 02:07:00,self_custody
Regulatory uncertainty killing Bitcoin momentum,negative,2024-03-03 02:26:00,gold_bug_btc
Most Bitcoin holders underwater at current price,negative,2024-03-03 03:05:00,base_layer
Bitcoin network stronger than ever before,positive,2024-03-03 03:24:00,hard_money
Bitcoin average block size is 290 MB today,neutral,2024-03-03 03:38:00,retired_early
Bought the dip again! DCA strategy works,positive,2024-03-03 04:26:00,gold_bug_btc
Bitcoin creating generational wealth for hodlers,positive,2024-03-03 04:56:00,bitcoin_dev
Quantum computers will break Bitcoin encryption,negative,2024-03-03 05:18:00,bitcoin_standard
Bitcoin is freedom money. Period,positive,2024-03-03 05:55:00,dca_investor
BTC dominance falling. Altcoin season coming,negative,2024-03-03 06:47:00,validator_node
Bullish on Bitcoin fundamentals long term,positive,2024-03-03 07:29:00,retail_investor
Bitcoin is going to the moon! Best investment ever,positive,2024-03-03 07:33:00,exchange_dev
Current Bitcoin mempool has 13275k transactions,neutral,2024-03-03 08:32:00,kyc_hater
Most Bitcoin holders underwater at current price,negative,2024-03-03 09:01:00,position_trader
Bitcoin is going to the moon! Best investment ever,positive,2024-03-03 09:37:00,gen_z_crypto
Grateful for Satoshi Nakamoto every single day,positive,2024-03-03 09:43:00,non_custodial
Strike app makes Bitcoin payments so easy,positive,2024-03-03 09:47:00,bitcoin_core
Bitcoin complexity keeps masses away,negative,2024-03-03 10:44:00,spot_trader
Bitcoin changing lives around the world,positive,2024-03-03 11:29:00,fiat_escapist
Bitcoin solving real world problems daily,positive,2024-03-03 11:42:00,crypto_news
Bitcoin only useful for criminals and dark web,negative,2024-03-03 12:23:00,kyc_hater
Bitcoin beach in El Salvador is amazing,positive,2024-03-03 13:02:00,sound_money
Governments will ban Bitcoin eventually,negative,2024-03-03 13:14:00,bitcoin_standard
Another exchange hack. Bitcoin is not safe,negative,2024-03-03 14:01:00,self_custody
Excited about Bitcoin halving next year!,positive,2024-03-03 14:28:00,position_trader
BTC crash incoming. Sell everything now!,negative,2024-03-03 15:20:00,hodler_mike
Bitcoin Puell Multiple reading: 83.28,neutral,2024-03-03 16:17:00,node_runner
Bitcoin whales manipulating market again,negative,2024-03-03 17:13:00,btc_unlimited
Never selling my Bitcoin. Passing it to my kids,positive,2024-03-03 17:30:00,brain_wallet
Bitcoin is a ponzi scheme. Change my mind,negative,2024-03-03 18:09:00,satoshi_fan
Governments will ban Bitcoin eventually,negative,2024-03-03 18:24:00,nft_collector
Watching Bitcoin price discovery is exciting,positive,2024-03-03 18:41:00,store_of_value
Bitcoin represents hope for unbanked millions,positive,2024-03-03 19:30:00,full_node_operator
MicroStrategy bought more Bitcoin! Saylor knows,positive,2024-03-03 19:47:00,pseudonymous_dev
Watching Bitcoin price discovery is exciting,positive,2024-03-03 19:50:00,day_trader
Bitcoin halving excitement is building up,positive,2024-03-03 20:31:00,full_node_operator
Financial freedom through Bitcoin. Nothing better,positive,2024-03-03 20:37:00,lightning_node
Realized profit loss ratio: 1.53,neutral,2024-03-03 20:39:00,anon_trader
Bitcoin transaction confirmations too slow,negative,2024-03-03 21:31:00,boomer_hodler
Most Bitcoin holders underwater at current price,negative,2024-03-03 22:05:00,crypto_news
Quantum computers will break Bitcoin encryption,negative,2024-03-03 22:10:00,mining_pool
Carbon footprint of Bitcoin is unacceptable,negative,2024-03-03 23:09:00,options_trader
NVT ratio currently: 66.27,neutral,2024-03-03 23:14:00,node_runner
Bitcoin market cap is 711 billion dollars,neutral,2024-03-03 23:23:00,mining_dev
Bitcoin adoption is growing. Major companies accepting it now,positive,2024-03-04 00:08:00,bitcoin_teacher
Hyperbitcoinization is inevitable. Fiat dies,positive,2024-03-04 00:19:00,solo_miner
Too many Bitcoin scams ruining reputation,negative,2024-03-04 00:53:00,medium_of_exchange
Bitcoin whitepaper anniversary today. 1 years,neutral,2024-03-04 01:16:00,dao_member
Bitcoin velocity indicator at 49.14,neutral,2024-03-04 02:13:00,node_runner
Bitcoin centralization risk increasing daily,negative,2024-03-04 02:58:00,bitcoin_core
Bitcoin at 73k. Same as yesterday,neutral,2024-03-04 03:30:00,crypto_coach
Bitcoin transaction confirmations too slow,negative,2024-03-04 04:11:00,arbitrage_king
Stacking sats feels amazing. Future is bright,positive,2024-03-04 04:13:00,unit_of_account
Bitcoin changing lives around the world,positive,2024-03-04 04:30:00,exchange_dev
Bitcoin failing store of value test,negative,2024-03-04 05:04:00,unit_of_account
Bitcoin nodes distributed across 143 countries,neutral,2024-03-04 06:01:00,asic_farmer
Bitcoin whales manipulating market again,negative,2024-03-04 06:55:00,yield_farmer
Bitcoin is going to the moon! Best investment ever,positive,2024-03-04 07:19:00,validator_node
Network fees collected: 58927 BTC today,neutral,2024-03-04 07:25:00,chart_master
I lost so much money on BTC. This is terrible,negative,2024-03-04 08:16:00,halving_counter
Bitcoin whitepaper anniversary today. 4 years,neutral,2024-03-04 09:00:00,chart_master
Wash trading inflating Bitcoin volumes,negative,2024-03-04 09:11:00,layer_two
Best decision ever was buying Bitcoin in 2019,positive,2024-03-04 09:59:00,kyc_hater
Bitcoin transaction confirmations too slow,negative,2024-03-04 10:20:00,kyc_hater
Bitcoin rainbow chart suggests accumulation phase,neutral,2024-03-04 10:21:00,satoshi_fan
Realized profit loss ratio: 1.83,neutral,2024-03-04 10:43:00,trader_joe
Average Bitcoin transaction size is 284 bytes,neutral,2024-03-04 11:25:00,day_trader
This volatility is killing me. Can't handle BTC anymore,negative,2024-03-04 11:57:00,lightning_dev
Daily Bitcoin transactions averaging 42488k,neutral,2024-03-04 12:47:00,deflation_lover
Current block height is 808611,neutral,2024-03-04 13:17:00,crypto_coach
FBI seized more Bitcoin from criminals today,negative,2024-03-04 13:19:00,nakamoto_institute
Bitcoin is a ponzi scheme. Change my mind,negative,2024-03-04 13:40:00,lightning_wallet
I lost so much money on BTC. This is terrible,negative,2024-03-04 14:38:00,satoshi_fan
Bitcoin becoming less decentralized over time,negative,2024-03-04 14:41:00,medium_of_exchange
Bitcoin reaching new all time highs soon,positive,2024-03-04 14:42:00,mining_dev
Institutional selling pressure on Bitcoin,negative,2024-03-04 15:24:00,privacy_advocate
Total Bitcoin addresses with balance: 27454 million,neutral,2024-03-04 15:40:00,deflation_lover
Bitcoin transaction fees are 1.0 dollars today,neutral,2024-03-04 15:56:00,lightning_wallet
Lightning Network makes Bitcoin amazing for payments,positive,2024-03-04 16:38:00,hard_money
Bitcoin velocity indicator at 27.77,neutral,2024-03-04 17:30:00,privacy_maxi
Institutional selling pressure on Bitcoin,negative,2024-03-04 17:59:00,dca_investor
Inflation hedge narrative failed for Bitcoin,negative,2024-03-04 18:51:00,privacy_advocate
Governments will ban Bitcoin eventually,negative,2024-03-04 19:29:00,unit_of_account
Most Bitcoin is held by whales. Unfair distribution,negative,2024-03-04 20:14:00,paper_wallet
Bitcoin is going to the moon! Best investment ever,positive,2024-03-04 20:32:00,position_trader
Bought the dip again! DCA strategy works,positive,2024-03-04 21:19:00,hash_power
Bitcoin price is stable today. Nothing much happening,neutral,2024-03-04 22:14:00,on_chain_guy
Bitcoin network hashrate at all-time high,neutral,2024-03-04 23:12:00,sats_stacker
Carbon footprint of Bitcoin is unacceptable,negative,2024-03-04 23:16:00,market_maker
Bitcoin mining difficulty at 79 trillion,neutral,2024-03-04 23:45:00,mining_pool
Bitcoin Core version 27.1 released yesterday,neutral,2024-03-05 00:07:00,full_node_operator
Bitcoin privacy features insufficient,negative,2024-03-05 00:42:00,open_source
NVT ratio currently: 19.81,neutral,2024-03-05 00:50:00,settlement_layer
This bull run will be epic! Bitcoin to 90k,positive,2024-03-05 01:29:00,paper_wallet
Bitcoin hash ribbons indicator neutral now,neutral,2024-03-05 02:11:00,kyc_hater
Bitcoin network stronger than ever before,positive,2024-03-05 02:41:00,lightning_fan
Bitcoin dominance currently at 26%,neutral,2024-03-05 03:17:00,alternative_client
Bitcoin beach in El Salvador is amazing,positive,2024-03-05 03:51:00,halving_counter
MicroStrategy bought more Bitcoin! Saylor knows,positive,2024-03-05 04:13:00,btc_unlimited
Not your keys not your coins. Self custody!,positive,2024-03-05 05:05:00,crypto_bull
Accumulating Bitcoin is the best strategy,positive,2024-03-05 05:12:00,spot_trader
Security vulnerabilities found in Bitcoin wallets,negative,2024-03-05 05:39:00,whale_watcher
Daily Bitcoin transactions averaging 20460k,neutral,2024-03-05 06:16:00,fiat_escapist
Bitcoin trading volume: $11230M today,neutral,2024-03-05 07:12:00,digital_gold
Mempool size: 278 MB currently,neutral,2024-03-05 07:15:00,lightning_fan
Coins moved on-chain: 34619 BTC,neutral,2024-03-05 07:46:00,bitcoin_standard
Ordinals using Bitcoin blockchain for NFTs,neutral,2024-03-05 07:50:00,bitcoin_knots
El Salvador Bitcoin experiment is working great,positive,2024-03-05 08:38:00,whale_watcher
Bought the dip again! DCA strategy works,positive,2024-03-05 09:31:00,scalper_pro
HODL waves showing 44% held over 1 year,neutral,2024-03-05 09:47:00,alternative_client
Regulatory crackdown will kill Bitcoin,negative,2024-03-05 09:51:00,gpu_miner
Bitcoin block time averaging 10 minutes as usual,neutral,2024-03-05 10:09:00,wallet_dev
Average Bitcoin transaction size is 278 bytes,neutral,2024-03-05 11:04:00,chart_master
Bitcoin privacy features insufficient,negative,2024-03-05 11:28:00,solo_miner
Coinbase premium: 44% currently,neutral,2024-03-05 11:57:00,digital_gold
Whale wallets controlling Bitcoin price,negative,2024-03-05 12:52:00,exchange_dev
Bitcoin price consolidating around 96k,neutral,2024-03-05 13:44:00,singlesig_simple
Bitcoin changing lives around the world,positive,2024-03-05 14:22:00,hodler_mike
Bitcoin price is stable today. Nothing much happening,neutral,2024-03-05 15:10:00,privacy_maxi
Bitcoin creating generational wealth for hodlers,positive,2024-03-05 15:15:00,btc_analyst
Accumulating Bitcoin is the best strategy,positive,2024-03-05 15:37:00,bear_market_bob
Bitcoin whales manipulating market again,negative,2024-03-05 15:46:00,retail_investor
Bitcoin is freedom money. Period,positive,2024-03-05 16:16:00,bear_market_bob
Just bought more Bitcoin! Feeling bullish,positive,2024-03-05 16:45:00,lightning_wallet
Quantum threat to Bitcoin is real,negative,2024-03-05 17:20:00,bitcoin_core
Regulatory uncertainty killing Bitcoin momentum,negative,2024-03-05 17:30:00,asic_farmer
Proof of work makes Bitcoin most secure network,positive,2024-03-05 18:24:00,liquidity_provider
Bitcoin fees too high for small transactions,negative,2024-03-05 19:14:00,lightning_node
Central banks trying to kill Bitcoin with CBDC,negative,2024-03-05 19:41:00,halving_counter
Hyperbitcoinization is inevitable. Fiat dies,positive,2024-03-05 20:12:00,bitcoin_teacher
Bitcoin beach in El Salvador is amazing,positive,2024-03-05 21:04:00,lightning_dev
Bitcoin taught me patience and discipline,positive,2024-03-05 21:27:00,custodial_service
Central banks trying to kill Bitcoin with CBDC,negative,2024-03-05 22:22:00,yield_farmer
Bitcoin transaction fees are 9.2 dollars today,neutral,2024-03-05 22:26:00,liquidity_provider
Bitcoin Core version 25.2 released yesterday,neutral,2024-03-05 22:45:00,pseudonymous_dev
Watching Bitcoin charts all day. No clear trend,neutral,2024-03-05 23:19:00,silver_to_btc
Energy consumption of Bitcoin is destroying planet,negative,2024-03-05 23:53:00,mining_pro
HODL waves showing 5% held over 1 year,neutral,2024-03-06 00:27:00,scalper_pro
Governments will ban Bitcoin eventually,negative,2024-03-06 00:50:00,nakamoto_institute
Bitcoin environmental impact is unsustainable,negative,2024-03-06 01:29:00,boomer_hodler
Never selling my Bitcoin. Passing it to my kids,positive,2024-03-06 01:36:00,dca_investor
Bitcoin block time averaging 10 minutes as usual,neutral,2024-03-06 02:07:00,mempool_observer
Bitcoin environmental impact is unsustainable,negative,2024-03-06 02:09:00,lightning_dev
Bitcoin is going to the moon! Best investment ever,positive,2024-03-06 02:18:00,digital_gold
Laser eyes until 100k! Bitcoin revolution,positive,2024-03-06 02:19:00,crypto_bull
Bitcoin Puell Multiple reading: 13.5,neutral,2024-03-06 02:30:00,defi_explorer
Bitcoin segwit adoption rate is 38 percent,neutral,2024-03-06 02:57:00,nft_collector
Bitcoin price consolidating around 49k,neutral,2024-03-06 03:21:00,digital_gold
MicroStrategy bought more Bitcoin! Saylor knows,positive,2024-03-06 04:06:00,singlesig_simple
Bitcoin solving real world problems daily,positive,2024-03-06 05:01:00,retired_early
Bitcoin dominance currently at 2%,neutral,2024-03-06 05:37:00,mining_dev
Bitcoin energy waste is inexcusable,negative,2024-03-06 06:21:00,early_adopter
Bitcoin fixes everything. Hard money wins,positive,2024-03-06 07:07:00,futures_guy
Mt Gox distribution will crash Bitcoin price,negative,2024-03-06 07:42:00,silver_to_btc
Institutions are buying Bitcoin like crazy! Bullish,positive,2024-03-06 08:32:00,privacy_maxi
Daily Bitcoin transactions averaging 22748k,neutral,2024-03-06 08:57:00,liquidity_provider
Total value locked in Bitcoin DeFi protocols,neutral,2024-03-06 09:17:00,sound_money
Coins moved on-chain: 9607 BTC,neutral,2024-03-06 09:18:00,boomer_hodler
Network difficulty retarget in 98 hours,neutral,2024-03-06 09:41:00,position_trader
Security breaches making Bitcoin unsafe,negative,2024-03-06 10:37:00,dca_investor
Active Bitcoin addresses: 34867 million,neutral,2024-03-06 11:16:00,defi_explorer
Financial freedom through Bitcoin. Nothing better,positive,2024-03-06 11:51:00,institutional_buyer
Bitcoin is freedom money. Period,positive,2024-03-06 12:00:00,multisig_user
Mining pools controlling too much Bitcoin hashrate,negative,2024-03-06 12:45:00,anon_trader
Orange coin good! HODL forever,positive,2024-03-06 13:35:00,solo_miner
Bitcoin is going to the moon! Best investment ever,positive,2024-03-06 13:38:00,mining_pool
Bitcoin whitepaper anniversary today. 2 years,neutral,2024-03-06 14:00:00,crypto_skeptic
This is still early for Bitcoin adoption,positive,2024-03-06 14:04:00,singlesig_simple
Losing faith in Bitcoin after this crash,negative,2024-03-06 14:28:00,non_custodial
Governments successfully attacking Bitcoin,negative,2024-03-06 14:33:00,digital_gold
Security vulnerabilities found in Bitcoin wallets,negative,2024-03-06 15:21:00,privacy_advocate
Bitcoin solving real world problems daily,positive,2024-03-06 15:42:00,store_of_value
Volatility makes Bitcoin terrible money,negative,2024-03-06 16:13:00,mining_pro
Security breaches making Bitcoin unsafe,negative,2024-03-06 16:31:00,crypto_bull
Mempool size: 264 MB currently,neutral,2024-03-06 17:00:00,digital_gold
Bitcoin fear and greed index: 7.0,neutral,2024-03-06 17:38:00,gen_z_crypto
Regulation will destroy Bitcoin. Mark my words,negative,2024-03-06 17:41:00,cold_storage
Bitcoin bubble popped. Never coming back,negative,2024-03-06 18:19:00,early_adopter
Financial freedom through Bitcoin. Nothing better,positive,2024-03-06 19:14:00,dao_member
Bitcoin mining becoming unprofitable for many,negative,2024-03-06 19:19:00,bull_trader
Unconfirmed transactions: 8401 in mempool,neutral,2024-03-06 20:18:00,bear_market_bob
Bitcoin network stronger than ever before,positive,2024-03-06 21:07:00,chart_master
Security vulnerabilities found in Bitcoin wallets,negative,2024-03-06 21:40:00,retail_investor
I lost so much money on BTC. This is terrible,negative,2024-03-06 22:10:00,self_custody
Proof of work makes Bitcoin most secure network,positive,2024-03-06 23:08:00,custodial_service
Bitcoin circular economy growing in El Salvador,positive,2024-03-06 23:10:00,satoshi_fan
Bitcoin velocity indicator at 43.86,neutral,2024-03-06 23:32:00,privacy_maxi
Bitcoin bubble popped. Never coming back,negative,2024-03-07 00:15:00,mining_pool
Total Bitcoin addresses with balance: 34375 million,neutral,2024-03-07 00:54:00,singlesig_simple
Proof of reserves shows Bitcoin strength,positive,2024-03-07 01:41:00,institutional_buyer
Bought the dip again! DCA strategy works,positive,2024-03-07 02:05:00,trader_joe
Bitcoin market cap is 1142 billion dollars,neutral,2024-03-07 02:42:00,liquidity_provider
Bitcoin hash ribbons indicator neutral now,neutral,2024-03-07 02:56:00,lightning_dev
Daily Bitcoin transactions averaging 43464k,neutral,2024-03-07 03:06:00,crypto_bull
Whale wallets controlling Bitcoin price,negative,2024-03-07 03:09:00,mining_pro
Most Bitcoin holders underwater at current price,negative,2024-03-07 03:43:00,hard_money
Bitcoin velocity indicator at 42.66,neutral,2024-03-07 04:38:00,asic_farmer
Bitcoin price consolidating around 93k,neutral,2024-03-07 05:08:00,austrian_economist
Average Bitcoin transaction size is 261 bytes,neutral,2024-03-07 05:20:00,security_first
Institutions are buying Bitcoin like crazy! Bullish,positive,2024-03-07 06:10:00,technical_trader
Bitcoin adoption is growing. Major companies accepting it now,positive,2024-03-07 06:52:00,liquidity_provider
Bitcoin network stronger than ever before,positive,2024-03-07 07:37:00,open_source
Bitcoin trading volume: $30348M today,neutral,2024-03-07 08:26:00,layer_two
Another exchange hack. Bitcoin is not safe,negative,2024-03-07 09:03:00,pseudonymous_dev
Bitcoin exchange reserves: 48194 BTC,neutral,2024-03-07 09:24:00,bitcoin_dev
Sleeping well knowing I own Bitcoin,positive,2024-03-07 09:41:00,self_custody
Bitcoin price consolidating around 62k,neutral,2024-03-07 09:51:00,crypto_bull
Institutional selling pressure on Bitcoin,negative,2024-03-07 09:53:00,inflation_hedge
Bitcoin average block size is 267 MB today,neutral,2024-03-07 09:55:00,market_maker
Orange pilling friends and family successfully,positive,2024-03-07 10:32:00,nft_collector
Bitcoin stock to flow ratio: 1.4,neutral,2024-03-07 11:15:00,privacy_maxi
Bitcoin centralization risk increasing daily,negative,2024-03-07 11:27:00,open_source
I lost so much money on BTC. This is terrible,negative,2024-03-07 11:53:00,alternative_client
Bitcoin conference in Miami was incredible,positive,2024-03-07 12:29:00,scalper_pro
Mempool size: 225 MB currently,neutral,2024-03-07 12:46:00,institutional_buyer
Bitcoin dominance currently at 23%,neutral,2024-03-07 13:31:00,inflation_hedge
Lost my Bitcoin in a boating accident. So sad,negative,2024-03-07 14:04:00,defi_explorer
Wash trading inflating Bitcoin volumes,negative,2024-03-07 14:33:00,sound_money
Every paycheck goes into Bitcoin. No regrets,positive,2024-03-07 14:39:00,validator_node
Bitcoin hashrate: 430 EH/s currently,neutral,2024-03-07 15:24:00,bitcoin_standard
Watching Bitcoin price discovery is exciting,positive,2024-03-07 16:08:00,sound_money
Daily Bitcoin transactions averaging 43434k,neutral,2024-03-07 16:16:00,spot_trader
Bitcoin taught me patience and discipline,positive,2024-03-07 16:17:00,yield_farmer
This is still early for Bitcoin adoption,positive,2024-03-07 16:39:00,financial_freedom
Daily Bitcoin transactions averaging 18787k,neutral,2024-03-07 17:35:00,hard_money
Governments will ban Bitcoin eventually,negative,2024-03-07 18:33:00,exchange_dev
Inflation hedge narrative failed for Bitcoin,negative,2024-03-07 18:53:00,nakamoto_institute
Mining pools controlling too much Bitcoin hashrate,negative,2024-03-07 19:48:00,lightning_fan
Best decision ever was buying Bitcoin in 2023,positive,2024-03-07 20:00:00,alternative_client
Bitcoin solves the money problem once and for all,positive,2024-03-07 20:41:00,millennial_investor
Energy consumption of Bitcoin is destroying planet,negative,2024-03-07 21:03:00,millennial_investor
Bitcoin privacy improving with coinjoin adoption,positive,2024-03-07 21:34:00,non_custodial
Institutions are buying Bitcoin like crazy! Bullish,positive,2024-03-07 22:27:00,bitcoin_knots
El Salvador Bitcoin experiment is working great,positive,2024-03-07 23:10:00,btc_unlimited
Bitcoin changing lives around the world,positive,2024-03-07 23:26:00,difficulty_watcher
Finally convinced my family to buy Bitcoin,positive,2024-03-07 23:45:00,early_adopter
Lightning Network makes Bitcoin amazing for payments,positive,2024-03-07 23:54:00,on_chain_guy
Bitcoin privacy improving with coinjoin adoption,positive,2024-03-08 00:22:00,lightning_fan
Bitcoin rainbow chart suggests accumulation phase,neutral,2024-03-08 00:23:00,validator_node
Bitcoin fixes everything. Hard money wins,positive,2024-03-08 00:39:00,mining_pool
Bitcoin mining centralization worrying trend,negative,2024-03-08 00:40:00,dca_investor
Optimistic about Bitcoin scaling solutions,positive,2024-03-08 01:07:00,chart_master
Bitcoin conference in Miami was incredible,positive,2024-03-08 01:39:00,sats_stacker
Accumulating Bitcoin is the best strategy,positive,2024-03-08 02:38:00,singlesig_simple
Bitcoin solves the money problem once and for all,positive,2024-03-08 03:33:00,mining_pool
Technical debt accumulating in Bitcoin,negative,2024-03-08 04:12:00,bitcoin_core
Losing faith in Bitcoin after this crash,negative,2024-03-08 04:42:00,financial_freedom
Strike app makes Bitcoin payments so easy,positive,2024-03-08 04:43:00,chart_master
Wash trading inflating Bitcoin volumes,negative,2024-03-08 05:37:00,full_node_operator
Bitcoin fees too high for small transactions,negative,2024-03-08 06:34:00,day_trader
Realized profit loss ratio: 1.98,neutral,2024-03-08 07:33:00,pseudonymous_dev
Bitcoin mining becoming unprofitable for many,negative,2024-03-08 07:58:00,deflation_lover
Finally convinced my family to buy Bitcoin,positive,2024-03-08 08:22:00,crypto_bull
Mining rewards declining makes Bitcoin vulnerable,negative,2024-03-08 09:00:00,lightning_fan
Total Bitcoin addresses with balance: 43146 million,neutral,2024-03-08 09:09:00,unit_of_account
Bitcoin difficulty adjustment in 501 days,neutral,2024-03-08 09:56:00,retired_early
21 million Bitcoin supply cap is hardcoded,neutral,2024-03-08 10:04:00,technical_trader
Bitcoin fixes monetary policy failures,positive,2024-03-08 10:32:00,bitcoin_dev
Bitcoin privacy features insufficient,negative,2024-03-08 11:17:00,satoshi_fan
El Salvador Bitcoin experiment is working great,positive,2024-03-08 11:58:00,futures_guy
Bitcoin on-chain metrics showing accumulation,neutral,2024-03-08 12:56:00,mempool_observer
El Salvador Bitcoin experiment is working great,positive,2024-03-08 13:31:00,austrian_economist
Bitcoin fixes everything. Hard money wins,positive,2024-03-08 14:06:00,btc_unlimited
Bitcoin average block size is 93 MB today,neutral,2024-03-08 14:47:00,day_trader
Network fees collected: 39777 BTC today,neutral,2024-03-08 15:36:00,asic_farmer
Unconfirmed transactions: 7852 in mempool,neutral,2024-03-08 16:06:00,bitcoin_teacher
Miner revenue today: $41 million,neutral,2024-03-08 16:47:00,btc_analyst
Bitcoin whitepaper anniversary today. 10 years,neutral,2024-03-08 17:25:00,options_trader
HODL waves showing 20% held over 1 year,neutral,2024-03-08 17:45:00,crypto_skeptic
Bitcoin mining difficulty increased by 30%,neutral,2024-03-08 17:56:00,bitcoin_core
Bitcoin mining difficulty increased by 47%,neutral,2024-03-08 18:09:00,options_trader
Watching Bitcoin charts all day. No clear trend,neutral,2024-03-08 19:07:00,protocol_dev
Market manipulation obvious in Bitcoin trading,negative,2024-03-08 19:32:00,gold_bug_btc
Bitcoin becoming less decentralized over time,negative,2024-03-08 20:32:00,austrian_economist
Most Bitcoin holders underwater at current price,negative,2024-03-08 21:15:00,digital_gold
Bitcoin average block size is 121 MB today,neutral,2024-03-08 21:37:00,sats_stacker
Volatility makes Bitcoin terrible money,negative,2024-03-08 22:03:00,btc_unlimited
Bitcoin network hashrate at all-time high,neutral,2024-03-08 22:46:00,mining_pool
Bitcoin correlation with stocks increasing,negative,2024-03-08 23:00:00,position_trader
Green candles everywhere! Bitcoin pumping hard,positive,2024-03-08 23:12:00,futures_guy
Quantum computers will break Bitcoin encryption,negative,2024-03-08 23:21:00,hardware_wallet
Bitcoin network stronger than ever before,positive,2024-03-08 23:22:00,inflation_hedge
Losing faith in Bitcoin after this crash,negative,2024-03-08 23:47:00,custodial_service
Regulatory crackdown will kill Bitcoin,negative,2024-03-09 00:43:00,crypto_bull
Bitcoin complexity keeps masses away,negative,2024-03-09 01:27:00,hash_power
Institutions are buying Bitcoin like crazy! Bullish,positive,2024-03-09 01:39:00,sound_money
Stacking sats feels amazing. Future is bright,positive,2024-03-09 01:57:00,mining_dev
BTC dominance falling. Altcoin season coming,negative,2024-03-09 02:01:00,mining_dev
Bitcoin privacy improving with coinjoin adoption,positive,2024-03-09 02:14:00,layer_two
Bitcoin centralization risk increasing daily,negative,2024-03-09 02:27:00,alternative_client
Bitcoin scams everywhere. Can't trust anyone,negative,2024-03-09 03:09:00,full_node_operator
Bitcoin fixes monetary policy failures,positive,2024-03-09 03:52:00,crypto_bull
Energy consumption of Bitcoin is destroying planet,negative,2024-03-09 04:36:00,retail_investor
Bitcoin circular economy growing in El Salvador,positive,2024-03-09 05:23:00,payment_network
Best decision ever was buying Bitcoin in 2016,positive,2024-03-09 06:08:00,nakamoto_institute
MicroStrategy bought more Bitcoin! Saylor knows,positive,2024-03-09 06:43:00,base_layer
Volatility makes Bitcoin terrible money,negative,2024-03-09 06:49:00,halving_counter
Bitcoin transaction fees are 3.0 dollars today,neutral,2024-03-09 07:44:00,solo_miner
Orange coin good! HODL forever,positive,2024-03-09 08:00:00,mempool_observer
Never selling my Bitcoin. Passing it to my kids,positive,2024-03-09 08:49:00,dca_investor
Bitcoin velocity indicator at 34.63,neutral,2024-03-09 09:06:00,asic_farmer
Energy consumption of Bitcoin is destroying planet,negative,2024-03-09 09:12:00,retired_early
Bitcoin mining pool distribution chart updated,neutral,2024-03-09 09:26:00,day_trader
Financial freedom through Bitcoin. Nothing better,positive,2024-03-09 10:11:00,hash_power
Network difficulty retarget in 135 hours,neutral,2024-03-09 10:39:00,security_first
Bitcoin failing as peer to peer currency,negative,2024-03-09 11:17:00,defi_explorer
Watching Bitcoin charts all day. No clear trend,neutral,2024-03-09 11:20:00,day_trader
Bitcoin price is stable today. Nothing much happening,neutral,2024-03-09 12:03:00,custodial_service
MicroStrategy bought more Bitcoin! Saylor knows,positive,2024-03-09 12:13:00,settlement_layer
Bitcoin scams everywhere. Can't trust anyone,negative,2024-03-09 12:17:00,open_source
Bitcoin taught me patience and discipline,positive,2024-03-09 12:31:00,crypto_coach
Governments will ban Bitcoin eventually,negative,2024-03-09 13:14:00,alternative_client
Miner revenue today: $43 million,neutral,2024-03-09 13:22:00,unit_of_account
Bitcoin environmental impact is unsustainable,negative,2024-03-09 14:05:00,btc_analyst
Bitcoin mining pools have too much power,negative,2024-03-09 15:03:00,whale_watcher
Bitcoin changing lives around the world,positive,2024-03-09 15:08:00,gold_bug_btc
Watching Bitcoin charts all day. No clear trend,neutral,2024-03-09 15:59:00,node_runner
Bitcoin scams everywhere. Can't trust anyone,negative,2024-03-09 16:23:00,unit_of_account
Bitcoin ETF approval coming soon. This is huge!,positive,2024-03-09 17:07:00,maximalist_tom
Bitcoin rainbow chart suggests accumulation phase,neutral,2024-03-09 17:22:00,singlesig_simple
Just bought more Bitcoin! Feeling bullish,positive,2024-03-09 17:36:00,pseudonymous_dev
Bitcoin changing lives around the world,positive,2024-03-09 18:12:00,options_trader
Every paycheck goes into Bitcoin. No regrets,positive,2024-03-09 18:40:00,arbitrage_king
Bitcoin Puell Multiple reading: 13.82,neutral,2024-03-09 19:16:00,hash_power
Bitcoin halving excitement is building up,positive,2024-03-09 19:17:00,day_trader
This volatility is killing me. Can't handle BTC anymore,negative,2024-03-09 19:50:00,lightning_node
Technical debt accumulating in Bitcoin,negative,2024-03-09 20:07:00,pseudonymous_dev
Bitcoin network congestion frustrating users,negative,2024-03-09 20:28:00,dao_member
Never selling my Bitcoin. Passing it to my kids,positive,2024-03-09 21:14:00,gold_bug_btc
Bitcoin exchange reserves: 86044 BTC,neutral,2024-03-09 21:49:00,paper_wallet
Bitcoin fixes everything. Hard money wins,positive,2024-03-09 22:06:00,privacy_maxi
Bitcoin circular economy growing in El Salvador,positive,2024-03-09 22:35:00,options_trader
Security vulnerabilities found in Bitcoin wallets,negative,2024-03-09 23:30:00,kyc_hater
Unconfirmed transactions: 28253 in mempool,neutral,2024-03-10 00:18:00,crypto_news
Hyperbitcoinization is inevitable. Fiat dies,positive,2024-03-10 01:04:00,dao_member
Bitcoin centralization risk increasing daily,negative,2024-03-10 01:35:00,validator_node
Regulatory crackdown will kill Bitcoin,negative,2024-03-10 01:50:00,gold_bug_btc
Bullish on Bitcoin fundamentals long term,positive,2024-03-10 02:22:00,wallet_dev
Institutional selling pressure on Bitcoin,negative,2024-03-10 02:55:00,mining_dev
BTC dominance falling. Altcoin season coming,negative,2024-03-10 03:13:00,wallet_dev
Bitcoin is freedom money. Period,positive,2024-03-10 03:35:00,open_source
Bitcoin fixes everything. Hard money wins,positive,2024-03-10 04:11:00,lightning_node
Bitcoin changing lives around the world,positive,2024-03-10 04:58:00,singlesig_simple
Bitcoin transaction fees are 9.0 dollars today,neutral,2024-03-10 05:07:00,settlement_layer
Energy consumption of Bitcoin is destroying planet,negative,2024-03-10 05:58:00,day_trader
Volatility makes Bitcoin terrible money,negative,2024-03-10 06:03:00,institutional_buyer
Mining pools controlling too much Bitcoin hashrate,negative,2024-03-10 06:13:00,mempool_observer
Bitcoin ETF approval coming soon. This is huge!,positive,2024-03-10 06:30:00,technical_trader
Bitcoin mining difficulty increased by 11%,neutral,2024-03-10 07:23:00,silver_to_btc
Green candles everywhere! Bitcoin pumping hard,positive,2024-03-10 07:47:00,validator_node
Bitcoin is freedom money. Period,positive,2024-03-10 08:46:00,mining_pro
Bitcoin fixes everything. Hard money wins,positive,2024-03-10 08:59:00,spot_trader
Every paycheck goes into Bitcoin. No regrets,positive,2024-03-10 09:43:00,alternative_client
Complexity of Bitcoin protocol is a problem,negative,2024-03-10 09:49:00,bull_trader
Bitcoin changing lives around the world,positive,2024-03-10 10:26:00,layer_two
Watching Bitcoin charts all day. No clear trend,neutral,2024-03-10 10:44:00,institutional_buyer
Average Bitcoin transaction size is 178 bytes,neutral,2024-03-10 11:15:00,day_trader
Bitcoin block time averaging 10 minutes as usual,neutral,2024-03-10 12:10:00,gold_bug_btc
Current Bitcoin mempool has 19438k transactions,neutral,2024-03-10 12:54:00,liquidity_provider
Volatility makes Bitcoin terrible money,negative,2024-03-10 13:09:00,validator_node
Optimistic about Bitcoin scaling solutions,positive,2024-03-10 13:58:00,scalper_pro
Bitcoin inflation rate: 15% annually,neutral,2024-03-10 14:17:00,lightning_dev
Bitcoin transaction fees are 4.0 dollars today,neutral,2024-03-10 14:34:00,crypto_bull
Bitcoin changing lives around the world,positive,2024-03-10 14:55:00,retired_early
Carbon footprint of Bitcoin is unacceptable,negative,2024-03-10 15:06:00,silver_to_btc
Bitcoin solving real world problems daily,positive,2024-03-10 15:50:00,mining_dev
Network fees collected: 24741 BTC today,neutral,2024-03-10 16:37:00,brain_wallet
Strike app makes Bitcoin payments so easy,positive,2024-03-10 16:57:00,hash_power
Bitcoin average block size is 57 MB today,neutral,2024-03-10 17:55:00,lightning_wallet
Ordinals using Bitcoin blockchain for NFTs,neutral,2024-03-10 18:36:00,dca_investor
Bitcoin price consolidating around 77k,neutral,2024-03-10 18:40:00,whale_watcher
Bitcoin mining centralization worrying trend,negative,2024-03-10 18:41:00,crypto_skeptic
Bitcoin complexity keeps masses away,negative,2024-03-10 19:32:00,millennial_investor
Bitcoin hash ribbons indicator neutral now,neutral,2024-03-10 20:20:00,crypto_skeptic
Bitcoin whales manipulating market again,negative,2024-03-10 21:11:00,cold_storage
Bitcoin Core version 24.0 released yesterday,neutral,2024-03-10 21:30:00,early_adopter
Sleeping well knowing I own Bitcoin,positive,2024-03-10 21:56:00,node_runner
Bitcoin trading volume: $38638M today,neutral,2024-03-10 21:59:00,retail_investor
Bitcoin adoption is growing. Major companies accepting it now,positive,2024-03-10 22:04:00,singlesig_simple
Bitcoin ETF approval coming soon. This is huge!,positive,2024-03-10 22:17:00,financial_freedom
Bitcoin privacy improving with coinjoin adoption,positive,2024-03-10 23:07:00,institutional_buyer
Bought the dip again! DCA strategy works,positive,2024-03-10 23:43:00,options_trader
Bitcoin fear and greed index: 67.23,neutral,2024-03-11 00:03:00,hardware_wallet
Hyperbitcoinization is inevitable. Fiat dies,positive,2024-03-11 00:11:00,lightning_fan
Bitcoin fear and greed index: 29.56,neutral,2024-03-11 00:36:00,arbitrage_king
Bitcoin price is stable today. Nothing much happening,neutral,2024-03-11 00:45:00,lightning_dev
Lightning Network makes Bitcoin amazing for payments,positive,2024-03-11 01:30:00,custodial_service
Watching Bitcoin price discovery is exciting,positive,2024-03-11 01:45:00,btc_analyst
Total value locked in Bitcoin DeFi protocols,neutral,2024-03-11 02:04:00,self_custody
Bitcoin fixes everything. Hard money wins,positive,2024-03-11 02:27:00,anon_trader
Bitcoin trading volume: $47127M today,neutral,2024-03-11 02:56:00,open_source
Bitcoin segwit adoption rate is 45 percent,neutral,2024-03-11 03:09:00,cold_storage
Bitcoin scams everywhere. Can't trust anyone,negative,2024-03-11 03:14:00,nakamoto_institute
Bitcoin failing store of value test,negative,2024-03-11 03:19:00,austrian_economist
Lost my Bitcoin in a boating accident. So sad,negative,2024-03-11 04:03:00,mining_dev
Bitcoin energy waste is inexcusable,negative,2024-03-11 04:18:00,asic_farmer
Bullish on Bitcoin fundamentals long term,positive,2024-03-11 04:45:00,boomer_hodler
Average Bitcoin transaction size is 202 bytes,neutral,2024-03-11 05:34:00,hash_power
Bitcoin nodes distributed across 117 countries,neutral,2024-03-11 06:03:00,lightning_fan
Bitcoin price consolidating around 81k,neutral,2024-03-11 06:59:00,mining_pro
Coins moved on-chain: 48320 BTC,neutral,2024-03-11 07:03:00,futures_guy
FBI seized more Bitcoin from criminals today,negative,2024-03-11 07:59:00,alternative_client
Bitcoin halving countdown: 1295 days remaining,neutral,2024-03-11 08:00:00,whale_watcher
Sound money principles restored by Bitcoin,positive,2024-03-11 08:40:00,store_of_value
Energy consumption of Bitcoin is destroying planet,negative,2024-03-11 09:28:00,privacy_advocate
Governments successfully attacking Bitcoin,negative,2024-03-11 09:34:00,paper_wallet
Bitcoin changing lives around the world,positive,2024-03-11 10:23:00,halving_counter
Just bought more Bitcoin! Feeling bullish,positive,2024-03-11 11:14:00,scalper_pro
Quantum threat to Bitcoin is real,negative,2024-03-11 11:22:00,sound_money
Current block height is 814051,neutral,2024-03-11 11:46:00,bitcoin_dev
Complexity of Bitcoin protocol is a problem,negative,2024-03-11 11:48:00,halving_counter
This volatility is killing me. Can't handle BTC anymore,negative,2024-03-11 12:08:00,mining_pro
Financial freedom through Bitcoin. Nothing better,positive,2024-03-11 13:07:00,fiat_escapist
Hyperbitcoinization is inevitable. Fiat dies,positive,2024-03-11 13:40:00,retail_investor
Inflation hedge narrative failed for Bitcoin,negative,2024-03-11 14:26:00,base_layer
Optimistic about Bitcoin scaling solutions,positive,2024-03-11 14:41:00,futures_guy
Satoshi Nakamoto mined first Bitcoin block in 2009,neutral,2024-03-11 15:35:00,settlement_layer
Every paycheck goes into Bitcoin. No regrets,positive,2024-03-11 15:45:00,anon_trader
Bitcoin centralization risk increasing daily,negative,2024-03-11 16:21:00,custodial_service
Inflation hedge narrative failed for Bitcoin,negative,2024-03-11 16:33:00,crypto_coach
Coins moved on-chain: 11604 BTC,neutral,2024-03-11 17:28:00,self_custody
Institutions are buying Bitcoin like crazy! Bullish,positive,2024-03-11 17:55:00,bitcoin_teacher
Grateful for Satoshi Nakamoto every single day,positive,2024-03-11 18:55:00,anon_trader
Total value locked in Bitcoin DeFi protocols,neutral,2024-03-11 19:42:00,protocol_dev
Current block height is 813881,neutral,2024-03-11 19:57:00,hardware_wallet
Financial freedom through Bitcoin. Nothing better,positive,2024-03-11 20:36:00,open_source
Bitcoin failing as peer to peer currency,negative,2024-03-11 21:07:00,open_source
Bitcoin mining difficulty at 78 trillion,neutral,2024-03-11 21:18:00,difficulty_watcher
Bitcoin mining pool distribution chart updated,neutral,2024-03-11 21:46:00,crypto_bull
Bitcoin standard is coming. Get ready,positive,2024-03-11 22:25:00,crypto_coach
Bought the dip again! DCA strategy works,positive,2024-03-11 22:33:00,bitcoin_standard
Orange coin made me financially independent,positive,2024-03-11 23:07:00,btc_analyst
Living on Bitcoin for 8 years now. Amazing,positive,2024-03-11 23:13:00,crypto_news
Bitcoin fear and greed index: 24.24,neutral,2024-03-12 00:04:00,base_layer
Bitcoin whitepaper anniversary today. 9 years,neutral,2024-03-12 00:29:00,liquidity_provider
Bitcoin mining pools have too much power,negative,2024-03-12 00:55:00,defi_explorer
Coinbase premium: 44% currently,neutral,2024-03-12 01:35:00,lightning_wallet
Strike app makes Bitcoin payments so easy,positive,2024-03-12 02:07:00,lightning_node
Proudly part of the Bitcoin revolution,positive,2024-03-12 02:27:00,mining_pool
Bitcoin failing as peer to peer currency,negative,2024-03-12 02:43:00,store_of_value
Realized profit loss ratio: 1.92,neutral,2024-03-12 03:09:00,paper_wallet
Bitcoin average block size is 100 MB today,neutral,2024-03-12 03:49:00,day_trader
Bitcoin hashrate: 371 EH/s currently,neutral,2024-03-12 04:37:00,self_custody
Orange coin made me financially independent,positive,2024-03-12 04:39:00,kyc_hater
Bitcoin price consolidating around 71k,neutral,2024-03-12 04:49:00,mempool_observer
Most Bitcoin is held by whales. Unfair distribution,negative,2024-03-12 04:54:00,unit_of_account
Just bought more Bitcoin! Feeling bullish,positive,2024-03-12 05:04:00,dao_member
Active Bitcoin addresses: 24598 million,neutral,2024-03-12 05:31:00,asic_farmer
Mempool size: 230 MB currently,neutral,2024-03-12 06:09:00,mining_pro
Mining rewards declining makes Bitcoin vulnerable,negative,2024-03-12 06:39:00,halving_counter
Bitcoin changing lives around the world,positive,2024-03-12 07:08:00,spot_trader
Quantum computers will break Bitcoin encryption,negative,2024-03-12 07:25:00,singlesig_simple
Bitcoin velocity indicator at 71.27,neutral,2024-03-12 07:46:00,gold_bug_btc
Hyperbitcoinization is inevitable. Fiat dies,positive,2024-03-12 08:20:00,technical_trader
Bitcoin represents hope for unbanked millions,positive,2024-03-12 08:55:00,unit_of_account
Bitcoin is a ponzi scheme. Change my mind,negative,2024-03-12 09:02:00,halving_counter
Financial freedom through Bitcoin. Nothing better,positive,2024-03-12 09:51:00,defi_explorer
Bitcoin realized cap: $72602 billion,neutral,2024-03-12 10:20:00,bull_trader
HODL waves showing 1% held over 1 year,neutral,2024-03-12 11:01:00,open_source
Bitcoin is freedom money. Period,positive,2024-03-12 11:39:00,base_layer
Proof of work makes Bitcoin most secure network,positive,2024-03-12 12:03:00,privacy_advocate
Just bought more Bitcoin! Feeling bullish,positive,2024-03-12 12:57:00,options_trader
Bitcoin average block size is 145 MB today,neutral,2024-03-12 13:03:00,arbitrage_king
Grateful for Satoshi Nakamoto every single day,positive,2024-03-12 13:53:00,spot_trader
Bitcoin is the exit from the broken system,positive,2024-03-12 14:48:00,keynesian_critic
Bitcoin trading volume: $42307M today,neutral,2024-03-12 15:32:00,paper_wallet
Excited about Bitcoin halving next year!,positive,2024-03-12 16:12:00,position_trader
Network fees collected: 20014 BTC today,neutral,2024-03-12 16:26:00,bitcoin_dev
Unconfirmed transactions: 46823 in mempool,neutral,2024-03-12 16:43:00,trader_joe
This is still early for Bitcoin adoption,positive,2024-03-12 17:43:00,boomer_hodler
Bitcoin mining becoming unprofitable for many,negative,2024-03-12 18:04:00,base_layer
Bitcoin inflation rate: 28% annually,neutral,2024-03-12 18:59:00,mining_dev
Unconfirmed transactions: 43008 in mempool,neutral,2024-03-12 19:41:00,wallet_dev
Bitcoin mining pool distribution chart updated,neutral,2024-03-12 20:38:00,hard_money
Regulatory uncertainty killing Bitcoin momentum,negative,2024-03-12 21:33:00,hodler_mike
Bitcoin is the exit from the broken system,positive,2024-03-12 22:30:00,dca_investor
Best performing asset of last decade: Bitcoin,positive,2024-03-12 23:11:00,maximalist_tom
HODL waves showing 28% held over 1 year,neutral,2024-03-12 23:52:00,validator_node
Institutions are buying Bitcoin like crazy! Bullish,positive,2024-03-13 00:38:00,spot_trader
Active Bitcoin addresses: 22609 million,neutral,2024-03-13 01:28:00,bear_market_bob
Network difficulty retarget in 291 hours,neutral,2024-03-13 01:54:00,settlement_layer
Complexity of Bitcoin protocol is a problem,negative,2024-03-13 02:13:00,node_runner
Bitcoin represents hope for unbanked millions,positive,2024-03-13 02:41:00,store_of_value
Institutions are buying Bitcoin like crazy! Bullish,positive,2024-03-13 03:29:00,arbitrage_king
This bull run will be epic! Bitcoin to 96k,positive,2024-03-13 04:09:00,bitcoin_standard
Every paycheck goes into Bitcoin. No regrets,positive,2024-03-13 04:18:00,custodial_service
Whale wallets controlling Bitcoin price,negative,2024-03-13 05:04:00,bitcoin_teacher
Miner revenue today: $25 million,neutral,2024-03-13 05:18:00,cold_storage
Proof of work makes Bitcoin most secure network,positive,2024-03-13 05:47:00,satoshi_fan
Bitcoin empowers individuals worldwide,positive,2024-03-13 06:26:00,wallet_dev
I lost so much money on BTC. This is terrible,negative,2024-03-13 07:05:00,gold_bug_btc
Bitcoin mining pool distribution chart updated,neutral,2024-03-13 07:07:00,crypto_bull
Bitcoin on-chain metrics showing accumulation,neutral,2024-03-13 07:34:00,non_custodial
Bitcoin mining difficulty at 86 trillion,neutral,2024-03-13 07:40:00,defi_explorer
Bitcoin conference in Miami was incredible,positive,2024-03-13 07:54:00,bitcoin_core
Bitcoin at 63k. Same as yesterday,neutral,2024-03-13 08:15:00,gen_z_crypto
Whale wallets controlling Bitcoin price,negative,2024-03-13 09:11:00,hodler_mike
Transaction speed makes Bitcoin unusable,negative,2024-03-13 09:38:00,sound_money
Too many Bitcoin scams ruining reputation,negative,2024-03-13 10:18:00,mining_dev
Optimistic about Bitcoin scaling solutions,positive,2024-03-13 10:41:00,halving_counter
Accumulating Bitcoin is the best strategy,positive,2024-03-13 11:30:00,trader_joe
Bullish on Bitcoin fundamentals long term,positive,2024-03-13 11:43:00,crypto_news
Bitcoin block time averaging 10 minutes as usual,neutral,2024-03-13 12:28:00,kyc_hater
Bitcoin network stronger than ever before,positive,2024-03-13 13:17:00,brain_wallet
Inflation hedge narrative failed for Bitcoin,negative,2024-03-13 14:07:00,solo_miner
Average confirmation time: 8 minutes,neutral,2024-03-13 14:48:00,on_chain_guy
I'm done with crypto. Too risky for me,negative,2024-03-13 14:56:00,lightning_dev
Bitcoin is going to the moon! Best investment ever,positive,2024-03-13 15:53:00,non_custodial
Lightning Network makes Bitcoin amazing for payments,positive,2024-03-13 16:09:00,deflation_lover
Bought the dip again! DCA strategy works,positive,2024-03-13 17:09:00,store_of_value
Bitcoin stock to flow ratio: 0.93,neutral,2024-03-13 17:13:00,mining_pro
Security vulnerabilities found in Bitcoin wallets,negative,2024-03-13 17:54:00,lightning_wallet
Bitcoin halving countdown: 563 days remaining,neutral,2024-03-13 18:01:00,asic_farmer
Bitcoin is going to the moon! Best investment ever,positive,2024-03-13 18:24:00,node_runner
Just bought more Bitcoin! Feeling bullish,positive,2024-03-13 19:12:00,yield_farmer
Losing faith in Bitcoin after this crash,negative,2024-03-13 19:41:00,difficulty_watcher
Bitcoin whitepaper anniversary today. 7 years,neutral,2024-03-13 20:06:00,pseudonymous_dev
Bitcoin mining pools have too much power,negative,2024-03-13 20:43:00,asic_farmer
I'm done with crypto. Too risky for me,negative,2024-03-13 21:29:00,layer_two
Unconfirmed transactions: 34659 in mempool,neutral,2024-03-13 21:38:00,mining_pro
Average Bitcoin fee per transaction: 7.8 dollars,neutral,2024-03-13 21:59:00,asic_farmer
Bitcoin network stronger than ever before,positive,2024-03-13 22:31:00,multisig_user
Bitcoin correlation with stocks increasing,negative,2024-03-13 23:25:00,hard_money
Not your keys not your coins. Self custody!,positive,2024-03-13 23:30:00,bitcoin_core
Bitcoin privacy improving with coinjoin adoption,positive,2024-03-13 23:33:00,market_maker
HODL waves showing 50% held over 1 year,neutral,2024-03-14 00:23:00,cold_storage
Bitcoin UTXO set size reached 45635 million,neutral,2024-03-14 01:22:00,open_source
Bitcoin failing as peer to peer currency,negative,2024-03-14 01:39:00,mining_pro
Bullish on Bitcoin fundamentals long term,positive,2024-03-14 02:14:00,self_custody
Not your keys not your coins. Self custody!,positive,2024-03-14 02:16:00,mining_pro
Lightning Network channels: 4107 active,neutral,2024-03-14 02:30:00,hash_power
Bitcoin blockchain size reached 64 GB,neutral,2024-03-14 03:26:00,cold_storage
Bitcoin becoming less decentralized over time,negative,2024-03-14 03:53:00,whale_watcher
Bitcoin UTXO set size reached 4591 million,neutral,2024-03-14 03:55:00,liquidity_provider
Living on Bitcoin for 9 years now. Amazing,positive,2024-03-14 04:06:00,technical_trader
Quantum computers will break Bitcoin encryption,negative,2024-03-14 04:49:00,nft_collector
HODL waves showing 10% held over 1 year,neutral,2024-03-14 05:07:00,technical_trader
Bitcoin accepted at 46582 merchants worldwide,positive,2024-03-14 05:43:00,lightning_node
Bitcoin taproot upgrade activated 8 years ago,neutral,2024-03-14 06:06:00,early_adopter
Lost my Bitcoin in a boating accident. So sad,negative,2024-03-14 06:33:00,mining_dev
Green candles everywhere! Bitcoin pumping hard,positive,2024-03-14 06:34:00,scalper_pro
Bitcoin fixes everything. Hard money wins,positive,2024-03-14 06:43:00,whale_watcher
Volatility makes Bitcoin terrible money,negative,2024-03-14 06:44:00,exchange_dev
Bitcoin creating generational wealth for hodlers,positive,2024-03-14 07:08:00,bitcoin_core
Excited about Bitcoin halving next year!,positive,2024-03-14 07:47:00,hard_money
Mining pools controlling too much Bitcoin hashrate,negative,2024-03-14 08:23:00,singlesig_simple
Bitcoin transaction confirmations too slow,negative,2024-03-14 08:41:00,lightning_dev
Bitcoin centralization risk increasing daily,negative,2024-03-14 09:41:00,btc_analyst
Proudly part of the Bitcoin revolution,positive,2024-03-14 09:47:00,early_adopter
Green candles everywhere! Bitcoin pumping hard,positive,2024-03-14 09:56:00,custodial_service
Excited about Bitcoin halving next year!,positive,2024-03-14 10:01:00,paper_wallet
Bitcoin stock to flow ratio: 1.62,neutral,2024-03-14 10:16:00,mempool_observer
This bull run will be epic! Bitcoin to 49k,positive,2024-03-14 11:05:00,market_maker
Bitcoin market cap is 1069 billion dollars,neutral,2024-03-14 11:13:00,millennial_investor
Bitcoin hash ribbons indicator neutral now,neutral,2024-03-14 11:28:00,technical_trader
Bitcoin is freedom money. Period,positive,2024-03-14 12:20:00,trader_joe
Bitcoin price is stable today. Nothing much happening,neutral,2024-03-14 12:28:00,protocol_dev
Proudly part of the Bitcoin revolution,positive,2024-03-14 12:29:00,bitcoin_knots
Grateful for Satoshi Nakamoto every single day,positive,2024-03-14 12:30:00,sats_stacker
Orange pilling friends and family successfully,positive,2024-03-14 12:55:00,mempool_observer
Bitcoin mining difficulty at 75 trillion,neutral,2024-03-14 12:59:00,alternative_client
El Salvador Bitcoin experiment is working great,positive,2024-03-14 13:52:00,arbitrage_king
Bitcoin average block size is 244 MB today,neutral,2024-03-14 14:47:00,on_chain_guy
Bitcoin difficulty adjustment in 337 days,neutral,2024-03-14 15:00:00,futures_guy
Bitcoin transaction fees are 6.4 dollars today,neutral,2024-03-14 15:27:00,satoshi_fan
Bitcoin mining difficulty increased by 15%,neutral,2024-03-14 15:33:00,boomer_hodler
Bitcoin node count increased to 4553,neutral,2024-03-14 16:33:00,wallet_dev
Regulatory crackdown will kill Bitcoin,negative,2024-03-14 16:53:00,options_trader
Bitcoin is a ponzi scheme. Change my mind,negative,2024-03-14 17:25:00,lightning_fan
Finally convinced my family to buy Bitcoin,positive,2024-03-14 17:58:00,satoshi_fan
Bitcoin creating generational wealth for hodlers,positive,2024-03-14 18:00:00,layer_two
Bitcoin reaching new all time highs soon,positive,2024-03-14 18:14:00,financial_freedom
Bitcoin hash ribbons indicator neutral now,neutral,2024-03-14 19:04:00,austrian_economist
Realized profit loss ratio: 1.49,neutral,2024-03-14 20:04:00,bitcoin_standard
Bitcoin adoption is growing. Major companies accepting it now,positive,2024-03-14 20:19:00,boomer_hodler
Bitcoin node count increased to 8696,neutral,2024-03-14 21:16:00,node_runner
This is still early for Bitcoin adoption,positive,2024-03-14 21:52:00,btc_unlimited
Complexity of Bitcoin protocol is a problem,negative,2024-03-14 22:49:00,mining_pro
NVT ratio currently: 61.74,neutral,2024-03-14 23:04:00,hard_money
Green candles everywhere! Bitcoin pumping hard,positive,2024-03-15 00:00:00,bitcoin_standard
This volatility is killing me. Can't handle BTC anymore,negative,2024-03-15 00:33:00,hodler_mike
Bitcoin accepted at 17114 merchants worldwide,positive,2024-03-15 01:09:00,deflation_lover
Bitcoin is freedom money. Period,positive,2024-03-15 01:47:00,bull_trader
Bitcoin empowers individuals worldwide,positive,2024-03-15 02:34:00,whale_watcher
Bitcoin market cap is 544 billion dollars,neutral,2024-03-15 03:06:00,on_chain_guy
Proof of work makes Bitcoin most secure network,positive,2024-03-15 03:24:00,trader_joe
Bitcoin is the exit from the broken system,positive,2024-03-15 03:42:00,scalper_pro
Mining pools controlling too much Bitcoin hashrate,negative,2024-03-15 03:48:00,gold_bug_btc
Institutions are buying Bitcoin like crazy! Bullish,positive,2024-03-15 04:36:00,brain_wallet
Bitcoin price is stable today. Nothing much happening,neutral,2024-03-15 05:31:00,non_custodial
MicroStrategy bought more Bitcoin! Saylor knows,positive,2024-03-15 06:22:00,market_maker
Bitcoin exchange reserves: 57264 BTC,neutral,2024-03-15 06:32:00,cold_storage
Bitcoin gave me hope for the future,positive,2024-03-15 07:19:00,paper_wallet
Bitcoin on-chain metrics showing accumulation,neutral,2024-03-15 07:28:00,unit_of_account
Bitcoin trading volume: $36213M today,neutral,2024-03-15 08:27:00,non_custodial
Bitcoin centralization risk increasing daily,negative,2024-03-15 09:13:00,position_trader
BTC dominance falling. Altcoin season coming,negative,2024-03-15 09:50:00,financial_freedom
Bitcoin rainbow chart suggests accumulation phase,neutral,2024-03-15 09:59:00,cold_storage
Bitcoin fixes monetary policy failures,positive,2024-03-15 10:25:00,sound_money
Strike app makes Bitcoin payments so easy,positive,2024-03-15 10:45:00,nft_collector
Optimistic about Bitcoin scaling solutions,positive,2024-03-15 10:53:00,base_layer
I lost so much money on BTC. This is terrible,negative,2024-03-15 11:16:00,bitcoin_core
Bitcoin Puell Multiple reading: 85.38,neutral,2024-03-15 12:16:00,hard_money
Hyperbitcoinization is inevitable. Fiat dies,positive,2024-03-15 12:54:00,privacy_advocate
Bitcoin blockchain size reached 286 GB,neutral,2024-03-15 12:55:00,bull_trader
Central banks trying to kill Bitcoin with CBDC,negative,2024-03-15 13:23:00,chart_master
Proof of work makes Bitcoin most secure network,positive,2024-03-15 13:48:00,trader_joe
Proof of reserves shows Bitcoin strength,positive,2024-03-15 14:25:00,gen_z_crypto
Bitcoin centralization risk increasing daily,negative,2024-03-15 14:46:00,hardware_wallet
Bitcoin reaching new all time highs soon,positive,2024-03-15 15:31:00,wallet_dev
Bitcoin reaching new all time highs soon,positive,2024-03-15 15:57:00,dao_member
Strike app makes Bitcoin payments so easy,positive,2024-03-15 16:40:00,non_custodial
Market manipulation obvious in Bitcoin trading,negative,2024-03-15 17:01:00,security_first
Excited about Bitcoin halving next year!,positive,2024-03-15 17:38:00,medium_of_exchange
Lightning Network channels: 43855 active,neutral,2024-03-15 18:17:00,multisig_user
Bitcoin conference in Miami was incredible,positive,2024-03-15 18:56:00,bitcoin_core
Bitcoin only useful for criminals and dark web,negative,2024-03-15 19:02:00,asic_farmer
BTC dominance falling. Altcoin season coming,negative,2024-03-15 19:27:00,lightning_node
Bitcoin exchange reserves: 1947 BTC,neutral,2024-03-15 19:52:00,bitcoin_knots
Bitcoin education spreading globally. Bullish future,positive,2024-03-15 19:58:00,cold_storage
Bitcoin whitepaper anniversary today. 2 years,neutral,2024-03-15 20:28:00,difficulty_watcher
Orange coin good! HODL forever,positive,2024-03-15 21:00:00,node_runner
Total Bitcoin addresses with balance: 43543 million,neutral,2024-03-15 21:02:00,scalper_pro
Security vulnerabilities found in Bitcoin wallets,negative,2024-03-15 21:27:00,protocol_dev
Bitcoin privacy features insufficient,negative,2024-03-15 22:16:00,crypto_news
Transaction speed makes Bitcoin unusable,negative,2024-03-15 23:11:00,hardware_wallet
Optimistic about Bitcoin scaling solutions,positive,2024-03-15 23:53:00,retired_early
Bitcoin education spreading globally. Bullish future,positive,2024-03-15 23:55:00,mining_dev
Governments will ban Bitcoin eventually,negative,2024-03-16 00:45:00,sound_money
Current Bitcoin mempool has 34652k transactions,neutral,2024-03-16 00:59:00,privacy_advocate
Bitcoin environmental impact is unsustainable,negative,2024-03-16 01:06:00,medium_of_exchange
Most Bitcoin holders underwater at current price,negative,2024-03-16 01:19:00,hash_power
Orange coin good! HODL forever,positive,2024-03-16 01:23:00,privacy_advocate
Bitcoin ETF approval coming soon. This is huge!,positive,2024-03-16 01:32:00,paper_wallet
Excited about Bitcoin halving next year!,positive,2024-03-16 01:58:00,chart_master
Governments successfully attacking Bitcoin,negative,2024-03-16 02:48:00,open_source
Bitcoin blockchain size reached 158 GB,neutral,2024-03-16 03:19:00,gpu_miner
Bitcoin fees too high for small transactions,negative,2024-03-16 03:22:00,bitcoin_knots
Bitcoin mining difficulty at 64 trillion,neutral,2024-03-16 04:13:00,security_first
Bitcoin block time averaging 10 minutes as usual,neutral,2024-03-16 05:11:00,store_of_value
Bullish on Bitcoin fundamentals long term,positive,2024-03-16 05:23:00,trader_joe
Institutions are buying Bitcoin like crazy! Bullish,positive,2024-03-16 06:16:00,cold_storage
Sold all my Bitcoin. Moving to stocks,negative,2024-03-16 06:42:00,sound_money
Bitcoin fear and greed index: 74.98,neutral,2024-03-16 07:36:00,on_chain_guy
Institutions are buying Bitcoin like crazy! Bullish,positive,2024-03-16 07:58:00,crypto_bull
Never selling my Bitcoin. Passing it to my kids,positive,2024-03-16 08:43:00,crypto_skeptic
Bitcoin mining difficulty increased by 32%,neutral,2024-03-16 09:12:00,institutional_buyer
Governments will ban Bitcoin eventually,negative,2024-03-16 09:34:00,dao_member
Bitcoin conference in Miami was incredible,positive,2024-03-16 10:14:00,bitcoin_knots
Proudly part of the Bitcoin revolution,positive,2024-03-16 10:48:00,defi_explorer
Whale wallets controlling Bitcoin price,negative,2024-03-16 11:14:00,multisig_user
Mt Gox distribution will crash Bitcoin price,negative,2024-03-16 11:55:00,bear_market_bob
Market manipulation obvious in Bitcoin trading,negative,2024-03-16 12:28:00,lightning_node
Coinbase premium: 37% currently,neutral,2024-03-16 13:24:00,lightning_dev
Bitcoin is going to the moon! Best investment ever,positive,2024-03-16 13:43:00,privacy_maxi
Bitcoin rainbow chart suggests accumulation phase,neutral,2024-03-16 14:40:00,mining_pool
Bitcoin is freedom money. Period,positive,2024-03-16 14:47:00,gpu_miner
Bitcoin market cap is 1062 billion dollars,neutral,2024-03-16 14:53:00,trader_joe
Too many Bitcoin scams ruining reputation,negative,2024-03-16 15:10:00,pseudonymous_dev
Bitcoin fixes monetary policy failures,positive,2024-03-16 15:43:00,btc_analyst
Coins moved on-chain: 99813 BTC,neutral,2024-03-16 16:24:00,swing_trader
21 million Bitcoin supply cap is hardcoded,neutral,2024-03-16 17:09:00,bitcoin_teacher
Daily Bitcoin transactions averaging 9642k,neutral,2024-03-16 18:09:00,crypto_skeptic
Bitcoin accepted at 9465 merchants worldwide,positive,2024-03-16 18:48:00,bull_trader
Bitcoin changing lives around the world,positive,2024-03-16 19:16:00,swing_trader
Mt Gox distribution will crash Bitcoin price,negative,2024-03-16 19:31:00,bull_trader
Bitcoin mining pool distribution chart updated,neutral,2024-03-16 19:45:00,kyc_hater
Sleeping well knowing I own Bitcoin,positive,2024-03-16 20:14:00,lightning_dev
Bitcoin energy waste is inexcusable,negative,2024-03-16 20:25:00,options_trader
Watching Bitcoin price discovery is exciting,positive,2024-03-16 21:19:00,custodial_service
Bitcoin transaction confirmations too slow,negative,2024-03-16 21:34:00,yield_farmer
This is still early for Bitcoin adoption,positive,2024-03-16 22:04:00,alternative_client
Security breaches making Bitcoin unsafe,negative,2024-03-16 22:12:00,bitcoin_standard
Total Bitcoin addresses with balance: 3782 million,neutral,2024-03-16 22:42:00,bitcoin_core
Bitcoin halving countdown: 247 days remaining,neutral,2024-03-16 23:41:00,trader_joe
Living on Bitcoin for 2 years now. Amazing,positive,2024-03-16 23:48:00,crypto_coach
Never selling my Bitcoin. Passing it to my kids,positive,2024-03-17 00:33:00,options_trader
Mining rewards declining makes Bitcoin vulnerable,negative,2024-03-17 01:00:00,arbitrage_king
Grateful for Satoshi Nakamoto every single day,positive,2024-03-17 01:05:00,on_chain_guy
Bitcoin is a ponzi scheme. Change my mind,negative,2024-03-17 01:38:00,retail_investor
Current block height is 819095,neutral,2024-03-17 02:03:00,yield_farmer
Satoshi Nakamoto mined first Bitcoin block in 2009,neutral,2024-03-17 02:44:00,nakamoto_institute
Bitcoin only useful for criminals and dark web,negative,2024-03-17 03:33:00,inflation_hedge
Bitcoin scalability issues never solved,negative,2024-03-17 03:47:00,silver_to_btc
Bitcoin scams everywhere. Can't trust anyone,negative,2024-03-17 04:30:00,anon_trader
Bitcoin block time averaging 10 minutes as usual,neutral,2024-03-17 05:18:00,retired_early
Bitcoin rainbow chart suggests accumulation phase,neutral,2024-03-17 05:52:00,exchange_dev
Bitcoin mining centralization worrying trend,negative,2024-03-17 06:38:00,position_trader
Bitcoin Core version 24.0 released yesterday,neutral,2024-03-17 06:42:00,sats_stacker
Bitcoin mining pools have too much power,negative,2024-03-17 07:14:00,bull_trader
Bitcoin halving countdown: 1042 days remaining,neutral,2024-03-17 08:09:00,mining_pro
Orange pilling friends and family successfully,positive,2024-03-17 08:50:00,layer_two
Bitcoin network congestion frustrating users,negative,2024-03-17 09:30:00,crypto_coach
Finally convinced my family to buy Bitcoin,positive,2024-03-17 09:40:00,bitcoin_teacher
Bitcoin empowers individuals worldwide,positive,2024-03-17 10:25:00,layer_two
Bitcoin is a ponzi scheme. Change my mind,negative,2024-03-17 11:09:00,bitcoin_core
Central banks trying to kill Bitcoin with CBDC,negative,2024-03-17 11:18:00,lightning_wallet
Lightning Network channels: 13547 active,neutral,2024-03-17 11:33:00,market_maker
Bitcoin taught me patience and discipline,positive,2024-03-17 11:59:00,dca_investor
Bitcoin adoption is growing. Major companies accepting it now,positive,2024-03-17 12:32:00,singlesig_simple
Bitcoin solving real world problems daily,positive,2024-03-17 12:51:00,silver_to_btc
Bitcoin network hashrate at all-time high,neutral,2024-03-17 13:11:00,lightning_fan
This volatility is killing me. Can't handle BTC anymore,negative,2024-03-17 13:21:00,btc_analyst
Bitcoin is freedom money. Period,positive,2024-03-17 13:34:00,btc_unlimited
Bought the dip again! DCA strategy works,positive,2024-03-17 14:02:00,position_trader
Bitcoin is the exit from the broken system,positive,2024-03-17 14:03:00,sound_money
Quantum computers will break Bitcoin encryption,negative,2024-03-17 14:52:00,lightning_fan
Network fees collected: 52936 BTC today,neutral,2024-03-17 15:31:00,lightning_dev
Bitcoin circular economy growing in El Salvador,positive,2024-03-17 16:03:00,protocol_dev
Lightning Network makes Bitcoin amazing for payments,positive,2024-03-17 16:32:00,liquidity_provider
Regulatory uncertainty killing Bitcoin momentum,negative,2024-03-17 17:17:00,brain_wallet
Accumulating Bitcoin is the best strategy,positive,2024-03-17 17:23:00,mining_dev
FBI seized more Bitcoin from criminals today,negative,2024-03-17 18:04:00,wallet_dev
Bitcoin transaction fees are 9.6 dollars today,neutral,2024-03-17 18:27:00,early_adopter
Bitcoin UTXO set size reached 33628 million,neutral,2024-03-17 19:19:00,mining_pro
Every paycheck goes into Bitcoin. No regrets,positive,2024-03-17 20:09:00,mining_dev
NVT ratio currently: 42.62,neutral,2024-03-17 21:06:00,crypto_coach
Bitcoin hashrate: 571 EH/s currently,neutral,2024-03-17 22:04:00,protocol_dev
Average confirmation time: 9 minutes,neutral,2024-03-17 22:08:00,nft_collector
Unconfirmed transactions: 27488 in mempool,neutral,2024-03-17 23:02:00,hash_power
Bitcoin on-chain metrics showing accumulation,neutral,2024-03-17 23:26:00,anon_trader
Orange coin made me financially independent,positive,2024-03-17 23:32:00,halving_counter
Bitcoin is a ponzi scheme. Change my mind,negative,2024-03-17 23:47:00,on_chain_guy
Bought the dip again! DCA strategy works,positive,2024-03-18 00:29:00,satoshi_fan
Every paycheck goes into Bitcoin. No regrets,positive,2024-03-18 01:15:00,fiat_escapist
Lightning Network capacity at 99988 BTC,neutral,2024-03-18 02:15:00,bitcoin_core
Bitcoin fees too high for small transactions,negative,2024-03-18 02:20:00,bitcoin_knots
Ordinals using Bitcoin blockchain for NFTs,neutral,2024-03-18 03:10:00,silver_to_btc
Sound money principles restored by Bitcoin,positive,2024-03-18 03:13:00,pseudonymous_dev
Bitcoin stock to flow ratio: 1.24,neutral,2024-03-18 03:42:00,maximalist_tom
Financial freedom through Bitcoin. Nothing better,positive,2024-03-18 04:06:00,brain_wallet
Bitcoin conference in Miami was incredible,positive,2024-03-18 04:35:00,hash_power
Bullish on Bitcoin fundamentals long term,positive,2024-03-18 05:25:00,hodler_mike
Bitcoin privacy improving with coinjoin adoption,positive,2024-03-18 05:53:00,lightning_dev
Bitcoin halving countdown: 605 days remaining,neutral,2024-03-18 06:48:00,wallet_dev
21 million Bitcoin supply cap is hardcoded,neutral,2024-03-18 07:04:00,market_maker
Bitcoin conference in Miami was incredible,positive,2024-03-18 08:04:00,bitcoin_standard
NVT ratio currently: 54.54,neutral,2024-03-18 08:59:00,kyc_hater
Bitcoin privacy features insufficient,negative,2024-03-18 09:22:00,chart_master
Sound money principles restored by Bitcoin,positive,2024-03-18 10:01:00,base_layer
Bitcoin solves the money problem once and for all,positive,2024-03-18 10:43:00,medium_of_exchange
Green candles everywhere! Bitcoin pumping hard,positive,2024-03-18 11:32:00,validator_node
Inflation hedge narrative failed for Bitcoin,negative,2024-03-18 12:02:00,validator_node
Mempool size: 300 MB currently,neutral,2024-03-18 12:57:00,bitcoin_dev
Bitcoin rainbow chart suggests accumulation phase,neutral,2024-03-18 13:17:00,mining_pool
Bitcoin failing as peer to peer currency,negative,2024-03-18 14:02:00,asic_farmer
MicroStrategy bought more Bitcoin! Saylor knows,positive,2024-03-18 14:45:00,unit_of_account
Bitcoin circular economy growing in El Salvador,positive,2024-03-18 15:20:00,singlesig_simple
Mining rewards declining makes Bitcoin vulnerable,negative,2024-03-18 16:02:00,mining_dev
Bitcoin market cap is 847 billion dollars,neutral,2024-03-18 16:05:00,wallet_dev
Bitcoin taught me patience and discipline,positive,2024-03-18 17:05:00,privacy_maxi
Security vulnerabilities found in Bitcoin wallets,negative,2024-03-18 18:04:00,fiat_escapist
Quantum computers will break Bitcoin encryption,negative,2024-03-18 18:14:00,keynesian_critic
Proof of work makes Bitcoin most secure network,positive,2024-03-18 19:13:00,retail_investor
Bitcoin gave me hope for the future,positive,2024-03-18 19:46:00,market_maker
Mining pools controlling too much Bitcoin hashrate,negative,2024-03-18 20:33:00,hodler_mike
Bitcoin environmental impact is unsustainable,negative,2024-03-18 21:01:00,position_trader
Lightning Network channels: 10210 active,neutral,2024-03-18 21:47:00,unit_of_account
Optimistic about Bitcoin scaling solutions,positive,2024-03-18 22:16:00,settlement_layer
Bitcoin difficulty adjustment in 586 days,neutral,2024-03-18 22:25:00,brain_wallet
Bitcoin environmental impact is unsustainable,negative,2024-03-18 23:04:00,crypto_skeptic
Proof of reserves shows Bitcoin strength,positive,2024-03-18 23:17:00,bitcoin_teacher
Sleeping well knowing I own Bitcoin,positive,2024-03-18 23:18:00,asic_farmer
MicroStrategy bought more Bitcoin! Saylor knows,positive,2024-03-18 23:29:00,yield_farmer
Bitcoin fixes everything. Hard money wins,positive,2024-03-18 23:45:00,fiat_escapist
This bull run will be epic! Bitcoin to 67k,positive,2024-03-19 00:44:00,whale_watcher
Every paycheck goes into Bitcoin. No regrets,positive,2024-03-19 00:48:00,mining_pool
Governments successfully attacking Bitcoin,negative,2024-03-19 01:08:00,bull_trader
Realized profit loss ratio: 1.35,neutral,2024-03-19 01:44:00,bear_market_bob
Mining rewards declining makes Bitcoin vulnerable,negative,2024-03-19 02:15:00,protocol_dev
Whale wallets controlling Bitcoin price,negative,2024-03-19 02:30:00,yield_farmer
Bitcoin mining becoming unprofitable for many,negative,2024-03-19 02:42:00,keynesian_critic
Never selling my Bitcoin. Passing it to my kids,positive,2024-03-19 03:28:00,lightning_dev
Bitcoin hash ribbons indicator neutral now,neutral,2024-03-19 04:01:00,on_chain_guy
Bitcoin network hashrate at all-time high,neutral,2024-03-19 04:17:00,nft_collector
Bitcoin difficulty adjustment in 574 days,neutral,2024-03-19 05:14:00,pseudonymous_dev
Bitcoin solving real world problems daily,positive,2024-03-19 05:52:00,deflation_lover
Bitcoin taproot upgrade activated 6 years ago,neutral,2024-03-19 06:20:00,arbitrage_king
Bitcoin blockchain size reached 213 GB,neutral,2024-03-19 06:23:00,maximalist_tom
Miner revenue today: $50 million,neutral,2024-03-19 07:09:00,hard_money
Bitcoin fear and greed index: 83.59,neutral,2024-03-19 07:56:00,yield_farmer
Bitcoin Puell Multiple reading: 29.34,neutral,2024-03-19 08:49:00,validator_node
Bitcoin failing store of value test,negative,2024-03-19 09:06:00,multisig_user
Coinbase premium: 20% currently,neutral,2024-03-19 10:01:00,difficulty_watcher
Lightning Network makes Bitcoin amazing for payments,positive,2024-03-19 10:36:00,payment_network
Coins moved on-chain: 64105 BTC,neutral,2024-03-19 11:04:00,hard_money
Bitcoin whales manipulating market again,negative,2024-03-19 11:06:00,bear_market_bob
Bullish on Bitcoin fundamentals long term,positive,2024-03-19 11:53:00,btc_analyst
Bitcoin bubble popped. Never coming back,negative,2024-03-19 12:46:00,early_adopter
Active Bitcoin addresses: 43376 million,neutral,2024-03-19 12:59:00,institutional_buyer
Active Bitcoin addresses: 39890 million,neutral,2024-03-19 13:08:00,store_of_value
Bitcoin adoption plateau reached already,negative,2024-03-19 13:40:00,halving_counter
Bitcoin is freedom money. Period,positive,2024-03-19 14:14:00,defi_explorer
Mt Gox distribution will crash Bitcoin price,negative,2024-03-19 14:40:00,asic_farmer
Bitcoin is freedom money. Period,positive,2024-03-19 14:58:00,gold_bug_btc
FBI seized more Bitcoin from criminals today,negative,2024-03-19 15:02:00,node_runner
Bitcoin network congestion frustrating users,negative,2024-03-19 15:24:00,dao_member
Bitcoin taproot upgrade activated 4 years ago,neutral,2024-03-19 16:02:00,digital_gold
Bitcoin dominance currently at 22%,neutral,2024-03-19 16:44:00,base_layer
Bitcoin standard is coming. Get ready,positive,2024-03-19 17:14:00,lightning_dev
Bitcoin rainbow chart suggests accumulation phase,neutral,2024-03-19 18:01:00,protocol_dev
Governments successfully attacking Bitcoin,negative,2024-03-19 18:34:00,yield_farmer
Best performing asset of last decade: Bitcoin,positive,2024-03-19 18:46:00,lightning_node
Bullish on Bitcoin fundamentals long term,positive,2024-03-19 19:17:00,pseudonymous_dev
Bitcoin market cap is 456 billion dollars,neutral,2024-03-19 19:54:00,bitcoin_core
MicroStrategy bought more Bitcoin! Saylor knows,positive,2024-03-19 20:14:00,keynesian_critic
This is still early for Bitcoin adoption,positive,2024-03-19 20:46:00,yield_farmer
Energy consumption of Bitcoin is destroying planet,negative,2024-03-19 21:19:00,bull_trader
Coins moved on-chain: 92034 BTC,neutral,2024-03-19 22:12:00,custodial_service
Bitcoin blockchain size reached 223 GB,neutral,2024-03-19 23:07:00,hardware_wallet
Bitcoin fees too high for small transactions,negative,2024-03-19 23:23:00,options_trader
Stacking sats feels amazing. Future is bright,positive,2024-03-19 23:27:00,retired_early
Inflation hedge narrative failed for Bitcoin,negative,2024-03-19 23:37:00,custodial_service
Miner revenue today: $49 million,neutral,2024-03-20 00:25:00,keynesian_critic
Bitcoin price is stable today. Nothing much happening,neutral,2024-03-20 01:18:00,early_adopter
Bitcoin circular economy growing in El Salvador,positive,2024-03-20 01:44:00,keynesian_critic
Bitcoin inflation rate: 18% annually,neutral,2024-03-20 02:01:00,gold_bug_btc
Bitcoin empowers individuals worldwide,positive,2024-03-20 02:27:00,settlement_layer
Bought the dip again! DCA strategy works,positive,2024-03-20 03:16:00,dao_member
Complexity of Bitcoin protocol is a problem,negative,2024-03-20 03:25:00,base_layer
Technical debt accumulating in Bitcoin,negative,2024-03-20 04:00:00,nakamoto_institute
Bitcoin is freedom money. Period,positive,2024-03-20 04:22:00,mining_pool
Bitcoin scalability issues never solved,negative,2024-03-20 05:05:00,position_trader
Average Bitcoin transaction size is 209 bytes,neutral,2024-03-20 05:09:00,day_trader
Bitcoin hashrate: 326 EH/s currently,neutral,2024-03-20 05:13:00,liquidity_provider
Living on Bitcoin for 6 years now. Amazing,positive,2024-03-20 05:38:00,keynesian_critic
Bitcoin dominance currently at 50%,neutral,2024-03-20 06:23:00,validator_node
Coinbase premium: 10% currently,neutral,2024-03-20 06:43:00,custodial_service
Bitcoin changing lives around the world,positive,2024-03-20 07:23:00,singlesig_simple
Living on Bitcoin for 6 years now. Amazing,positive,2024-03-20 07:34:00,mempool_observer
Bitcoin privacy improving with coinjoin adoption,positive,2024-03-20 08:09:00,halving_counter
Lightning Network channels: 5406 active,neutral,2024-03-20 09:07:00,layer_two
Bitcoin average block size is 211 MB today,neutral,2024-03-20 09:52:00,solo_miner
Current Bitcoin mempool has 11858k transactions,neutral,2024-03-20 10:08:00,fiat_escapist
Bitcoin conference in Miami was incredible,positive,2024-03-20 11:07:00,bitcoin_standard
Bitcoin is a ponzi scheme. Change my mind,negative,2024-03-20 11:43:00,bitcoin_dev
Bitcoin adoption plateau reached already,negative,2024-03-20 12:11:00,mempool_observer
FBI seized more Bitcoin from criminals today,negative,2024-03-20 13:00:00,digital_gold
Bitcoin changing lives around the world,positive,2024-03-20 13:43:00,fiat_escapist
Bitcoin correlation with stocks increasing,negative,2024-03-20 14:28:00,chart_master
Strike app makes Bitcoin payments so easy,positive,2024-03-20 15:23:00,bear_market_bob
Bitcoin mining becoming unprofitable for many,negative,2024-03-20 16:20:00,lightning_dev
Bitcoin transaction confirmations too slow,negative,2024-03-20 16:55:00,lightning_wallet
Technical debt accumulating in Bitcoin,negative,2024-03-20 17:04:00,institutional_buyer
Bitcoin price consolidating around 97k,neutral,2024-03-20 17:45:00,non_custodial
Regulatory uncertainty killing Bitcoin momentum,negative,2024-03-20 18:24:00,security_first
Bitcoin network hashrate at all-time high,neutral,2024-03-20 19:12:00,mining_dev
Bitcoin is freedom money. Period,positive,2024-03-20 20:04:00,market_maker
Bitcoin ETF approval coming soon. This is huge!,positive,2024-03-20 20:35:00,medium_of_exchange
Bitcoin fear and greed index: 54.65,neutral,2024-03-20 21:28:00,lightning_wallet
Bitcoin losing market share to altcoins,negative,2024-03-20 22:21:00,retail_investor
Bitcoin block time averaging 10 minutes as usual,neutral,2024-03-20 22:52:00,custodial_service
Technical debt accumulating in Bitcoin,negative,2024-03-20 23:06:00,exchange_dev
Bitcoin trading volume: $28306M today,neutral,2024-03-21 00:04:00,singlesig_simple
Bitcoin failing store of value test,negative,2024-03-21 00:44:00,difficulty_watcher
Bitcoin only useful for criminals and dark web,negative,2024-03-21 00:47:00,satoshi_fan
This is still early for Bitcoin adoption,positive,2024-03-21 01:06:00,lightning_fan
Current block height is 804128,neutral,2024-03-21 02:03:00,gpu_miner
Security breaches making Bitcoin unsafe,negative,2024-03-21 02:13:00,crypto_bull
Mining pools controlling too much Bitcoin hashrate,negative,2024-03-21 02:20:00,early_adopter
Unconfirmed transactions: 36597 in mempool,neutral,2024-03-21 03:12:00,hash_power
Bitcoin solves the money problem once and for all,positive,2024-03-21 04:10:00,institutional_buyer
Institutions are buying Bitcoin like crazy! Bullish,positive,2024-03-21 04:38:00,solo_miner
Bitcoin gave me hope for the future,positive,2024-03-21 05:24:00,crypto_bull
Mempool size: 143 MB currently,neutral,2024-03-21 06:18:00,futures_guy
Orange coin good! HODL forever,positive,2024-03-21 07:18:00,futures_guy
Orange coin good! HODL forever,positive,2024-03-21 07:35:00,layer_two
Bitcoin halving countdown: 604 days remaining,neutral,2024-03-21 07:48:00,protocol_dev
Bitcoin gave me hope for the future,positive,2024-03-21 08:29:00,chart_master
Bitcoin privacy improving with coinjoin adoption,positive,2024-03-21 09:17:00,dao_member
Never selling my Bitcoin. Passing it to my kids,positive,2024-03-21 09:27:00,lightning_fan
21 million Bitcoin supply cap is hardcoded,neutral,2024-03-21 09:29:00,store_of_value
Bitcoin node count increased to 16096,neutral,2024-03-21 10:08:00,bull_trader
Proof of work makes Bitcoin most secure network,positive,2024-03-21 11:03:00,yield_farmer
Bitcoin network stronger than ever before,positive,2024-03-21 11:19:00,exchange_dev
Governments will ban Bitcoin eventually,negative,2024-03-21 11:33:00,retired_early
Another exchange hack. Bitcoin is not safe,negative,2024-03-21 11:54:00,crypto_coach
Grateful for Satoshi Nakamoto every single day,positive,2024-03-21 12:45:00,satoshi_fan
Another exchange hack. Bitcoin is not safe,negative,2024-03-21 13:35:00,arbitrage_king
BTC crash incoming. Sell everything now!,negative,2024-03-21 13:51:00,protocol_dev
Bitcoin exchange reserves: 74394 BTC,neutral,2024-03-21 13:55:00,mining_pool
Bitcoin network hashrate at all-time high,neutral,2024-03-21 14:08:00,dao_member
HODL waves showing 37% held over 1 year,neutral,2024-03-21 14:59:00,bear_market_bob
Orange pilling friends and family successfully,positive,2024-03-21 15:50:00,cold_storage
Bitcoin price consolidating around 59k,neutral,2024-03-21 16:04:00,bear_market_bob
Bitcoin on-chain metrics showing accumulation,neutral,2024-03-21 16:56:00,validator_node
Ordinals using Bitcoin blockchain for NFTs,neutral,2024-03-21 17:00:00,anon_trader
Bitcoin is a ponzi scheme. Change my mind,negative,2024-03-21 17:25:00,dao_member
Orange coin good! HODL forever,positive,2024-03-21 18:20:00,payment_network
Orange coin made me financially independent,positive,2024-03-21 19:06:00,scalper_pro
Bitcoin conference in Miami was incredible,positive,2024-03-21 19:46:00,position_trader
Bitcoin empowers individuals worldwide,positive,2024-03-21 20:34:00,custodial_service
Satoshi Nakamoto mined first Bitcoin block in 2009,neutral,2024-03-21 21:21:00,self_custody
Not your keys not your coins. Self custody!,positive,2024-03-21 21:37:00,lightning_node
Average Bitcoin fee per transaction: 6.3 dollars,neutral,2024-03-21 22:19:00,crypto_skeptic
Average Bitcoin fee per transaction: 1.3 dollars,neutral,2024-03-21 22:55:00,financial_freedom
This is still early for Bitcoin adoption,positive,2024-03-21 23:35:00,btc_analyst
Watching Bitcoin charts all day. No clear trend,neutral,2024-03-21 23:47:00,futures_guy
Bitcoin creating generational wealth for hodlers,positive,2024-03-22 00:02:00,swing_trader
Bitcoin centralization risk increasing daily,negative,2024-03-22 00:50:00,brain_wallet
Never selling my Bitcoin. Passing it to my kids,positive,2024-03-22 01:18:00,retired_early
Financial freedom through Bitcoin. Nothing better,positive,2024-03-22 01:19:00,halving_counter
Bitcoin halving countdown: 486 days remaining,neutral,2024-03-22 01:42:00,asic_farmer
Bitcoin scalability issues never solved,negative,2024-03-22 01:44:00,bitcoin_teacher
Financial freedom through Bitcoin. Nothing better,positive,2024-03-22 02:10:00,full_node_operator
Bitcoin bubble popped. Never coming back,negative,2024-03-22 02:32:00,singlesig_simple
Mining rewards declining makes Bitcoin vulnerable,negative,2024-03-22 03:32:00,bitcoin_knots
Carbon footprint of Bitcoin is unacceptable,negative,2024-03-22 03:38:00,satoshi_fan
Bitcoin conference in Miami was incredible,positive,2024-03-22 04:17:00,hard_money
Bitcoin is a ponzi scheme. Change my mind,negative,2024-03-22 04:20:00,defi_explorer
Another exchange hack. Bitcoin is not safe,negative,2024-03-22 05:01:00,medium_of_exchange
NVT ratio currently: 49.22,neutral,2024-03-22 05:05:00,multisig_user
I lost so much money on BTC. This is terrible,negative,2024-03-22 06:05:00,whale_watcher
Bitcoin ETF approval coming soon. This is huge!,positive,2024-03-22 07:05:00,btc_analyst
Bitcoin fees too high for small transactions,negative,2024-03-22 07:14:00,bitcoin_knots
Bitcoin privacy improving with coinjoin adoption,positive,2024-03-22 07:45:00,technical_trader
I lost so much money on BTC. This is terrible,negative,2024-03-22 08:27:00,liquidity_provider
Mining rewards declining makes Bitcoin vulnerable,negative,2024-03-22 08:45:00,day_trader
Losing faith in Bitcoin after this crash,negative,2024-03-22 09:41:00,multisig_user
Bitcoin standard is coming. Get ready,positive,2024-03-22 09:46:00,crypto_coach
Orange pilling friends and family successfully,positive,2024-03-22 10:17:00,bitcoin_dev
Bitcoin node count increased to 23196,neutral,2024-03-22 10:46:00,wallet_dev
Network fees collected: 40847 BTC today,neutral,2024-03-22 11:30:00,node_runner
Optimistic about Bitcoin scaling solutions,positive,2024-03-22 11:52:00,arbitrage_king
Current Bitcoin mempool has 8013k transactions,neutral,2024-03-22 12:10:00,exchange_dev
Bitcoin realized cap: $43015 billion,neutral,2024-03-22 12:40:00,hard_money
Bitcoin market cap is 1082 billion dollars,neutral,2024-03-22 13:15:00,scalper_pro
Bitcoin halving countdown: 165 days remaining,neutral,2024-03-22 13:48:00,layer_two
Most Bitcoin holders underwater at current price,negative,2024-03-22 14:44:00,hash_power
BTC dominance falling. Altcoin season coming,negative,2024-03-22 15:07:00,keynesian_critic
Inflation hedge narrative failed for Bitcoin,negative,2024-03-22 15:56:00,nakamoto_institute
Bitcoin taught me patience and discipline,positive,2024-03-22 16:06:00,liquidity_provider
Institutional selling pressure on Bitcoin,negative,2024-03-22 16:30:00,gen_z_crypto
Bitcoin failing store of value test,negative,2024-03-22 17:25:00,nakamoto_institute
Bitcoin failing as peer to peer currency,negative,2024-03-22 17:26:00,bull_trader
Bitcoin at 57k. Same as yesterday,neutral,2024-03-22 17:42:00,node_runner
Bitcoin fees too high for small transactions,negative,2024-03-22 17:44:00,lightning_wallet
Bitcoin block time averaging 10 minutes as usual,neutral,2024-03-22 18:35:00,unit_of_account
Security vulnerabilities found in Bitcoin wallets,negative,2024-03-22 19:26:00,store_of_value
Proof of reserves shows Bitcoin strength,positive,2024-03-22 20:17:00,lightning_fan
Regulatory crackdown will kill Bitcoin,negative,2024-03-22 21:10:00,gpu_miner
Market manipulation obvious in Bitcoin trading,negative,2024-03-22 21:24:00,futures_guy
Bitcoin adoption plateau reached already,negative,2024-03-22 21:29:00,digital_gold
Sleeping well knowing I own Bitcoin,positive,2024-03-22 21:42:00,boomer_hodler
Realized profit loss ratio: 0.7,neutral,2024-03-22 22:16:00,dao_member
Bitcoin average block size is 251 MB today,neutral,2024-03-22 22:20:00,btc_analyst
Mining pools controlling too much Bitcoin hashrate,negative,2024-03-22 22:45:00,defi_explorer
Central banks trying to kill Bitcoin with CBDC,negative,2024-03-22 23:31:00,node_runner
El Salvador Bitcoin experiment is working great,positive,2024-03-23 00:16:00,singlesig_simple
Excited about Bitcoin halving next year!,positive,2024-03-23 00:42:00,layer_two
Laser eyes until 100k! Bitcoin revolution,positive,2024-03-23 00:45:00,lightning_wallet
Quantum computers will break Bitcoin encryption,negative,2024-03-23 01:36:00,mining_pro
Lightning Network makes Bitcoin amazing for payments,positive,2024-03-23 02:11:00,node_runner
Never selling my Bitcoin. Passing it to my kids,positive,2024-03-23 02:21:00,mempool_observer
NVT ratio currently: 20.37,neutral,2024-03-23 02:56:00,wallet_dev
Governments will ban Bitcoin eventually,negative,2024-03-23 03:16:00,arbitrage_king
Bitcoin is going to the moon! Best investment ever,positive,2024-03-23 04:01:00,privacy_advocate
Average Bitcoin transaction size is 222 bytes,neutral,2024-03-23 04:15:00,anon_trader
Coinbase premium: 13% currently,neutral,2024-03-23 04:51:00,protocol_dev
Network fees collected: 52973 BTC today,neutral,2024-03-23 05:12:00,solo_miner
Bitcoin bubble popped. Never coming back,negative,2024-03-23 05:24:00,lightning_fan
Bitcoin gave me hope for the future,positive,2024-03-23 05:28:00,options_trader
Central banks trying to kill Bitcoin with CBDC,negative,2024-03-23 06:28:00,privacy_advocate
Bitcoin only useful for criminals and dark web,negative,2024-03-23 07:06:00,institutional_buyer
Bitcoin taproot upgrade activated 5 years ago,neutral,2024-03-23 07:59:00,multisig_user
Bitcoin network stronger than ever before,positive,2024-03-23 08:30:00,bear_market_bob
Bitcoin conference in Miami was incredible,positive,2024-03-23 08:47:00,anon_trader
Inflation hedge narrative failed for Bitcoin,negative,2024-03-23 09:46:00,day_trader
Bitcoin whales manipulating market again,negative,2024-03-23 10:10:00,hodler_mike
Bitcoin conference in Miami was incredible,positive,2024-03-23 10:34:00,crypto_skeptic
Bitcoin network stronger than ever before,positive,2024-03-23 10:58:00,multisig_user
Bitcoin failing as peer to peer currency,negative,2024-03-23 11:31:00,self_custody
Lost my Bitcoin in a boating accident. So sad,negative,2024-03-23 12:22:00,satoshi_fan
Bitcoin accepted at 47249 merchants worldwide,positive,2024-03-23 12:36:00,hash_power
Laser eyes until 100k! Bitcoin revolution,positive,2024-03-23 13:12:00,hash_power
Network fees collected: 59314 BTC today,neutral,2024-03-23 14:08:00,payment_network
Bitcoin Core version 27.2 released yesterday,neutral,2024-03-23 14:26:00,self_custody
Bitcoin represents hope for unbanked millions,positive,2024-03-23 14:30:00,technical_trader
Bitcoin adoption plateau reached already,negative,2024-03-23 15:27:00,lightning_dev
Bitcoin failing store of value test,negative,2024-03-23 15:55:00,bitcoin_dev
Bitcoin centralization risk increasing daily,negative,2024-03-23 16:54:00,hard_money
Energy consumption of Bitcoin is destroying planet,negative,2024-03-23 17:47:00,dca_investor
Bitcoin mining difficulty at 88 trillion,neutral,2024-03-23 18:08:00,lightning_dev
FBI seized more Bitcoin from criminals today,negative,2024-03-23 18:25:00,paper_wallet
Bitcoin solving real world problems daily,positive,2024-03-23 19:07:00,privacy_maxi
Sold all my Bitcoin. Moving to stocks,negative,2024-03-23 19:11:00,technical_trader
Strike app makes Bitcoin payments so easy,positive,2024-03-23 19:12:00,settlement_layer
Bitcoin privacy features insufficient,negative,2024-03-23 19:32:00,protocol_dev
Bitcoin adoption is growing. Major companies accepting it now,positive,2024-03-23 19:37:00,btc_unlimited
Bitcoin beach in El Salvador is amazing,positive,2024-03-23 20:32:00,layer_two
Technical debt accumulating in Bitcoin,negative,2024-03-23 21:22:00,brain_wallet
Bitcoin node count increased to 47932,neutral,2024-03-23 21:32:00,lightning_node
Optimistic about Bitcoin scaling solutions,positive,2024-03-23 22:03:00,nft_collector
Bitcoin dominance currently at 26%,neutral,2024-03-23 22:20:00,bull_trader
Coins moved on-chain: 46392 BTC,neutral,2024-03-23 22:25:00,security_first
Stacking sats feels amazing. Future is bright,positive,2024-03-23 22:27:00,mining_dev
Mining rewards declining makes Bitcoin vulnerable,negative,2024-03-23 22:36:00,protocol_dev
Bitcoin mining difficulty increased by 2%,neutral,2024-03-23 22:54:00,crypto_skeptic
Bitcoin is the exit from the broken system,positive,2024-03-23 23:42:00,position_trader
Realized profit loss ratio: 0.71,neutral,2024-03-24 00:29:00,hardware_wallet
Another exchange hack. Bitcoin is not safe,negative,2024-03-24 00:46:00,keynesian_critic
Accumulating Bitcoin is the best strategy,positive,2024-03-24 01:28:00,asic_farmer
Bitcoin at 74k. Same as yesterday,neutral,2024-03-24 02:22:00,whale_watcher
Bitcoin network hashrate at all-time high,neutral,2024-03-24 02:24:00,security_first
Bitcoin transaction fees are 0.9 dollars today,neutral,2024-03-24 03:03:00,privacy_maxi
Watching Bitcoin price discovery is exciting,positive,2024-03-24 03:32:00,hardware_wallet
Financial freedom through Bitcoin. Nothing better,positive,2024-03-24 04:20:00,crypto_bull
Inflation hedge narrative failed for Bitcoin,negative,2024-03-24 05:06:00,financial_freedom
Wash trading inflating Bitcoin volumes,negative,2024-03-24 05:07:00,liquidity_provider
Best decision ever was buying Bitcoin in 2016,positive,2024-03-24 05:12:00,on_chain_guy
Coins moved on-chain: 16624 BTC,neutral,2024-03-24 05:48:00,halving_counter
Bitcoin fees too high for small transactions,negative,2024-03-24 06:04:00,lightning_node
Bitcoin solving real world problems daily,positive,2024-03-24 06:46:00,liquidity_provider
Another exchange hack. Bitcoin is not safe,negative,2024-03-24 07:22:00,chart_master
Bitcoin empowers individuals worldwide,positive,2024-03-24 08:12:00,crypto_coach
Orange coin made me financially independent,positive,2024-03-24 08:35:00,lightning_wallet
Bitcoin conference in Miami was incredible,positive,2024-03-24 08:43:00,mining_pro
Wash trading inflating Bitcoin volumes,negative,2024-03-24 09:02:00,nft_collector
Bitcoin mining pools have too much power,negative,2024-03-24 09:53:00,satoshi_fan
Bitcoin hashrate: 345 EH/s currently,neutral,2024-03-24 10:30:00,open_source
Not your keys not your coins. Self custody!,positive,2024-03-24 11:03:00,validator_node
Bitcoin halving countdown: 276 days remaining,neutral,2024-03-24 11:36:00,anon_trader
Network difficulty retarget in 65 hours,neutral,2024-03-24 11:42:00,boomer_hodler
Bitcoin average block size is 254 MB today,neutral,2024-03-24 12:27:00,dao_member
Bitcoin empowers individuals worldwide,positive,2024-03-24 12:35:00,day_trader
Most Bitcoin is held by whales. Unfair distribution,negative,2024-03-24 12:57:00,validator_node
This is still early for Bitcoin adoption,positive,2024-03-24 13:34:00,lightning_dev
Bitcoin education spreading globally. Bullish future,positive,2024-03-24 14:08:00,scalper_pro
Bitcoin exchange reserves: 25803 BTC,neutral,2024-03-24 14:47:00,sats_stacker
MicroStrategy bought more Bitcoin! Saylor knows,positive,2024-03-24 15:38:00,kyc_hater
HODL waves showing 17% held over 1 year,neutral,2024-03-24 16:32:00,trader_joe
Bitcoin price consolidating around 45k,neutral,2024-03-24 16:45:00,privacy_maxi
Bitcoin velocity indicator at 18.47,neutral,2024-03-24 17:15:00,swing_trader
Institutions are buying Bitcoin like crazy! Bullish,positive,2024-03-24 17:57:00,anon_trader
Governments successfully attacking Bitcoin,negative,2024-03-24 18:10:00,options_trader
Bitcoin Core version 25.0 released yesterday,neutral,2024-03-24 18:23:00,hash_power
Current Bitcoin mempool has 36405k transactions,neutral,2024-03-24 18:36:00,alternative_client
Every paycheck goes into Bitcoin. No regrets,positive,2024-03-24 18:40:00,anon_trader
Bitcoin empowers individuals worldwide,positive,2024-03-24 19:21:00,position_trader
Miner revenue today: $36 million,neutral,2024-03-24 19:39:00,defi_explorer
Bitcoin mining pool distribution chart updated,neutral,2024-03-24 20:19:00,unit_of_account
BTC dominance falling. Altcoin season coming,negative,2024-03-24 20:59:00,bitcoin_core
Bitcoin education spreading globally. Bullish future,positive,2024-03-24 21:29:00,sats_stacker
Bitcoin average block size is 131 MB today,neutral,2024-03-24 21:48:00,sats_stacker
Bitcoin velocity indicator at 14.64,neutral,2024-03-24 22:07:00,scalper_pro
Bitcoin scams everywhere. Can't trust anyone,negative,2024-03-24 22:22:00,millennial_investor
This volatility is killing me. Can't handle BTC anymore,negative,2024-03-24 23:07:00,crypto_skeptic
Bitcoin stock to flow ratio: 1.91,neutral,2024-03-24 23:52:00,crypto_coach
Bitcoin centralization risk increasing daily,negative,2024-03-25 00:49:00,pseudonymous_dev
Bitcoin trading volume: $28681M today,neutral,2024-03-25 00:50:00,gen_z_crypto
Every paycheck goes into Bitcoin. No regrets,positive,2024-03-25 01:37:00,settlement_layer
Bitcoin price is stable today. Nothing much happening,neutral,2024-03-25 02:05:00,dao_member
Miner revenue today: $26 million,neutral,2024-03-25 03:05:00,solo_miner
Bitcoin network congestion frustrating users,negative,2024-03-25 03:54:00,swing_trader
Strike app makes Bitcoin payments so easy,positive,2024-03-25 04:34:00,futures_guy
I'm done with crypto. Too risky for me,negative,2024-03-25 05:15:00,institutional_buyer
Bitcoin empowers individuals worldwide,positive,2024-03-25 05:37:00,unit_of_account
Inflation hedge narrative failed for Bitcoin,negative,2024-03-25 05:57:00,halving_counter
Optimistic about Bitcoin scaling solutions,positive,2024-03-25 06:22:00,protocol_dev
Optimistic about Bitcoin scaling solutions,positive,2024-03-25 06:49:00,mempool_observer
Proudly part of the Bitcoin revolution,positive,2024-03-25 07:42:00,market_maker
Too many Bitcoin scams ruining reputation,negative,2024-03-25 08:15:00,mempool_observer
Grateful for Satoshi Nakamoto every single day,positive,2024-03-25 08:21:00,cold_storage
Bitcoin gave me hope for the future,positive,2024-03-25 08:46:00,nft_collector
Network fees collected: 93853 BTC today,neutral,2024-03-25 09:05:00,sound_money
Grateful for Satoshi Nakamoto every single day,positive,2024-03-25 09:10:00,nft_collector
Strike app makes Bitcoin payments so easy,positive,2024-03-25 09:15:00,exchange_dev
Lost my Bitcoin in a boating accident. So sad,negative,2024-03-25 09:45:00,crypto_coach
Carbon footprint of Bitcoin is unacceptable,negative,2024-03-25 09:58:00,bitcoin_knots
Bitcoin dominance currently at 29%,neutral,2024-03-25 10:31:00,futures_guy
Bitcoin halving countdown: 1201 days remaining,neutral,2024-03-25 10:56:00,sats_stacker
Green candles everywhere! Bitcoin pumping hard,positive,2024-03-25 10:58:00,hash_power
Bitcoin transaction confirmations too slow,negative,2024-03-25 11:01:00,arbitrage_king
Too many Bitcoin scams ruining reputation,negative,2024-03-25 11:35:00,btc_unlimited
Bitcoin mining difficulty at 83 trillion,neutral,2024-03-25 12:03:00,alternative_client
Bitcoin represents hope for unbanked millions,positive,2024-03-25 12:58:00,bull_trader
Bitcoin bubble popped. Never coming back,negative,2024-03-25 13:21:00,mining_dev
Bitcoin complexity keeps masses away,negative,2024-03-25 14:04:00,open_source
Bought the dip again! DCA strategy works,positive,2024-03-25 14:48:00,lightning_dev
Stacking sats feels amazing. Future is bright,positive,2024-03-25 15:32:00,pseudonymous_dev
NVT ratio currently: 10.46,neutral,2024-03-25 15:55:00,hard_money
Bitcoin mining difficulty at 79 trillion,neutral,2024-03-25 15:57:00,position_trader
Bitcoin privacy improving with coinjoin adoption,positive,2024-03-25 16:55:00,nft_collector
Bitcoin mining pools have too much power,negative,2024-03-25 17:00:00,cold_storage
Strike app makes Bitcoin payments so easy,positive,2024-03-25 17:33:00,hodler_mike
Sold all my Bitcoin. Moving to stocks,negative,2024-03-25 17:57:00,mempool_observer
Accumulating Bitcoin is the best strategy,positive,2024-03-25 18:31:00,protocol_dev
Proof of work makes Bitcoin most secure network,positive,2024-03-25 18:35:00,exchange_dev
Stacking sats feels amazing. Future is bright,positive,2024-03-25 19:09:00,mempool_observer
Governments successfully attacking Bitcoin,negative,2024-03-25 19:46:00,crypto_news
Bitcoin ETF approval coming soon. This is huge!,positive,2024-03-25 20:39:00,lightning_dev
Bitcoin halving excitement is building up,positive,2024-03-25 21:22:00,privacy_advocate
Most Bitcoin holders underwater at current price,negative,2024-03-25 22:22:00,spot_trader
Bitcoin nodes distributed across 149 countries,neutral,2024-03-25 22:29:00,gold_bug_btc
Bitcoin dominance currently at 39%,neutral,2024-03-25 23:07:00,on_chain_guy
Bitcoin conference in Miami was incredible,positive,2024-03-26 00:01:00,hodler_mike
Excited about Bitcoin halving next year!,positive,2024-03-26 00:39:00,lightning_fan
Bitcoin fear and greed index: 25.22,neutral,2024-03-26 01:36:00,hash_power
Market manipulation obvious in Bitcoin trading,negative,2024-03-26 01:46:00,open_source
Proof of reserves shows Bitcoin strength,positive,2024-03-26 02:02:00,inflation_hedge
Tether FUD spreading again. Bitcoin going down,negative,2024-03-26 02:38:00,hard_money
Orange coin good! HODL forever,positive,2024-03-26 03:01:00,spot_trader
Every paycheck goes into Bitcoin. No regrets,positive,2024-03-26 03:28:00,inflation_hedge
Bitcoin mining becoming unprofitable for many,negative,2024-03-26 03:38:00,financial_freedom
Bitcoin halving excitement is building up,positive,2024-03-26 04:02:00,bitcoin_teacher
Wash trading inflating Bitcoin volumes,negative,2024-03-26 04:54:00,privacy_advocate
Unconfirmed transactions: 18904 in mempool,neutral,2024-03-26 05:46:00,alternative_client
Bitcoin trading volume: $46568M today,neutral,2024-03-26 06:18:00,dca_investor
Best decision ever was buying Bitcoin in 2021,positive,2024-03-26 06:39:00,protocol_dev
Green candles everywhere! Bitcoin pumping hard,positive,2024-03-26 07:29:00,unit_of_account
Bitcoin Core version 25.1 released yesterday,neutral,2024-03-26 08:25:00,unit_of_account
Bitcoin mining becoming unprofitable for many,negative,2024-03-26 09:03:00,multisig_user
Active Bitcoin addresses: 43096 million,neutral,2024-03-26 09:26:00,dca_investor
Central banks trying to kill Bitcoin with CBDC,negative,2024-03-26 09:47:00,anon_trader
Another exchange hack. Bitcoin is not safe,negative,2024-03-26 09:57:00,bull_trader
Bitcoin transaction fees are 2.1 dollars today,neutral,2024-03-26 10:56:00,base_layer
Bitcoin fear and greed index: 61.69,neutral,2024-03-26 11:04:00,bull_trader
Bitcoin at 44k. Same as yesterday,neutral,2024-03-26 11:43:00,node_runner
Bitcoin becoming less decentralized over time,negative,2024-03-26 11:48:00,bear_market_bob
Bitcoin halving countdown: 554 days remaining,neutral,2024-03-26 12:46:00,silver_to_btc
Bitcoin privacy improving with coinjoin adoption,positive,2024-03-26 13:10:00,gold_bug_btc
Bitcoin empowers individuals worldwide,positive,2024-03-26 13:31:00,brain_wallet
Lightning Network makes Bitcoin amazing for payments,positive,2024-03-26 13:51:00,digital_gold
Financial freedom through Bitcoin. Nothing better,positive,2024-03-26 14:26:00,yield_farmer
Bitcoin transaction fees are 5.9 dollars today,neutral,2024-03-26 14:28:00,crypto_news
Daily Bitcoin transactions averaging 20582k,neutral,2024-03-26 15:28:00,mining_dev
Bitcoin correlation with stocks increasing,negative,2024-03-26 16:25:00,crypto_bull
Technical debt accumulating in Bitcoin,negative,2024-03-26 16:37:00,millennial_investor
Sold all my Bitcoin. Moving to stocks,negative,2024-03-26 16:48:00,scalper_pro
Proof of reserves shows Bitcoin strength,positive,2024-03-26 17:43:00,liquidity_provider
Bitcoin is freedom money. Period,positive,2024-03-26 18:42:00,swing_trader
Bitcoin becoming less decentralized over time,negative,2024-03-26 19:10:00,cold_storage
Laser eyes until 100k! Bitcoin revolution,positive,2024-03-26 19:16:00,yield_farmer
Never selling my Bitcoin. Passing it to my kids,positive,2024-03-26 19:43:00,whale_watcher
Lightning Network channels: 5025 active,neutral,2024-03-26 19:56:00,millennial_investor
Bitcoin losing market share to altcoins,negative,2024-03-26 20:34:00,crypto_bull
Average confirmation time: 11 minutes,neutral,2024-03-26 21:26:00,cold_storage
Energy consumption of Bitcoin is destroying planet,negative,2024-03-26 22:01:00,halving_counter
Lightning Network capacity at 35999 BTC,neutral,2024-03-26 22:55:00,satoshi_fan
Unconfirmed transactions: 30212 in mempool,neutral,2024-03-26 23:48:00,lightning_fan
Proof of reserves shows Bitcoin strength,positive,2024-03-27 00:13:00,digital_gold
Ordinals using Bitcoin blockchain for NFTs,neutral,2024-03-27 00:26:00,hash_power
Strike app makes Bitcoin payments so easy,positive,2024-03-27 01:21:00,full_node_operator
Optimistic about Bitcoin scaling solutions,positive,2024-03-27 01:33:00,custodial_service
Bitcoin halving countdown: 553 days remaining,neutral,2024-03-27 01:39:00,solo_miner
Unconfirmed transactions: 33905 in mempool,neutral,2024-03-27 02:15:00,silver_to_btc
Proudly part of the Bitcoin revolution,positive,2024-03-27 02:16:00,yield_farmer
Too many Bitcoin scams ruining reputation,negative,2024-03-27 02:27:00,mempool_observer
Bitcoin mining difficulty increased by 24%,neutral,2024-03-27 02:38:00,day_trader
Bitcoin rainbow chart suggests accumulation phase,neutral,2024-03-27 03:35:00,hard_money
Grateful for Satoshi Nakamoto every single day,positive,2024-03-27 04:00:00,bull_trader
Quantum computers will break Bitcoin encryption,negative,2024-03-27 04:19:00,silver_to_btc
Coins moved on-chain: 37696 BTC,neutral,2024-03-27 05:02:00,mempool_observer
Energy consumption of Bitcoin is destroying planet,negative,2024-03-27 05:26:00,bear_market_bob
Bitcoin taught me patience and discipline,positive,2024-03-27 05:48:00,millennial_investor
Complexity of Bitcoin protocol is a problem,negative,2024-03-27 06:32:00,validator_node
Coinbase premium: 23% currently,neutral,2024-03-27 06:57:00,nakamoto_institute
Bitcoin segwit adoption rate is 49 percent,neutral,2024-03-27 07:05:00,defi_explorer
Bitcoin taproot upgrade activated 7 years ago,neutral,2024-03-27 07:20:00,medium_of_exchange
Bitcoin fees too high for small transactions,negative,2024-03-27 08:08:00,paper_wallet
Average Bitcoin transaction size is 240 bytes,neutral,2024-03-27 09:01:00,settlement_layer
This bull run will be epic! Bitcoin to 39k,positive,2024-03-27 09:12:00,bitcoin_teacher
Financial freedom through Bitcoin. Nothing better,positive,2024-03-27 10:08:00,early_adopter
Institutions are buying Bitcoin like crazy! Bullish,positive,2024-03-27 11:07:00,settlement_layer
Bitcoin correlation with stocks increasing,negative,2024-03-27 11:23:00,alternative_client
Regulation will destroy Bitcoin. Mark my words,negative,2024-03-27 11:24:00,difficulty_watcher
Bitcoin mining pool distribution chart updated,neutral,2024-03-27 11:44:00,scalper_pro
Bitcoin stock to flow ratio: 1.82,neutral,2024-03-27 12:37:00,privacy_advocate
Bitcoin only useful for criminals and dark web,negative,2024-03-27 13:23:00,sound_money
Bitcoin environmental impact is unsustainable,negative,2024-03-27 14:03:00,payment_network
El Salvador Bitcoin experiment is working great,positive,2024-03-27 15:02:00,wallet_dev
Bitcoin changing lives around the world,positive,2024-03-27 15:09:00,multisig_user
Best performing asset of last decade: Bitcoin,positive,2024-03-27 15:37:00,hardware_wallet
Bitcoin inflation rate: 45% annually,neutral,2024-03-27 15:55:00,fiat_escapist
Best performing asset of last decade: Bitcoin,positive,2024-03-27 16:40:00,retail_investor
Proudly part of the Bitcoin revolution,positive,2024-03-27 17:04:00,bear_market_bob
Bitcoin gave me hope for the future,positive,2024-03-27 17:34:00,base_layer
Proof of work makes Bitcoin most secure network,positive,2024-03-27 17:46:00,crypto_coach
Regulation will destroy Bitcoin. Mark my words,negative,2024-03-27 18:34:00,medium_of_exchange
Tether FUD spreading again. Bitcoin going down,negative,2024-03-27 18:37:00,millennial_investor
Bitcoin changing lives around the world,positive,2024-03-27 18:51:00,market_maker
Bitcoin is freedom money. Period,positive,2024-03-27 19:00:00,singlesig_simple
Watching Bitcoin charts all day. No clear trend,neutral,2024-03-27 19:42:00,satoshi_fan
Bitcoin failing as peer to peer currency,negative,2024-03-27 20:11:00,paper_wallet
Bitcoin correlation with stocks increasing,negative,2024-03-27 20:13:00,yield_farmer
Volatility makes Bitcoin terrible money,negative,2024-03-27 20:26:00,options_trader
Transaction speed makes Bitcoin unusable,negative,2024-03-27 20:56:00,retail_investor
Average confirmation time: 12 minutes,neutral,2024-03-27 21:55:00,unit_of_account
Living on Bitcoin for 5 years now. Amazing,positive,2024-03-27 22:15:00,custodial_service
Proof of work makes Bitcoin most secure network,positive,2024-03-27 23:06:00,maximalist_tom
Bitcoin environmental impact is unsustainable,negative,2024-03-28 00:04:00,mining_dev
Bitcoin solves the money problem once and for all,positive,2024-03-28 00:07:00,liquidity_provider
BTC dominance falling. Altcoin season coming,negative,2024-03-28 01:05:00,privacy_advocate
Miner revenue today: $20 million,neutral,2024-03-28 01:22:00,brain_wallet
Bitcoin UTXO set size reached 6026 million,neutral,2024-03-28 01:36:00,store_of_value
This is still early for Bitcoin adoption,positive,2024-03-28 02:11:00,payment_network
Mining pools controlling too much Bitcoin hashrate,negative,2024-03-28 03:11:00,keynesian_critic
This is still early for Bitcoin adoption,positive,2024-03-28 03:39:00,full_node_operator
Bitcoin changing lives around the world,positive,2024-03-28 04:24:00,multisig_user
Tether FUD spreading again. Bitcoin going down,negative,2024-03-28 05:03:00,early_adopter
Bitcoin gave me hope for the future,positive,2024-03-28 05:18:00,nakamoto_institute
Whale wallets controlling Bitcoin price,negative,2024-03-28 05:43:00,inflation_hedge
Orange coin good! HODL forever,positive,2024-03-28 06:22:00,dca_investor
Bitcoin conference in Miami was incredible,positive,2024-03-28 07:22:00,kyc_hater
Bitcoin fear and greed index: 82.9,neutral,2024-03-28 08:15:00,spot_trader
Bitcoin taught me patience and discipline,positive,2024-03-28 08:30:00,nft_collector
Bitcoin mining becoming unprofitable for many,negative,2024-03-28 09:16:00,nakamoto_institute
I'm done with crypto. Too risky for me,negative,2024-03-28 09:33:00,trader_joe
Losing faith in Bitcoin after this crash,negative,2024-03-28 09:46:00,chart_master
Bitcoin network stronger than ever before,positive,2024-03-28 10:30:00,anon_trader
Inflation hedge narrative failed for Bitcoin,negative,2024-03-28 10:32:00,kyc_hater
Unconfirmed transactions: 49165 in mempool,neutral,2024-03-28 11:31:00,crypto_bull
Mt Gox distribution will crash Bitcoin price,negative,2024-03-28 11:43:00,store_of_value
Bitcoin blockchain size reached 273 GB,neutral,2024-03-28 12:14:00,gen_z_crypto
Bitcoin on-chain metrics showing accumulation,neutral,2024-03-28 13:00:00,institutional_buyer
Bitcoin gave me hope for the future,positive,2024-03-28 13:35:00,financial_freedom
Bitcoin losing market share to altcoins,negative,2024-03-28 13:39:00,asic_farmer
Bitcoin stock to flow ratio: 1.23,neutral,2024-03-28 13:45:00,lightning_dev
This volatility is killing me. Can't handle BTC anymore,negative,2024-03-28 14:23:00,inflation_hedge
Accumulating Bitcoin is the best strategy,positive,2024-03-28 14:37:00,financial_freedom
Bitcoin fixes monetary policy failures,positive,2024-03-28 14:44:00,privacy_advocate
Bitcoin hashrate: 514 EH/s currently,neutral,2024-03-28 15:31:00,early_adopter
Best decision ever was buying Bitcoin in 2015,positive,2024-03-28 16:17:00,asic_farmer
Orange pilling friends and family successfully,positive,2024-03-28 16:44:00,lightning_dev
Bitcoin reaching new all time highs soon,positive,2024-03-28 17:29:00,alternative_client
Bitcoin adoption is growing. Major companies accepting it now,positive,2024-03-28 18:28:00,mining_dev
Active Bitcoin addresses: 1083 million,neutral,2024-03-28 18:32:00,halving_counter
Bitcoin correlation with stocks increasing,negative,2024-03-28 18:44:00,btc_unlimited
Bitcoin only useful for criminals and dark web,negative,2024-03-28 19:33:00,hodler_mike
Bitcoin average block size is 128 MB today,neutral,2024-03-28 20:05:00,pseudonymous_dev
Realized profit loss ratio: 1.56,neutral,2024-03-28 20:51:00,crypto_news
Best performing asset of last decade: Bitcoin,positive,2024-03-28 21:31:00,bear_market_bob
MicroStrategy bought more Bitcoin! Saylor knows,positive,2024-03-28 21:58:00,paper_wallet
Bitcoin centralization risk increasing daily,negative,2024-03-28 22:33:00,solo_miner
Bought the dip again! DCA strategy works,positive,2024-03-28 22:36:00,lightning_wallet
Bitcoin privacy improving with coinjoin adoption,positive,2024-03-28 23:19:00,sats_stacker
Miner revenue today: $40 million,neutral,2024-03-28 23:43:00,financial_freedom
Governments will ban Bitcoin eventually,negative,2024-03-29 00:29:00,kyc_hater
Bitcoin gave me hope for the future,positive,2024-03-29 00:49:00,retired_early
Bitcoin scams everywhere. Can't trust anyone,negative,2024-03-29 01:44:00,hash_power
Bitcoin centralization risk increasing daily,negative,2024-03-29 02:28:00,crypto_coach
Bitcoin price consolidating around 36k,neutral,2024-03-29 03:28:00,paper_wallet
Quantum threat to Bitcoin is real,negative,2024-03-29 04:26:00,hash_power
Every paycheck goes into Bitcoin. No regrets,positive,2024-03-29 04:51:00,gpu_miner
Bitcoin halving countdown: 116 days remaining,neutral,2024-03-29 05:39:00,difficulty_watcher
Stack sats every day! Bitcoin only,positive,2024-03-29 06:01:00,liquidity_provider
Bitcoin failing store of value test,negative,2024-03-29 06:43:00,dao_member
Never selling my Bitcoin. Passing it to my kids,positive,2024-03-29 07:08:00,layer_two
Bitcoin accepted at 34506 merchants worldwide,positive,2024-03-29 07:57:00,btc_unlimited
Total value locked in Bitcoin DeFi protocols,neutral,2024-03-29 08:03:00,gold_bug_btc
Bitcoin correlation with stocks increasing,negative,2024-03-29 09:00:00,bitcoin_teacher
Bitcoin whitepaper anniversary today. 4 years,neutral,2024-03-29 09:39:00,institutional_buyer
Just bought more Bitcoin! Feeling bullish,positive,2024-03-29 09:44:00,satoshi_fan
Bitcoin Core version 25.2 released yesterday,neutral,2024-03-29 10:01:00,satoshi_fan
El Salvador Bitcoin experiment is working great,positive,2024-03-29 10:34:00,spot_trader
Daily Bitcoin transactions averaging 5991k,neutral,2024-03-29 11:09:00,bitcoin_knots
Security breaches making Bitcoin unsafe,negative,2024-03-29 11:18:00,bear_market_bob
Bitcoin mining pool distribution chart updated,neutral,2024-03-29 11:28:00,swing_trader
Laser eyes until 100k! Bitcoin revolution,positive,2024-03-29 11:31:00,position_trader
Watching Bitcoin price discovery is exciting,positive,2024-03-29 12:08:00,liquidity_provider
Bitcoin scams everywhere. Can't trust anyone,negative,2024-03-29 12:35:00,maximalist_tom
Bitcoin fixes everything. Hard money wins,positive,2024-03-29 13:33:00,nakamoto_institute
Optimistic about Bitcoin scaling solutions,positive,2024-03-29 14:13:00,crypto_coach
Bitcoin halving countdown: 755 days remaining,neutral,2024-03-29 14:33:00,hard_money
Bitcoin accepted at 23285 merchants worldwide,positive,2024-03-29 15:13:00,non_custodial
Total Bitcoin addresses with balance: 33437 million,neutral,2024-03-29 15:22:00,privacy_maxi
Green candles everywhere! Bitcoin pumping hard,positive,2024-03-29 16:21:00,trader_joe
Institutions are buying Bitcoin like crazy! Bullish,positive,2024-03-29 17:14:00,chart_master
Bitcoin average block size is 120 MB today,neutral,2024-03-29 17:34:00,mempool_observer
Daily Bitcoin transactions averaging 35523k,neutral,2024-03-29 17:45:00,hodler_mike
Every paycheck goes into Bitcoin. No regrets,positive,2024-03-29 18:43:00,btc_analyst
21 million Bitcoin supply cap is hardcoded,neutral,2024-03-29 19:24:00,gpu_miner
Realized profit loss ratio: 1.38,neutral,2024-03-29 19:25:00,satoshi_fan
Living on Bitcoin for 7 years now. Amazing,positive,2024-03-29 20:15:00,trader_joe
Bitcoin price consolidating around 46k,neutral,2024-03-29 20:36:00,swing_trader
Mining pools controlling too much Bitcoin hashrate,negative,2024-03-29 21:11:00,privacy_maxi
Bitcoin circular economy growing in El Salvador,positive,2024-03-29 21:43:00,retail_investor
I lost so much money on BTC. This is terrible,negative,2024-03-29 22:35:00,btc_unlimited
Network fees collected: 89578 BTC today,neutral,2024-03-29 22:48:00,spot_trader
Inflation hedge narrative failed for Bitcoin,negative,2024-03-29 22:52:00,sound_money
FBI seized more Bitcoin from criminals today,negative,2024-03-29 23:41:00,bitcoin_knots
Ordinals using Bitcoin blockchain for NFTs,neutral,2024-03-30 00:38:00,on_chain_guy
Bitcoin price is stable today. Nothing much happening,neutral,2024-03-30 01:11:00,futures_guy
Bitcoin is freedom money. Period,positive,2024-03-30 02:04:00,bitcoin_teacher
Bitcoin inflation rate: 6% annually,neutral,2024-03-30 02:12:00,spot_trader
BTC dominance falling. Altcoin season coming,negative,2024-03-30 02:13:00,wallet_dev
Bitcoin taught me patience and discipline,positive,2024-03-30 03:00:00,base_layer
Daily Bitcoin transactions averaging 23388k,neutral,2024-03-30 03:24:00,full_node_operator
Average confirmation time: 12 minutes,neutral,2024-03-30 04:14:00,asic_farmer
Bitcoin on-chain metrics showing accumulation,neutral,2024-03-30 04:53:00,crypto_skeptic
Orange coin good! HODL forever,positive,2024-03-30 05:38:00,multisig_user
Bitcoin taught me patience and discipline,positive,2024-03-30 06:13:00,mining_dev
Bitcoin gave me hope for the future,positive,2024-03-30 06:35:00,kyc_hater
Bitcoin complexity keeps masses away,negative,2024-03-30 07:27:00,digital_gold
Bitcoin fear and greed index: 96.6,neutral,2024-03-30 08:14:00,mempool_observer
Bitcoin education spreading globally. Bullish future,positive,2024-03-30 08:31:00,gen_z_crypto
Proof of work makes Bitcoin most secure network,positive,2024-03-30 08:58:00,security_first
Most Bitcoin holders underwater at current price,negative,2024-03-30 09:09:00,self_custody
Volatility makes Bitcoin terrible money,negative,2024-03-30 09:10:00,mining_pro
Bitcoin segwit adoption rate is 36 percent,neutral,2024-03-30 09:28:00,multisig_user
Bitcoin node count increased to 7675,neutral,2024-03-30 10:10:00,keynesian_critic
Mining pools controlling too much Bitcoin hashrate,negative,2024-03-30 10:45:00,bitcoin_teacher
Bitcoin solves the money problem once and for all,positive,2024-03-30 10:50:00,boomer_hodler
Bitcoin only useful for criminals and dark web,negative,2024-03-30 11:08:00,digital_gold
Proof of work makes Bitcoin most secure network,positive,2024-03-30 12:05:00,bitcoin_teacher
Just bought more Bitcoin! Feeling bullish,positive,2024-03-30 12:19:00,mining_pro
Coins moved on-chain: 81706 BTC,neutral,2024-03-30 12:27:00,dao_member
Bitcoin halving countdown: 799 days remaining,neutral,2024-03-30 13:27:00,hash_power
Grateful for Satoshi Nakamoto every single day,positive,2024-03-30 13:30:00,kyc_hater
Bitcoin complexity keeps masses away,negative,2024-03-30 14:25:00,crypto_coach
Lost my Bitcoin in a boating accident. So sad,negative,2024-03-30 15:24:00,hash_power
Carbon footprint of Bitcoin is unacceptable,negative,2024-03-30 15:25:00,spot_trader
Institutions are buying Bitcoin like crazy! Bullish,positive,2024-03-30 15:45:00,dao_member
Bitcoin mining difficulty at 54 trillion,neutral,2024-03-30 16:20:00,protocol_dev
Sound money principles restored by Bitcoin,positive,2024-03-30 16:33:00,gpu_miner
Lightning Network makes Bitcoin amazing for payments,positive,2024-03-30 16:53:00,dao_member
Bitcoin mining pools have too much power,negative,2024-03-30 17:27:00,alternative_client
Lightning Network capacity at 57021 BTC,neutral,2024-03-30 17:57:00,silver_to_btc
Just bought more Bitcoin! Feeling bullish,positive,2024-03-30 18:05:00,options_trader
Current Bitcoin mempool has 21122k transactions,neutral,2024-03-30 18:57:00,fiat_escapist
El Salvador Bitcoin experiment is working great,positive,2024-03-30 19:17:00,dao_member
Bitcoin exchange reserves: 46149 BTC,neutral,2024-03-30 20:16:00,defi_explorer
Bitcoin rainbow chart suggests accumulation phase,neutral,2024-03-30 20:25:00,base_layer
Bitcoin privacy improving with coinjoin adoption,positive,2024-03-30 21:09:00,alternative_client
Bitcoin scalability issues never solved,negative,2024-03-30 21:22:00,security_first
Volatility makes Bitcoin terrible money,negative,2024-03-30 21:28:00,nakamoto_institute
Active Bitcoin addresses: 17473 million,neutral,2024-03-30 22:18:00,swing_trader
This bull run will be epic! Bitcoin to 58k,positive,2024-03-30 22:34:00,unit_of_account
Bitcoin adoption is growing. Major companies accepting it now,positive,2024-03-30 22:36:00,mempool_observer
Watching Bitcoin price discovery is exciting,positive,2024-03-30 23:33:00,hodler_mike
Proof of reserves shows Bitcoin strength,positive,2024-03-30 23:44:00,solo_miner
Bitcoin taproot upgrade activated 5 years ago,neutral,2024-03-31 00:16:00,boomer_hodler
Bitcoin conference in Miami was incredible,positive,2024-03-31 00:30:00,crypto_bull
Bitcoin mining pool distribution chart updated,neutral,2024-03-31 00:32:00,fiat_escapist
This volatility is killing me. Can't handle BTC anymore,negative,2024-03-31 01:23:00,crypto_skeptic
Bitcoin beach in El Salvador is amazing,positive,2024-03-31 02:11:00,bull_trader
Mining rewards declining makes Bitcoin vulnerable,negative,2024-03-31 02:51:00,liquidity_provider
Too many Bitcoin scams ruining reputation,negative,2024-03-31 03:08:00,kyc_hater
Central banks trying to kill Bitcoin with CBDC,negative,2024-03-31 03:25:00,node_runner
Whale wallets controlling Bitcoin price,negative,2024-03-31 03:46:00,options_trader
BTC crash incoming. Sell everything now!,negative,2024-03-31 03:57:00,retired_early
BTC crash incoming. Sell everything now!,negative,2024-03-31 04:26:00,gpu_miner
I lost so much money on BTC. This is terrible,negative,2024-03-31 05:01:00,unit_of_account
Total value locked in Bitcoin DeFi protocols,neutral,2024-03-31 05:02:00,boomer_hodler
Bitcoin hash ribbons indicator neutral now,neutral,2024-03-31 05:06:00,dca_investor
Bitcoin is freedom money. Period,positive,2024-03-31 05:26:00,dca_investor
Bitcoin blockchain size reached 152 GB,neutral,2024-03-31 05:41:00,spot_trader
Realized profit loss ratio: 1.49,neutral,2024-03-31 06:12:00,btc_unlimited
Bitcoin solves the money problem once and for all,positive,2024-03-31 06:53:00,retail_investor
Bitcoin represents hope for unbanked millions,positive,2024-03-31 07:45:00,bitcoin_dev
Bitcoin privacy improving with coinjoin adoption,positive,2024-03-31 08:38:00,hodler_mike
Transaction speed makes Bitcoin unusable,negative,2024-03-31 09:29:00,mining_pool
Bitcoin ETF approval coming soon. This is huge!,positive,2024-03-31 10:25:00,keynesian_critic
Bitcoin fixes everything. Hard money wins,positive,2024-03-31 10:41:00,swing_trader
Active Bitcoin addresses: 2769 million,neutral,2024-03-31 10:55:00,deflation_lover
21 million Bitcoin supply cap is hardcoded,neutral,2024-03-31 11:10:00,lightning_wallet
NVT ratio currently: 39.21,neutral,2024-03-31 11:12:00,exchange_dev
Orange pilling friends and family successfully,positive,2024-03-31 11:34:00,privacy_maxi
Mining pools controlling too much Bitcoin hashrate,negative,2024-03-31 12:13:00,crypto_news
Mt Gox distribution will crash Bitcoin price,negative,2024-03-31 12:22:00,hash_power
Lightning Network makes Bitcoin amazing for payments,positive,2024-03-31 13:04:00,privacy_advocate
Watching Bitcoin charts all day. No clear trend,neutral,2024-03-31 13:30:00,deflation_lover
Bitcoin scalability issues never solved,negative,2024-03-31 14:28:00,millennial_investor
Orange pilling friends and family successfully,positive,2024-03-31 14:51:00,privacy_advocate
BTC dominance falling. Altcoin season coming,negative,2024-03-31 15:26:00,lightning_wallet
Bitcoin fees too high for small transactions,negative,2024-03-31 16:09:00,unit_of_account
Bitcoin energy waste is inexcusable,negative,2024-03-31 16:29:00,spot_trader
Bitcoin rainbow chart suggests accumulation phase,neutral,2024-03-31 16:46:00,mining_pool
Bitcoin mining difficulty at 73 trillion,neutral,2024-03-31 17:12:00,halving_counter
Bitcoin education spreading globally. Bullish future,positive,2024-03-31 18:12:00,protocol_dev
Bitcoin velocity indicator at 46.69,neutral,2024-03-31 18:22:00,mining_pro
Bitcoin realized cap: $23457 billion,neutral,2024-03-31 19:19:00,institutional_buyer
Bitcoin is freedom money. Period,positive,2024-03-31 20:18:00,satoshi_fan
Governments successfully attacking Bitcoin,negative,2024-03-31 20:56:00,layer_two
Total Bitcoin addresses with balance: 31960 million,neutral,2024-03-31 21:49:00,futures_guy
Bitcoin on-chain metrics showing accumulation,neutral,2024-03-31 22:03:00,kyc_hater
Bitcoin bubble popped. Never coming back,negative,2024-03-31 22:10:00,brain_wallet
Bitcoin failing store of value test,negative,2024-03-31 22:47:00,retired_early
Bitcoin represents hope for unbanked millions,positive,2024-03-31 23:42:00,crypto_coach
Finally convinced my family to buy Bitcoin,positive,2024-03-31 23:48:00,gpu_miner
Bitcoin Puell Multiple reading: 23.33,neutral,2024-03-31 23:52:00,open_source
Bitcoin mining centralization worrying trend,negative,2024-04-01 00:19:00,early_adopter
Volatility makes Bitcoin terrible money,negative,2024-04-01 00:51:00,exchange_dev
Bitcoin environmental impact is unsustainable,negative,2024-04-01 01:35:00,silver_to_btc
Bitcoin solving real world problems daily,positive,2024-04-01 02:28:00,btc_unlimited
Hyperbitcoinization is inevitable. Fiat dies,positive,2024-04-01 03:09:00,institutional_buyer
Network difficulty retarget in 197 hours,neutral,2024-04-01 03:22:00,financial_freedom
BTC dominance falling. Altcoin season coming,negative,2024-04-01 04:18:00,digital_gold
Bitcoin solves the money problem once and for all,positive,2024-04-01 04:34:00,hard_money
Bitcoin adoption is growing. Major companies accepting it now,positive,2024-04-01 05:28:00,nakamoto_institute
Bitcoin network stronger than ever before,positive,2024-04-01 05:45:00,bitcoin_knots
Sold all my Bitcoin. Moving to stocks,negative,2024-04-01 06:29:00,dca_investor
Coins moved on-chain: 42861 BTC,neutral,2024-04-01 07:05:00,btc_unlimited
Quantum threat to Bitcoin is real,negative,2024-04-01 07:41:00,day_trader
Green candles everywhere! Bitcoin pumping hard,positive,2024-04-01 08:31:00,full_node_operator
Financial freedom through Bitcoin. Nothing better,positive,2024-04-01 09:14:00,nakamoto_institute
Bitcoin represents hope for unbanked millions,positive,2024-04-01 09:53:00,protocol_dev
Sold all my Bitcoin. Moving to stocks,negative,2024-04-01 10:42:00,austrian_economist
Institutional selling pressure on Bitcoin,negative,2024-04-01 11:30:00,chart_master
Bitcoin is the exit from the broken system,positive,2024-04-01 11:43:00,trader_joe
Current Bitcoin mempool has 37186k transactions,neutral,2024-04-01 12:07:00,austrian_economist
Satoshi Nakamoto mined first Bitcoin block in 2009,neutral,2024-04-01 12:58:00,cold_storage
Bitcoin taught me patience and discipline,positive,2024-04-01 13:26:00,arbitrage_king
Bitcoin failing store of value test,negative,2024-04-01 14:01:00,btc_unlimited
Bitcoin trading volume: $34628M today,neutral,2024-04-01 14:36:00,bitcoin_teacher
Too many Bitcoin scams ruining reputation,negative,2024-04-01 15:11:00,privacy_maxi
Coinbase premium: 2% currently,neutral,2024-04-01 15:39:00,mining_dev
Another exchange hack. Bitcoin is not safe,negative,2024-04-01 16:22:00,bitcoin_dev
Losing faith in Bitcoin after this crash,negative,2024-04-01 16:43:00,bitcoin_dev
Bitcoin changing lives around the world,positive,2024-04-01 17:03:00,bear_market_bob
Regulatory crackdown will kill Bitcoin,negative,2024-04-01 17:16:00,silver_to_btc
Bitcoin represents hope for unbanked millions,positive,2024-04-01 17:37:00,full_node_operator
Proof of reserves shows Bitcoin strength,positive,2024-04-01 18:12:00,chart_master
Bitcoin is freedom money. Period,positive,2024-04-01 18:49:00,mining_pro
Proof of work makes Bitcoin most secure network,positive,2024-04-01 19:03:00,scalper_pro
Bitcoin conference in Miami was incredible,positive,2024-04-01 19:42:00,exchange_dev
Proof of reserves shows Bitcoin strength,positive,2024-04-01 20:25:00,singlesig_simple
Bitcoin fees too high for small transactions,negative,2024-04-01 21:06:00,btc_unlimited
Governments successfully attacking Bitcoin,negative,2024-04-01 21:29:00,privacy_maxi
Regulation will destroy Bitcoin. Mark my words,negative,2024-04-01 21:31:00,swing_trader
Bitcoin block time averaging 10 minutes as usual,neutral,2024-04-01 22:14:00,non_custodial
Laser eyes until 100k! Bitcoin revolution,positive,2024-04-01 23:00:00,fiat_escapist
Regulatory uncertainty killing Bitcoin momentum,negative,2024-04-01 23:39:00,privacy_maxi
Every paycheck goes into Bitcoin. No regrets,positive,2024-04-02 00:36:00,yield_farmer
Daily Bitcoin transactions averaging 46542k,neutral,2024-04-02 00:38:00,exchange_dev
Stacking sats feels amazing. Future is bright,positive,2024-04-02 01:09:00,boomer_hodler
Bitcoin becoming less decentralized over time,negative,2024-04-02 01:30:00,maximalist_tom
Bitcoin velocity indicator at 46.25,neutral,2024-04-02 01:46:00,whale_watcher
Bitcoin is going to the moon! Best investment ever,positive,2024-04-02 02:43:00,boomer_hodler
Complexity of Bitcoin protocol is a problem,negative,2024-04-02 03:40:00,pseudonymous_dev
Finally convinced my family to buy Bitcoin,positive,2024-04-02 04:23:00,full_node_operator
Bitcoin privacy improving with coinjoin adoption,positive,2024-04-02 05:07:00,boomer_hodler
This is still early for Bitcoin adoption,positive,2024-04-02 05:37:00,sats_stacker
This bull run will be epic! Bitcoin to 79k,positive,2024-04-02 05:57:00,crypto_bull
Bitcoin price consolidating around 95k,neutral,2024-04-02 06:41:00,lightning_dev
Wash trading inflating Bitcoin volumes,negative,2024-04-02 07:08:00,crypto_news
Bitcoin education spreading globally. Bullish future,positive,2024-04-02 07:36:00,btc_unlimited
Bitcoin dominance currently at 2%,neutral,2024-04-02 07:55:00,bitcoin_core
Bitcoin standard is coming. Get ready,positive,2024-04-02 08:00:00,market_maker
Not your keys not your coins. Self custody!,positive,2024-04-02 08:06:00,custodial_service
Bitcoin mining becoming unprofitable for many,negative,2024-04-02 08:23:00,dao_member
Lost my Bitcoin in a boating accident. So sad,negative,2024-04-02 09:09:00,medium_of_exchange
This is still early for Bitcoin adoption,positive,2024-04-02 09:16:00,inflation_hedge
Bitcoin ETF approval coming soon. This is huge!,positive,2024-04-02 09:18:00,mining_pro
Bitcoin market cap is 1050 billion dollars,neutral,2024-04-02 10:12:00,fiat_escapist
Carbon footprint of Bitcoin is unacceptable,negative,2024-04-02 10:31:00,wallet_dev
Ordinals using Bitcoin blockchain for NFTs,neutral,2024-04-02 11:30:00,open_source
Security breaches making Bitcoin unsafe,negative,2024-04-02 12:01:00,hardware_wallet
This bull run will be epic! Bitcoin to 70k,positive,2024-04-02 12:20:00,crypto_bull
Bitcoin adoption is growing. Major companies accepting it now,positive,2024-04-02 12:52:00,gen_z_crypto
Bitcoin becoming less decentralized over time,negative,2024-04-02 13:18:00,yield_farmer
Carbon footprint of Bitcoin is unacceptable,negative,2024-04-02 13:25:00,crypto_bull
Bitcoin mining difficulty increased by 8%,neutral,2024-04-02 14:04:00,futures_guy
Bitcoin fear and greed index: 76.21,neutral,2024-04-02 15:03:00,financial_freedom
Bitcoin UTXO set size reached 31479 million,neutral,2024-04-02 15:27:00,nft_collector
Bitcoin creating generational wealth for hodlers,positive,2024-04-02 15:59:00,gpu_miner
Orange coin made me financially independent,positive,2024-04-02 16:36:00,medium_of_exchange
Current block height is 811572,neutral,2024-04-02 17:33:00,payment_network
Best decision ever was buying Bitcoin in 2019,positive,2024-04-02 17:55:00,asic_farmer
Every paycheck goes into Bitcoin. No regrets,positive,2024-04-02 18:40:00,security_first
Coinbase premium: 6% currently,neutral,2024-04-02 19:40:00,bitcoin_teacher
Bitcoin gave me hope for the future,positive,2024-04-02 19:51:00,crypto_skeptic
This bull run will be epic! Bitcoin to 55k,positive,2024-04-02 20:06:00,market_maker
Bitcoin gave me hope for the future,positive,2024-04-02 20:39:00,hard_money
HODL waves showing 37% held over 1 year,neutral,2024-04-02 20:47:00,millennial_investor
Bitcoin reaching new all time highs soon,positive,2024-04-02 21:12:00,dao_member
Orange pilling friends and family successfully,positive,2024-04-02 21:19:00,medium_of_exchange
Bitcoin node count increased to 3762,neutral,2024-04-02 22:15:00,btc_analyst
Best performing asset of last decade: Bitcoin,positive,2024-04-02 23:08:00,open_source
Bitcoin fear and greed index: 60.23,neutral,2024-04-02 23:25:00,store_of_value
Sleeping well knowing I own Bitcoin,positive,2024-04-02 23:55:00,singlesig_simple
Bitcoin correlation with stocks increasing,negative,2024-04-03 00:46:00,dao_member
Orange pilling friends and family successfully,positive,2024-04-03 00:57:00,bitcoin_knots
Average Bitcoin transaction size is 107 bytes,neutral,2024-04-03 01:29:00,trader_joe
Orange coin made me financially independent,positive,2024-04-03 02:13:00,alternative_client
Bitcoin empowers individuals worldwide,positive,2024-04-03 02:36:00,crypto_news
Bullish on Bitcoin fundamentals long term,positive,2024-04-03 03:09:00,swing_trader
Best decision ever was buying Bitcoin in 2018,positive,2024-04-03 03:33:00,swing_trader
Bitcoin difficulty adjustment in 728 days,neutral,2024-04-03 04:05:00,financial_freedom
Total Bitcoin addresses with balance: 26369 million,neutral,2024-04-03 04:44:00,early_adopter
Quantum computers will break Bitcoin encryption,negative,2024-04-03 05:20:00,sats_stacker
Bitcoin blockchain size reached 111 GB,neutral,2024-04-03 05:49:00,satoshi_fan
Sold all my Bitcoin. Moving to stocks,negative,2024-04-03 05:59:00,bear_market_bob
Bitcoin whitepaper anniversary today. 10 years,neutral,2024-04-03 06:16:00,lightning_dev
Transaction speed makes Bitcoin unusable,negative,2024-04-03 06:55:00,bitcoin_dev
Bitcoin solving real world problems daily,positive,2024-04-03 07:39:00,options_trader
21 million Bitcoin supply cap is hardcoded,neutral,2024-04-03 07:50:00,asic_farmer
Bitcoin price is stable today. Nothing much happening,neutral,2024-04-03 08:47:00,multisig_user
Another exchange hack. Bitcoin is not safe,negative,2024-04-03 08:55:00,crypto_skeptic
Bitcoin privacy features insufficient,negative,2024-04-03 09:55:00,store_of_value
Lightning Network makes Bitcoin amazing for payments,positive,2024-04-03 10:01:00,arbitrage_king
Wash trading inflating Bitcoin volumes,negative,2024-04-03 10:54:00,options_trader
Bitcoin mining pools have too much power,negative,2024-04-03 11:08:00,kyc_hater
Bitcoin fees too high for small transactions,negative,2024-04-03 11:44:00,scalper_pro
Never selling my Bitcoin. Passing it to my kids,positive,2024-04-03 12:34:00,nakamoto_institute
Bitcoin difficulty adjustment in 1106 days,neutral,2024-04-03 12:42:00,lightning_wallet
Another exchange hack. Bitcoin is not safe,negative,2024-04-03 12:51:00,sound_money
Bitcoin centralization risk increasing daily,negative,2024-04-03 13:23:00,bitcoin_teacher
Bitcoin mining difficulty at 72 trillion,neutral,2024-04-03 13:28:00,kyc_hater
Bitcoin privacy improving with coinjoin adoption,positive,2024-04-03 13:43:00,deflation_lover
Another exchange hack. Bitcoin is not safe,negative,2024-04-03 14:42:00,futures_guy
Never selling my Bitcoin. Passing it to my kids,positive,2024-04-03 15:01:00,lightning_node
Sound money principles restored by Bitcoin,positive,2024-04-03 15:27:00,futures_guy
Best decision ever was buying Bitcoin in 2021,positive,2024-04-03 16:19:00,bull_trader
Bitcoin halving excitement is building up,positive,2024-04-03 16:20:00,bull_trader
Bitcoin fixes monetary policy failures,positive,2024-04-03 16:25:00,asic_farmer
Bitcoin Core version 26.0 released yesterday,neutral,2024-04-03 16:46:00,payment_network
Bitcoin realized cap: $98662 billion,neutral,2024-04-03 17:34:00,millennial_investor
Mt Gox distribution will crash Bitcoin price,negative,2024-04-03 17:38:00,digital_gold
Losing faith in Bitcoin after this crash,negative,2024-04-03 17:46:00,alternative_client
Too many Bitcoin scams ruining reputation,negative,2024-04-03 17:59:00,crypto_coach
Bitcoin mining pools have too much power,negative,2024-04-03 18:43:00,on_chain_guy
Orange coin good! HODL forever,positive,2024-04-03 19:29:00,market_maker
Laser eyes until 100k! Bitcoin revolution,positive,2024-04-03 19:58:00,crypto_coach
Governments will ban Bitcoin eventually,negative,2024-04-03 20:13:00,crypto_coach
Bitcoin segwit adoption rate is 17 percent,neutral,2024-04-03 20:58:00,paper_wallet
Bitcoin fees too high for small transactions,negative,2024-04-03 21:50:00,difficulty_watcher
Bitcoin dominance currently at 10%,neutral,2024-04-03 22:23:00,gen_z_crypto
Bitcoin solves the money problem once and for all,positive,2024-04-03 22:30:00,multisig_user
NVT ratio currently: 45.13,neutral,2024-04-03 22:56:00,mining_pro
Energy consumption of Bitcoin is destroying planet,negative,2024-04-03 23:08:00,crypto_news
Not your keys not your coins. Self custody!,positive,2024-04-03 23:09:00,retail_investor
Orange coin good! HODL forever,positive,2024-04-03 23:32:00,keynesian_critic
Bitcoin becoming less decentralized over time,negative,2024-04-03 23:37:00,self_custody
Optimistic about Bitcoin scaling solutions,positive,2024-04-04 00:36:00,digital_gold
Bitcoin price consolidating around 88k,neutral,2024-04-04 01:12:00,inflation_hedge
21 million Bitcoin supply cap is hardcoded,neutral,2024-04-04 01:21:00,bitcoin_dev
Bitcoin mining pool distribution chart updated,neutral,2024-04-04 01:55:00,satoshi_fan
Bitcoin solving real world problems daily,positive,2024-04-04 02:37:00,crypto_bull
Bitcoin whitepaper anniversary today. 9 years,neutral,2024-04-04 03:15:00,lightning_fan
Laser eyes until 100k! Bitcoin revolution,positive,2024-04-04 03:58:00,lightning_fan
Bitcoin network congestion frustrating users,negative,2024-04-04 04:37:00,maximalist_tom
Bitcoin reaching new all time highs soon,positive,2024-04-04 05:04:00,swing_trader
Bitcoin bubble popped. Never coming back,negative,2024-04-04 05:57:00,self_custody
Bitcoin circular economy growing in El Salvador,positive,2024-04-04 06:38:00,solo_miner
Financial freedom through Bitcoin. Nothing better,positive,2024-04-04 06:53:00,day_trader
Stacking sats feels amazing. Future is bright,positive,2024-04-04 07:20:00,retail_investor
Laser eyes until 100k! Bitcoin revolution,positive,2024-04-04 08:12:00,institutional_buyer
Bitcoin privacy improving with coinjoin adoption,positive,2024-04-04 09:09:00,scalper_pro
Unconfirmed transactions: 30741 in mempool,neutral,2024-04-04 09:48:00,bull_trader
Security vulnerabilities found in Bitcoin wallets,negative,2024-04-04 10:38:00,privacy_maxi
Sound money principles restored by Bitcoin,positive,2024-04-04 11:10:00,bitcoin_teacher
Regulation will destroy Bitcoin. Mark my words,negative,2024-04-04 11:34:00,security_first
Network difficulty retarget in 97 hours,neutral,2024-04-04 12:33:00,paper_wallet
Financial freedom through Bitcoin. Nothing better,positive,2024-04-04 12:56:00,silver_to_btc
Bitcoin adoption is growing. Major companies accepting it now,positive,2024-04-04 13:44:00,nakamoto_institute
Bitcoin empowers individuals worldwide,positive,2024-04-04 14:26:00,halving_counter
Just bought more Bitcoin! Feeling bullish,positive,2024-04-04 15:08:00,paper_wallet
Watching Bitcoin charts all day. No clear trend,neutral,2024-04-04 16:01:00,hash_power
Volatility makes Bitcoin terrible money,negative,2024-04-04 17:01:00,mining_pro
Orange coin made me financially independent,positive,2024-04-04 17:52:00,maximalist_tom
Volatility makes Bitcoin terrible money,negative,2024-04-04 18:20:00,btc_unlimited
Bitcoin Puell Multiple reading: 23.84,neutral,2024-04-04 18:33:00,anon_trader
Bitcoin is the exit from the broken system,positive,2024-04-04 18:54:00,bull_trader
Regulatory uncertainty killing Bitcoin momentum,negative,2024-04-04 19:33:00,bull_trader
Bitcoin fixes monetary policy failures,positive,2024-04-04 19:51:00,bull_trader
Tether FUD spreading again. Bitcoin going down,negative,2024-04-04 20:03:00,nakamoto_institute
Bitcoin price is stable today. Nothing much happening,neutral,2024-04-04 20:22:00,security_first
Grateful for Satoshi Nakamoto every single day,positive,2024-04-04 20:25:00,self_custody
Stack sats every day! Bitcoin only,positive,2024-04-04 20:42:00,arbitrage_king
Bitcoin stock to flow ratio: 1.77,neutral,2024-04-04 20:43:00,open_source
El Salvador Bitcoin experiment is working great,positive,2024-04-04 21:40:00,btc_analyst
Bitcoin fixes monetary policy failures,positive,2024-04-04 22:04:00,scalper_pro
Central banks trying to kill Bitcoin with CBDC,negative,2024-04-04 22:36:00,gold_bug_btc
Green candles everywhere! Bitcoin pumping hard,positive,2024-04-04 23:18:00,millennial_investor
Average Bitcoin fee per transaction: 1.9 dollars,neutral,2024-04-05 00:11:00,asic_farmer
Bitcoin exchange reserves: 94160 BTC,neutral,2024-04-05 00:18:00,digital_gold
Bitcoin mining becoming unprofitable for many,negative,2024-04-05 00:45:00,mempool_observer
Bitcoin complexity keeps masses away,negative,2024-04-05 01:28:00,retail_investor
Security breaches making Bitcoin unsafe,negative,2024-04-05 01:41:00,institutional_buyer
BTC crash incoming. Sell everything now!,negative,2024-04-05 02:06:00,hodler_mike
Bitcoin energy waste is inexcusable,negative,2024-04-05 02:29:00,full_node_operator
Bitcoin mining difficulty at 74 trillion,neutral,2024-04-05 03:18:00,payment_network
Total value locked in Bitcoin DeFi protocols,neutral,2024-04-05 03:28:00,hodler_mike
Bitcoin mining becoming unprofitable for many,negative,2024-04-05 04:25:00,hash_power
Bitcoin fear and greed index: 17.72,neutral,2024-04-05 04:26:00,on_chain_guy
Hyperbitcoinization is inevitable. Fiat dies,positive,2024-04-05 05:20:00,hard_money
Satoshi Nakamoto mined first Bitcoin block in 2009,neutral,2024-04-05 05:48:00,fiat_escapist
Bitcoin velocity indicator at 36.03,neutral,2024-04-05 06:15:00,security_first
Bitcoin market cap is 578 billion dollars,neutral,2024-04-05 06:25:00,store_of_value
Bitcoin failing store of value test,negative,2024-04-05 07:25:00,bear_market_bob
Bitcoin mining centralization worrying trend,negative,2024-04-05 08:19:00,bear_market_bob
This bull run will be epic! Bitcoin to 82k,positive,2024-04-05 08:45:00,whale_watcher
Bitcoin on-chain metrics showing accumulation,neutral,2024-04-05 08:50:00,retired_early
Bought the dip again! DCA strategy works,positive,2024-04-05 09:50:00,fiat_escapist
Hyperbitcoinization is inevitable. Fiat dies,positive,2024-04-05 09:58:00,institutional_buyer
BTC crash incoming. Sell everything now!,negative,2024-04-05 10:37:00,layer_two
Bitcoin Core version 25.0 released yesterday,neutral,2024-04-05 10:41:00,spot_trader
Average confirmation time: 10 minutes,neutral,2024-04-05 11:13:00,fiat_escapist
Proof of work makes Bitcoin most secure network,positive,2024-04-05 12:11:00,singlesig_simple
Hyperbitcoinization is inevitable. Fiat dies,positive,2024-04-05 12:21:00,crypto_coach
Realized profit loss ratio: 0.72,neutral,2024-04-05 12:25:00,dca_investor
Stack sats every day! Bitcoin only,positive,2024-04-05 12:56:00,austrian_economist
Watching Bitcoin price discovery is exciting,positive,2024-04-05 13:33:00,crypto_skeptic
Bitcoin losing market share to altcoins,negative,2024-04-05 14:01:00,lightning_wallet
Bitcoin circular economy growing in El Salvador,positive,2024-04-05 14:02:00,bitcoin_teacher
Sound money principles restored by Bitcoin,positive,2024-04-05 14:28:00,spot_trader
Bitcoin is going to the moon! Best investment ever,positive,2024-04-05 15:05:00,yield_farmer
Bullish on Bitcoin fundamentals long term,positive,2024-04-05 15:17:00,store_of_value
Coinbase premium: 1% currently,neutral,2024-04-05 15:57:00,sound_money
Wash trading inflating Bitcoin volumes,negative,2024-04-05 16:07:00,node_runner
Bitcoin trading volume: $42292M today,neutral,2024-04-05 16:32:00,bitcoin_teacher
Most Bitcoin is held by whales. Unfair distribution,negative,2024-04-05 17:24:00,nft_collector
Bitcoin difficulty adjustment in 289 days,neutral,2024-04-05 17:36:00,node_runner
Market manipulation obvious in Bitcoin trading,negative,2024-04-05 18:30:00,unit_of_account
Bitcoin circular economy growing in El Salvador,positive,2024-04-05 18:54:00,whale_watcher
Bitcoin is the exit from the broken system,positive,2024-04-05 19:26:00,mining_pro
Stack sats every day! Bitcoin only,positive,2024-04-05 20:01:00,exchange_dev
Watching Bitcoin price discovery is exciting,positive,2024-04-05 20:14:00,lightning_dev
Green candles everywhere! Bitcoin pumping hard,positive,2024-04-05 20:55:00,validator_node
Bitcoin losing market share to altcoins,negative,2024-04-05 21:17:00,asic_farmer
Governments will ban Bitcoin eventually,negative,2024-04-05 22:17:00,silver_to_btc
Bitcoin gave me hope for the future,positive,2024-04-05 22:38:00,privacy_maxi
Bitcoin stock to flow ratio: 0.51,neutral,2024-04-05 23:03:00,keynesian_critic
Bitcoin conference in Miami was incredible,positive,2024-04-06 00:01:00,keynesian_critic
Bitcoin accepted at 35791 merchants worldwide,positive,2024-04-06 00:51:00,millennial_investor
Network difficulty retarget in 160 hours,neutral,2024-04-06 01:06:00,deflation_lover
Bitcoin UTXO set size reached 35326 million,neutral,2024-04-06 01:41:00,swing_trader
Sound money principles restored by Bitcoin,positive,2024-04-06 02:39:00,yield_farmer
Volatility makes Bitcoin terrible money,negative,2024-04-06 03:39:00,financial_freedom
Bullish on Bitcoin fundamentals long term,positive,2024-04-06 04:13:00,options_trader
Hyperbitcoinization is inevitable. Fiat dies,positive,2024-04-06 04:21:00,hardware_wallet
Proof of reserves shows Bitcoin strength,positive,2024-04-06 04:38:00,satoshi_fan
Bitcoin energy waste is inexcusable,negative,2024-04-06 04:41:00,position_trader
Lightning Network channels: 30627 active,neutral,2024-04-06 05:29:00,scalper_pro
Bitcoin energy waste is inexcusable,negative,2024-04-06 05:46:00,security_first
Bitcoin dominance currently at 47%,neutral,2024-04-06 06:40:00,gen_z_crypto
Daily Bitcoin transactions averaging 44159k,neutral,2024-04-06 07:11:00,hodler_mike
Living on Bitcoin for 5 years now. Amazing,positive,2024-04-06 07:42:00,brain_wallet
Orange coin good! HODL forever,positive,2024-04-06 08:27:00,gpu_miner
Stacking sats feels amazing. Future is bright,positive,2024-04-06 08:50:00,gpu_miner
Bitcoin network congestion frustrating users,negative,2024-04-06 09:43:00,hash_power
Bitcoin difficulty adjustment in 627 days,neutral,2024-04-06 10:10:00,halving_counter
Tether FUD spreading again. Bitcoin going down,negative,2024-04-06 10:35:00,unit_of_account
Average confirmation time: 8 minutes,neutral,2024-04-06 11:05:00,scalper_pro
Security breaches making Bitcoin unsafe,negative,2024-04-06 11:45:00,protocol_dev
Bitcoin gave me hope for the future,positive,2024-04-06 12:03:00,crypto_bull
Stack sats every day! Bitcoin only,positive,2024-04-06 12:46:00,market_maker
Finally convinced my family to buy Bitcoin,positive,2024-04-06 13:03:00,lightning_wallet
Bitcoin solves the money problem once and for all,positive,2024-04-06 14:01:00,nft_collector
Bitcoin on-chain metrics showing accumulation,neutral,2024-04-06 14:08:00,day_trader
Lightning Network makes Bitcoin amazing for payments,positive,2024-04-06 14:43:00,mempool_observer
Bitcoin solves the money problem once and for all,positive,2024-04-06 15:36:00,mempool_observer
Bitcoin creating generational wealth for hodlers,positive,2024-04-06 16:28:00,unit_of_account
Network difficulty retarget in 249 hours,neutral,2024-04-06 16:34:00,payment_network
Bitcoin bubble popped. Never coming back,negative,2024-04-06 17:06:00,layer_two
Bitcoin block time averaging 10 minutes as usual,neutral,2024-04-06 17:20:00,mining_dev
Bitcoin is freedom money. Period,positive,2024-04-06 17:33:00,bitcoin_standard
Bitcoin price consolidating around 37k,neutral,2024-04-06 18:33:00,kyc_hater
Realized profit loss ratio: 1.47,neutral,2024-04-06 18:55:00,mining_pro
Bitcoin nodes distributed across 144 countries,neutral,2024-04-06 19:02:00,yield_farmer
This is still early for Bitcoin adoption,positive,2024-04-06 19:15:00,mempool_observer
Bitcoin beach in El Salvador is amazing,positive,2024-04-06 19:52:00,millennial_investor
Wash trading inflating Bitcoin volumes,negative,2024-04-06 20:36:00,institutional_buyer
Bitcoin becoming less decentralized over time,negative,2024-04-06 21:29:00,position_trader
Bitcoin fear and greed index: 15.91,neutral,2024-04-06 22:22:00,hard_money
Watching Bitcoin price discovery is exciting,positive,2024-04-06 22:58:00,open_source
Bitcoin creating generational wealth for hodlers,positive,2024-04-06 23:10:00,bitcoin_knots
Sleeping well knowing I own Bitcoin,positive,2024-04-06 23:32:00,austrian_economist
Stacking sats feels amazing. Future is bright,positive,2024-04-06 23:34:00,technical_trader
Ordinals using Bitcoin blockchain for NFTs,neutral,2024-04-06 23:35:00,bitcoin_knots
Bitcoin transaction confirmations too slow,negative,2024-04-06 23:56:00,settlement_layer
Bitcoin mining becoming unprofitable for many,negative,2024-04-06 23:58:00,dca_investor
Bitcoin reaching new all time highs soon,positive,2024-04-07 00:11:00,kyc_hater
Financial freedom through Bitcoin. Nothing better,positive,2024-04-07 01:10:00,hard_money
Bitcoin nodes distributed across 126 countries,neutral,2024-04-07 01:51:00,sound_money
Stack sats every day! Bitcoin only,positive,2024-04-07 01:53:00,retired_early
Most Bitcoin is held by whales. Unfair distribution,negative,2024-04-07 02:19:00,privacy_advocate
Security breaches making Bitcoin unsafe,negative,2024-04-07 03:12:00,early_adopter
This volatility is killing me. Can't handle BTC anymore,negative,2024-04-07 03:54:00,cold_storage
BTC crash incoming. Sell everything now!,negative,2024-04-07 04:39:00,spot_trader
Grateful for Satoshi Nakamoto every single day,positive,2024-04-07 05:28:00,mining_pro
Bitcoin only useful for criminals and dark web,negative,2024-04-07 06:06:00,boomer_hodler
Bitcoin environmental impact is unsustainable,negative,2024-04-07 06:13:00,lightning_node
Network difficulty retarget in 35 hours,neutral,2024-04-07 07:00:00,defi_explorer
Bitcoin mining centralization worrying trend,negative,2024-04-07 07:32:00,nft_collector
FBI seized more Bitcoin from criminals today,negative,2024-04-07 08:28:00,unit_of_account
Bitcoin environmental impact is unsustainable,negative,2024-04-07 09:20:00,lightning_node
Current block height is 811724,neutral,2024-04-07 09:36:00,multisig_user
Mt Gox distribution will crash Bitcoin price,negative,2024-04-07 10:06:00,retired_early
Bitcoin stock to flow ratio: 1.74,neutral,2024-04-07 10:31:00,deflation_lover
Sleeping well knowing I own Bitcoin,positive,2024-04-07 11:25:00,lightning_dev
This volatility is killing me. Can't handle BTC anymore,negative,2024-04-07 11:52:00,dao_member
Accumulating Bitcoin is the best strategy,positive,2024-04-07 12:34:00,layer_two
Bitcoin mining centralization worrying trend,negative,2024-04-07 13:04:00,on_chain_guy
Optimistic about Bitcoin scaling solutions,positive,2024-04-07 14:02:00,cold_storage
Sold all my Bitcoin. Moving to stocks,negative,2024-04-07 14:57:00,exchange_dev
MicroStrategy bought more Bitcoin! Saylor knows,positive,2024-04-07 15:13:00,bitcoin_teacher
Just bought more Bitcoin! Feeling bullish,positive,2024-04-07 15:39:00,sats_stacker
Bitcoin taproot upgrade activated 3 years ago,neutral,2024-04-07 16:23:00,payment_network
Bitcoin realized cap: $54916 billion,neutral,2024-04-07 16:27:00,mempool_observer
Grateful for Satoshi Nakamoto every single day,positive,2024-04-07 17:16:00,exchange_dev
Bitcoin at 89k. Same as yesterday,neutral,2024-04-07 17:28:00,dao_member
Bitcoin mining pool distribution chart updated,neutral,2024-04-07 18:12:00,fiat_escapist
Bitcoin halving excitement is building up,positive,2024-04-07 19:09:00,open_source
Bitcoin adoption is growing. Major companies accepting it now,positive,2024-04-07 19:10:00,security_first
Bitcoin whitepaper anniversary today. 9 years,neutral,2024-04-07 20:08:00,institutional_buyer
Stacking sats feels amazing. Future is bright,positive,2024-04-07 20:29:00,self_custody
Bitcoin mining difficulty at 53 trillion,neutral,2024-04-07 21:29:00,asic_farmer
Bitcoin complexity keeps masses away,negative,2024-04-07 22:08:00,nakamoto_institute
I'm done with crypto. Too risky for me,negative,2024-04-07 22:40:00,boomer_hodler
Proof of reserves shows Bitcoin strength,positive,2024-04-07 23:10:00,layer_two
Active Bitcoin addresses: 44947 million,neutral,2024-04-07 23:27:00,yield_farmer
Orange coin good! HODL forever,positive,2024-04-07 23:33:00,unit_of_account
Mt Gox distribution will crash Bitcoin price,negative,2024-04-08 00:07:00,hash_power
Watching Bitcoin charts all day. No clear trend,neutral,2024-04-08 01:04:00,payment_network
Bitcoin inflation rate: 41% annually,neutral,2024-04-08 01:20:00,exchange_dev
Bitcoin centralization risk increasing daily,negative,2024-04-08 01:21:00,on_chain_guy
Bitcoin market cap is 1041 billion dollars,neutral,2024-04-08 01:45:00,position_trader
Institutions are buying Bitcoin like crazy! Bullish,positive,2024-04-08 02:34:00,technical_trader
Bitcoin network congestion frustrating users,negative,2024-04-08 02:52:00,bitcoin_core
BTC dominance falling. Altcoin season coming,negative,2024-04-08 03:44:00,singlesig_simple
Orange coin made me financially independent,positive,2024-04-08 03:45:00,brain_wallet
Watching Bitcoin price discovery is exciting,positive,2024-04-08 03:53:00,cold_storage
Bitcoin segwit adoption rate is 39 percent,neutral,2024-04-08 04:49:00,technical_trader
Bitcoin network congestion frustrating users,negative,2024-04-08 05:33:00,gen_z_crypto
Financial freedom through Bitcoin. Nothing better,positive,2024-04-08 05:34:00,brain_wallet
Mempool size: 256 MB currently,neutral,2024-04-08 06:21:00,singlesig_simple
Bitcoin only useful for criminals and dark web,negative,2024-04-08 07:06:00,financial_freedom
Quantum computers will break Bitcoin encryption,negative,2024-04-08 07:40:00,financial_freedom
Bitcoin is going to the moon! Best investment ever,positive,2024-04-08 08:03:00,cold_storage
Bitcoin stock to flow ratio: 1.82,neutral,2024-04-08 08:58:00,gold_bug_btc
Total Bitcoin addresses with balance: 12362 million,neutral,2024-04-08 09:37:00,lightning_dev
Too many Bitcoin scams ruining reputation,negative,2024-04-08 10:19:00,mining_dev
Bitcoin gave me hope for the future,positive,2024-04-08 11:10:00,lightning_wallet
Technical debt accumulating in Bitcoin,negative,2024-04-08 12:06:00,halving_counter
Institutional selling pressure on Bitcoin,negative,2024-04-08 12:37:00,crypto_bull
Proof of work makes Bitcoin most secure network,positive,2024-04-08 13:04:00,anon_trader
Bitcoin is going to the moon! Best investment ever,positive,2024-04-08 13:37:00,pseudonymous_dev
Bitcoin represents hope for unbanked millions,positive,2024-04-08 13:58:00,institutional_buyer
Living on Bitcoin for 8 years now. Amazing,positive,2024-04-08 14:22:00,base_layer
Bitcoin mining pool distribution chart updated,neutral,2024-04-08 15:05:00,settlement_layer
Just bought more Bitcoin! Feeling bullish,positive,2024-04-08 15:27:00,yield_farmer
Bitcoin privacy improving with coinjoin adoption,positive,2024-04-08 16:20:00,node_runner
Lightning Network makes Bitcoin amazing for payments,positive,2024-04-08 17:03:00,options_trader
Bitcoin environmental impact is unsustainable,negative,2024-04-08 17:25:00,asic_farmer
This is still early for Bitcoin adoption,positive,2024-04-08 18:23:00,exchange_dev
Hyperbitcoinization is inevitable. Fiat dies,positive,2024-04-08 19:01:00,spot_trader
Average confirmation time: 11 minutes,neutral,2024-04-08 19:13:00,sats_stacker
Another exchange hack. Bitcoin is not safe,negative,2024-04-08 19:53:00,chart_master
Current Bitcoin mempool has 28487k transactions,neutral,2024-04-08 20:14:00,maximalist_tom
Bitcoin solving real world problems daily,positive,2024-04-08 21:06:00,austrian_economist
This bull run will be epic! Bitcoin to 93k,positive,2024-04-08 21:45:00,mining_dev
Proof of work makes Bitcoin most secure network,positive,2024-04-08 21:59:00,digital_gold
Bitcoin on-chain metrics showing accumulation,neutral,2024-04-08 22:05:00,hash_power
Proof of reserves shows Bitcoin strength,positive,2024-04-08 22:07:00,kyc_hater
NVT ratio currently: 47.04,neutral,2024-04-08 22:34:00,store_of_value
Bitcoin accepted at 2241 merchants worldwide,positive,2024-04-08 23:10:00,bull_trader
Technical debt accumulating in Bitcoin,negative,2024-04-08 23:13:00,futures_guy
Stack sats every day! Bitcoin only,positive,2024-04-08 23:17:00,privacy_maxi
Watching Bitcoin charts all day. No clear trend,neutral,2024-04-09 00:06:00,market_maker
Bitcoin is freedom money. Period,positive,2024-04-09 00:42:00,validator_node
Bitcoin is the exit from the broken system,positive,2024-04-09 00:48:00,hash_power
Watching Bitcoin price discovery is exciting,positive,2024-04-09 01:11:00,silver_to_btc
Bitcoin changing lives around the world,positive,2024-04-09 01:26:00,technical_trader
Lightning Network capacity at 92053 BTC,neutral,2024-04-09 02:15:00,maximalist_tom
Bitcoin whitepaper anniversary today. 6 years,neutral,2024-04-09 02:18:00,settlement_layer
Security vulnerabilities found in Bitcoin wallets,negative,2024-04-09 03:07:00,millennial_investor
Regulation will destroy Bitcoin. Mark my words,negative,2024-04-09 03:08:00,liquidity_provider
Bitcoin difficulty adjustment in 1317 days,neutral,2024-04-09 03:31:00,full_node_operator
Bitcoin scams everywhere. Can't trust anyone,negative,2024-04-09 04:07:00,dao_member
Bitcoin hashrate: 312 EH/s currently,neutral,2024-04-09 05:06:00,mining_pool
Technical debt accumulating in Bitcoin,negative,2024-04-09 06:05:00,crypto_skeptic
Bitcoin average block size is 279 MB today,neutral,2024-04-09 06:36:00,arbitrage_king
Governments will ban Bitcoin eventually,negative,2024-04-09 07:21:00,bitcoin_knots
Bitcoin becoming less decentralized over time,negative,2024-04-09 08:02:00,payment_network
Bitcoin trading volume: $43192M today,neutral,2024-04-09 08:50:00,multisig_user
Best performing asset of last decade: Bitcoin,positive,2024-04-09 09:39:00,crypto_bull
Bitcoin environmental impact is unsustainable,negative,2024-04-09 10:33:00,lightning_dev
I'm done with crypto. Too risky for me,negative,2024-04-09 10:54:00,keynesian_critic
Bitcoin UTXO set size reached 1416 million,neutral,2024-04-09 11:26:00,btc_analyst
Bitcoin Puell Multiple reading: 35.62,neutral,2024-04-09 12:01:00,wallet_dev
Bitcoin environmental impact is unsustainable,negative,2024-04-09 12:47:00,fiat_escapist
Bitcoin stock to flow ratio: 0.76,neutral,2024-04-09 13:15:00,hardware_wallet
Bitcoin Puell Multiple reading: 7.36,neutral,2024-04-09 13:47:00,lightning_wallet
Bitcoin price is stable today. Nothing much happening,neutral,2024-04-09 14:22:00,dao_member
Bitcoin scams everywhere. Can't trust anyone,negative,2024-04-09 14:38:00,non_custodial
Mining rewards declining makes Bitcoin vulnerable,negative,2024-04-09 14:53:00,lightning_node
Losing faith in Bitcoin after this crash,negative,2024-04-09 15:08:00,retired_early
Volatility makes Bitcoin terrible money,negative,2024-04-09 16:08:00,yield_farmer
Wash trading inflating Bitcoin volumes,negative,2024-04-09 16:16:00,mempool_observer
Orange coin made me financially independent,positive,2024-04-09 17:16:00,paper_wallet
Accumulating Bitcoin is the best strategy,positive,2024-04-09 17:49:00,gpu_miner
Bitcoin standard is coming. Get ready,positive,2024-04-09 18:37:00,trader_joe
Orange coin good! HODL forever,positive,2024-04-09 19:19:00,bitcoin_standard
Coinbase premium: 30% currently,neutral,2024-04-09 19:26:00,singlesig_simple
Bitcoin adoption is growing. Major companies accepting it now,positive,2024-04-09 19:41:00,node_runner
Sound money principles restored by Bitcoin,positive,2024-04-09 20:26:00,dca_investor
Bitcoin privacy improving with coinjoin adoption,positive,2024-04-09 20:40:00,crypto_news
Current block height is 811216,neutral,2024-04-09 21:33:00,options_trader
This volatility is killing me. Can't handle BTC anymore,negative,2024-04-09 21:57:00,retail_investor
Mt Gox distribution will crash Bitcoin price,negative,2024-04-09 22:02:00,scalper_pro
Strike app makes Bitcoin payments so easy,positive,2024-04-09 22:23:00,payment_network
Most Bitcoin holders underwater at current price,negative,2024-04-09 22:53:00,futures_guy
Bitcoin block time averaging 10 minutes as usual,neutral,2024-04-09 22:56:00,yield_farmer
Never selling my Bitcoin. Passing it to my kids,positive,2024-04-09 23:37:00,scalper_pro
Bitcoin transaction confirmations too slow,negative,2024-04-10 00:33:00,bull_trader
Current Bitcoin mempool has 5868k transactions,neutral,2024-04-10 01:22:00,privacy_advocate
Bitcoin accepted at 40609 merchants worldwide,positive,2024-04-10 01:41:00,gen_z_crypto
Orange coin made me financially independent,positive,2024-04-10 02:34:00,fiat_escapist
Whale wallets controlling Bitcoin price,negative,2024-04-10 03:22:00,wallet_dev
Bitcoin velocity indicator at 64.74,neutral,2024-04-10 04:10:00,gen_z_crypto
Average confirmation time: 10 minutes,neutral,2024-04-10 04:57:00,crypto_news
Most Bitcoin holders underwater at current price,negative,2024-04-10 05:18:00,dao_member
Regulatory uncertainty killing Bitcoin momentum,negative,2024-04-10 05:57:00,nakamoto_institute
Miner revenue today: $46 million,neutral,2024-04-10 06:01:00,retail_investor
Most Bitcoin holders underwater at current price,negative,2024-04-10 06:19:00,hardware_wallet
FBI seized more Bitcoin from criminals today,negative,2024-04-10 06:22:00,millennial_investor
Just bought more Bitcoin! Feeling bullish,positive,2024-04-10 06:24:00,lightning_node
Ordinals using Bitcoin blockchain for NFTs,neutral,2024-04-10 07:18:00,financial_freedom
MicroStrategy bought more Bitcoin! Saylor knows,positive,2024-04-10 07:44:00,btc_analyst
BTC crash incoming. Sell everything now!,negative,2024-04-10 07:47:00,nakamoto_institute
Bitcoin adoption is growing. Major companies accepting it now,positive,2024-04-10 08:44:00,custodial_service
Bitcoin hashrate: 371 EH/s currently,neutral,2024-04-10 09:24:00,bull_trader
Most Bitcoin holders underwater at current price,negative,2024-04-10 09:33:00,exchange_dev
Volatility makes Bitcoin terrible money,negative,2024-04-10 09:36:00,trader_joe
Institutions are buying Bitcoin like crazy! Bullish,positive,2024-04-10 10:17:00,mempool_observer
Bitcoin failing as peer to peer currency,negative,2024-04-10 10:42:00,medium_of_exchange
Coins moved on-chain: 24354 BTC,neutral,2024-04-10 11:02:00,btc_analyst
Bitcoin is going to the moon! Best investment ever,positive,2024-04-10 11:22:00,gen_z_crypto
Bitcoin realized cap: $80790 billion,neutral,2024-04-10 11:29:00,privacy_maxi
Mining rewards declining makes Bitcoin vulnerable,negative,2024-04-10 11:44:00,alternative_client
Mempool size: 92 MB currently,neutral,2024-04-10 12:21:00,nft_collector
Bitcoin UTXO set size reached 8997 million,neutral,2024-04-10 12:23:00,keynesian_critic
Watching Bitcoin price discovery is exciting,positive,2024-04-10 13:21:00,spot_trader
Transaction speed makes Bitcoin unusable,negative,2024-04-10 13:59:00,mining_pool
Strike app makes Bitcoin payments so easy,positive,2024-04-10 14:07:00,halving_counter
Every paycheck goes into Bitcoin. No regrets,positive,2024-04-10 15:04:00,settlement_layer
Bitcoin reaching new all time highs soon,positive,2024-04-10 15:40:00,non_custodial
Bitcoin beach in El Salvador is amazing,positive,2024-04-10 15:51:00,swing_trader
Lightning Network channels: 7114 active,neutral,2024-04-10 16:30:00,open_source
Laser eyes until 100k! Bitcoin revolution,positive,2024-04-10 17:09:00,payment_network
Tether FUD spreading again. Bitcoin going down,negative,2024-04-10 18:05:00,mempool_observer
Living on Bitcoin for 1 years now. Amazing,positive,2024-04-10 18:54:00,bitcoin_teacher
Bitcoin privacy features insufficient,negative,2024-04-10 19:37:00,bitcoin_dev
Regulation will destroy Bitcoin. Mark my words,negative,2024-04-10 20:21:00,mempool_observer
Orange coin made me financially independent,positive,2024-04-10 20:57:00,options_trader
Not your keys not your coins. Self custody!,positive,2024-04-10 21:57:00,settlement_layer
Bought the dip again! DCA strategy works,positive,2024-04-10 22:50:00,privacy_advocate
Living on Bitcoin for 8 years now. Amazing,positive,2024-04-10 23:00:00,exchange_dev
Bitcoin block time averaging 10 minutes as usual,neutral,2024-04-10 23:52:00,institutional_buyer
Bitcoin failing as peer to peer currency,negative,2024-04-11 00:50:00,btc_unlimited
This is still early for Bitcoin adoption,positive,2024-04-11 00:56:00,austrian_economist
This is still early for Bitcoin adoption,positive,2024-04-11 01:40:00,arbitrage_king
Bitcoin is a ponzi scheme. Change my mind,negative,2024-04-11 02:28:00,medium_of_exchange
Watching Bitcoin charts all day. No clear trend,neutral,2024-04-11 03:16:00,mining_pool
Bitcoin price consolidating around 49k,neutral,2024-04-11 03:45:00,digital_gold
Proof of reserves shows Bitcoin strength,positive,2024-04-11 04:06:00,settlement_layer
Bitcoin is going to the moon! Best investment ever,positive,2024-04-11 04:23:00,privacy_maxi
Bitcoin price is stable today. Nothing much happening,neutral,2024-04-11 04:51:00,security_first
Orange coin made me financially independent,positive,2024-04-11 05:31:00,scalper_pro
El Salvador Bitcoin experiment is working great,positive,2024-04-11 06:15:00,bear_market_bob
Security vulnerabilities found in Bitcoin wallets,negative,2024-04-11 07:03:00,trader_joe
Bitcoin dominance currently at 1%,neutral,2024-04-11 08:01:00,spot_trader
Miner revenue today: $38 million,neutral,2024-04-11 08:53:00,custodial_service
Stacking sats feels amazing. Future is bright,positive,2024-04-11 09:02:00,market_maker
Carbon footprint of Bitcoin is unacceptable,negative,2024-04-11 09:21:00,non_custodial
Bitcoin hashrate: 517 EH/s currently,neutral,2024-04-11 09:46:00,base_layer
Sound money principles restored by Bitcoin,positive,2024-04-11 09:59:00,exchange_dev
Current block height is 813605,neutral,2024-04-11 10:03:00,crypto_skeptic
Institutional selling pressure on Bitcoin,negative,2024-04-11 10:10:00,futures_guy
Best performing asset of last decade: Bitcoin,positive,2024-04-11 10:16:00,custodial_service
Mempool size: 104 MB currently,neutral,2024-04-11 10:41:00,market_maker
Bitcoin Puell Multiple reading: 11.36,neutral,2024-04-11 10:52:00,dca_investor
Bitcoin failing store of value test,negative,2024-04-11 11:44:00,trader_joe
Bitcoin failing store of value test,negative,2024-04-11 12:17:00,base_layer
Unconfirmed transactions: 2242 in mempool,neutral,2024-04-11 12:41:00,silver_to_btc
Best decision ever was buying Bitcoin in 2022,positive,2024-04-11 13:39:00,open_source
Mempool size: 57 MB currently,neutral,2024-04-11 14:28:00,dca_investor
Bitcoin is a ponzi scheme. Change my mind,negative,2024-04-11 14:32:00,options_trader
BTC dominance falling. Altcoin season coming,negative,2024-04-11 15:03:00,privacy_advocate
Lightning Network makes Bitcoin amazing for payments,positive,2024-04-11 15:54:00,store_of_value
Bitcoin gave me hope for the future,positive,2024-04-11 16:21:00,multisig_user
Lightning Network makes Bitcoin amazing for payments,positive,2024-04-11 16:28:00,anon_trader
Bitcoin is a ponzi scheme. Change my mind,negative,2024-04-11 17:28:00,options_trader
Living on Bitcoin for 9 years now. Amazing,positive,2024-04-11 17:34:00,nakamoto_institute
Bitcoin empowers individuals worldwide,positive,2024-04-11 18:04:00,chart_master
Bitcoin taproot upgrade activated 4 years ago,neutral,2024-04-11 18:55:00,defi_explorer
Bitcoin mining difficulty increased by 50%,neutral,2024-04-11 19:29:00,security_first
Bitcoin scams everywhere. Can't trust anyone,negative,2024-04-11 19:39:00,kyc_hater
Every paycheck goes into Bitcoin. No regrets,positive,2024-04-11 20:18:00,solo_miner
Bitcoin network congestion frustrating users,negative,2024-04-11 20:27:00,retail_investor
Total Bitcoin addresses with balance: 46665 million,neutral,2024-04-11 20:54:00,satoshi_fan
Current Bitcoin mempool has 6052k transactions,neutral,2024-04-11 21:42:00,full_node_operator
Bitcoin complexity keeps masses away,negative,2024-04-11 22:15:00,paper_wallet
Security vulnerabilities found in Bitcoin wallets,negative,2024-04-11 22:46:00,lightning_dev
Accumulating Bitcoin is the best strategy,positive,2024-04-11 23:13:00,exchange_dev
Hyperbitcoinization is inevitable. Fiat dies,positive,2024-04-11 23:18:00,security_first
Finally convinced my family to buy Bitcoin,positive,2024-04-11 23:30:00,dca_investor
Bitcoin is the exit from the broken system,positive,2024-04-12 00:24:00,medium_of_exchange
Bitcoin creating generational wealth for hodlers,positive,2024-04-12 00:55:00,retail_investor
Bitcoin on-chain metrics showing accumulation,neutral,2024-04-12 01:11:00,bitcoin_knots
Security breaches making Bitcoin unsafe,negative,2024-04-12 01:26:00,dca_investor
Bitcoin taproot upgrade activated 8 years ago,neutral,2024-04-12 02:13:00,solo_miner
Bitcoin mining difficulty increased by 32%,neutral,2024-04-12 02:59:00,retail_investor
Bitcoin solves the money problem once and for all,positive,2024-04-12 03:35:00,validator_node
Bitcoin Puell Multiple reading: 85.92,neutral,2024-04-12 03:40:00,privacy_advocate
Bitcoin changing lives around the world,positive,2024-04-12 03:46:00,protocol_dev
Bitcoin ETF approval coming soon. This is huge!,positive,2024-04-12 04:39:00,day_trader
HODL waves showing 48% held over 1 year,neutral,2024-04-12 05:07:00,satoshi_fan
Bullish on Bitcoin fundamentals long term,positive,2024-04-12 05:50:00,institutional_buyer
Watching Bitcoin price discovery is exciting,positive,2024-04-12 06:42:00,financial_freedom
Best performing asset of last decade: Bitcoin,positive,2024-04-12 07:03:00,privacy_maxi
Bitcoin gave me hope for the future,positive,2024-04-12 07:13:00,sound_money
Bitcoin halving excitement is building up,positive,2024-04-12 07:54:00,alternative_client
Bitcoin network hashrate at all-time high,neutral,2024-04-12 07:59:00,position_trader
Bitcoin conference in Miami was incredible,positive,2024-04-12 08:08:00,crypto_skeptic
Bitcoin fixes everything. Hard money wins,positive,2024-04-12 08:23:00,early_adopter
Orange coin good! HODL forever,positive,2024-04-12 08:53:00,alternative_client
Another exchange hack. Bitcoin is not safe,negative,2024-04-12 09:03:00,bitcoin_dev
Bitcoin scalability issues never solved,negative,2024-04-12 09:23:00,fiat_escapist
Central banks trying to kill Bitcoin with CBDC,negative,2024-04-12 09:48:00,non_custodial
Hyperbitcoinization is inevitable. Fiat dies,positive,2024-04-12 10:16:00,spot_trader
Energy consumption of Bitcoin is destroying planet,negative,2024-04-12 10:43:00,validator_node
Orange coin made me financially independent,positive,2024-04-12 11:41:00,bitcoin_dev
Bitcoin Puell Multiple reading: 43.04,neutral,2024-04-12 12:37:00,layer_two
Bitcoin trading volume: $10733M today,neutral,2024-04-12 13:35:00,gpu_miner
Bitcoin becoming less decentralized over time,negative,2024-04-12 13:50:00,fiat_escapist
Bitcoin bubble popped. Never coming back,negative,2024-04-12 14:14:00,gold_bug_btc
Bitcoin is a ponzi scheme. Change my mind,negative,2024-04-12 15:00:00,difficulty_watcher
Bitcoin price consolidating around 76k,neutral,2024-04-12 15:50:00,lightning_fan
Current Bitcoin mempool has 38740k transactions,neutral,2024-04-12 16:03:00,crypto_news
Regulation will destroy Bitcoin. Mark my words,negative,2024-04-12 16:20:00,sats_stacker
FBI seized more Bitcoin from criminals today,negative,2024-04-12 17:02:00,bitcoin_dev
Bitcoin failing as peer to peer currency,negative,2024-04-12 17:21:00,hash_power
Not your keys not your coins. Self custody!,positive,2024-04-12 17:40:00,singlesig_simple
Best performing asset of last decade: Bitcoin,positive,2024-04-12 18:11:00,base_layer
Bitcoin fixes everything. Hard money wins,positive,2024-04-12 18:54:00,difficulty_watcher
Bitcoin gave me hope for the future,positive,2024-04-12 19:29:00,silver_to_btc
Regulation will destroy Bitcoin. Mark my words,negative,2024-04-12 19:51:00,boomer_hodler
Bitcoin inflation rate: 24% annually,neutral,2024-04-12 20:36:00,boomer_hodler
Active Bitcoin addresses: 47225 million,neutral,2024-04-12 21:34:00,full_node_operator
Stacking sats feels amazing. Future is bright,positive,2024-04-12 21:49:00,silver_to_btc
Bitcoin network stronger than ever before,positive,2024-04-12 22:47:00,payment_network
Bitcoin becoming less decentralized over time,negative,2024-04-12 23:14:00,dca_investor
Proof of reserves shows Bitcoin strength,positive,2024-04-12 23:23:00,boomer_hodler
Grateful for Satoshi Nakamoto every single day,positive,2024-04-12 23:44:00,custodial_service
Optimistic about Bitcoin scaling solutions,positive,2024-04-13 00:10:00,crypto_bull
Bitcoin fixes everything. Hard money wins,positive,2024-04-13 00:34:00,hard_money
Financial freedom through Bitcoin. Nothing better,positive,2024-04-13 00:57:00,nakamoto_institute
Orange coin made me financially independent,positive,2024-04-13 01:52:00,open_source
Transaction speed makes Bitcoin unusable,negative,2024-04-13 02:22:00,validator_node
Average Bitcoin transaction size is 79 bytes,neutral,2024-04-13 03:04:00,financial_freedom
Mining pools controlling too much Bitcoin hashrate,negative,2024-04-13 03:44:00,satoshi_fan
Bitcoin stock to flow ratio: 1.56,neutral,2024-04-13 04:15:00,bitcoin_core
Hyperbitcoinization is inevitable. Fiat dies,positive,2024-04-13 04:53:00,kyc_hater
Central banks trying to kill Bitcoin with CBDC,negative,2024-04-13 05:13:00,swing_trader
Bitcoin environmental impact is unsustainable,negative,2024-04-13 06:13:00,crypto_skeptic
Proudly part of the Bitcoin revolution,positive,2024-04-13 06:38:00,hard_money
Institutional selling pressure on Bitcoin,negative,2024-04-13 07:22:00,protocol_dev
Lightning Network makes Bitcoin amazing for payments,positive,2024-04-13 07:32:00,options_trader
Most Bitcoin is held by whales. Unfair distribution,negative,2024-04-13 08:24:00,institutional_buyer
Daily Bitcoin transactions averaging 17933k,neutral,2024-04-13 08:59:00,retail_investor
Orange coin good! HODL forever,positive,2024-04-13 09:41:00,digital_gold
This volatility is killing me. Can't handle BTC anymore,negative,2024-04-13 10:19:00,mining_pro
Bitcoin at 90k. Same as yesterday,neutral,2024-04-13 11:03:00,institutional_buyer
Bitcoin mining becoming unprofitable for many,negative,2024-04-13 11:18:00,bitcoin_standard
Bitcoin solves the money problem once and for all,positive,2024-04-13 11:55:00,halving_counter
Bullish on Bitcoin fundamentals long term,positive,2024-04-13 12:34:00,hardware_wallet
This is still early for Bitcoin adoption,positive,2024-04-13 13:33:00,austrian_economist
Satoshi Nakamoto mined first Bitcoin block in 2009,neutral,2024-04-13 14:21:00,hardware_wallet
Bitcoin stock to flow ratio: 1.47,neutral,2024-04-13 14:36:00,bitcoin_core
Bitcoin conference in Miami was incredible,positive,2024-04-13 14:50:00,defi_explorer
Regulation will destroy Bitcoin. Mark my words,negative,2024-04-13 15:14:00,retired_early
Bitcoin losing market share to altcoins,negative,2024-04-13 15:53:00,lightning_fan
Not your keys not your coins. Self custody!,positive,2024-04-13 16:14:00,solo_miner
Volatility makes Bitcoin terrible money,negative,2024-04-13 16:35:00,dca_investor
Bitcoin node count increased to 15589,neutral,2024-04-13 16:45:00,payment_network
Bitcoin halving countdown: 413 days remaining,neutral,2024-04-13 16:48:00,anon_trader
Market manipulation obvious in Bitcoin trading,negative,2024-04-13 17:12:00,gpu_miner
Bitcoin stock to flow ratio: 1.39,neutral,2024-04-13 17:57:00,difficulty_watcher
Bitcoin empowers individuals worldwide,positive,2024-04-13 18:09:00,validator_node
Bitcoin halving excitement is building up,positive,2024-04-13 19:09:00,swing_trader
Bitcoin education spreading globally. Bullish future,positive,2024-04-13 20:03:00,security_first
Bitcoin mining becoming unprofitable for many,negative,2024-04-13 20:10:00,mining_pool
Bitcoin Core version 26.0 released yesterday,neutral,2024-04-13 20:31:00,early_adopter
Bitcoin privacy improving with coinjoin adoption,positive,2024-04-13 20:54:00,custodial_service
Proof of reserves shows Bitcoin strength,positive,2024-04-13 21:53:00,bull_trader
Complexity of Bitcoin protocol is a problem,negative,2024-04-13 22:26:00,security_first
Bitcoin exchange reserves: 97783 BTC,neutral,2024-04-13 23:24:00,inflation_hedge
Bitcoin mining difficulty increased by 29%,neutral,2024-04-13 23:49:00,payment_network
Bitcoin mining difficulty increased by 39%,neutral,2024-04-14 00:06:00,multisig_user
Bitcoin Puell Multiple reading: 47.99,neutral,2024-04-14 00:49:00,sats_stacker
Bitcoin losing market share to altcoins,negative,2024-04-14 01:15:00,asic_farmer
Just bought more Bitcoin! Feeling bullish,positive,2024-04-14 01:56:00,arbitrage_king
Bitcoin mining pool distribution chart updated,neutral,2024-04-14 02:42:00,nakamoto_institute
Quantum threat to Bitcoin is real,negative,2024-04-14 03:17:00,non_custodial
Mining pools controlling too much Bitcoin hashrate,negative,2024-04-14 04:06:00,mining_dev
Daily Bitcoin transactions averaging 37931k,neutral,2024-04-14 04:50:00,institutional_buyer
Hyperbitcoinization is inevitable. Fiat dies,positive,2024-04-14 05:17:00,store_of_value
Security breaches making Bitcoin unsafe,negative,2024-04-14 05:55:00,dca_investor
Watching Bitcoin price discovery is exciting,positive,2024-04-14 06:35:00,mining_pro
Bitcoin creating generational wealth for hodlers,positive,2024-04-14 07:16:00,lightning_wallet
Bitcoin represents hope for unbanked millions,positive,2024-04-14 08:03:00,btc_unlimited
Bitcoin empowers individuals worldwide,positive,2024-04-14 08:40:00,lightning_node
Inflation hedge narrative failed for Bitcoin,negative,2024-04-14 09:17:00,settlement_layer
Stack sats every day! Bitcoin only,positive,2024-04-14 09:35:00,fiat_escapist
Bitcoin hashrate: 577 EH/s currently,neutral,2024-04-14 10:02:00,mining_pool
Bitcoin failing as peer to peer currency,negative,2024-04-14 10:43:00,defi_explorer
Bitcoin nodes distributed across 100 countries,neutral,2024-04-14 11:37:00,security_first
BTC dominance falling. Altcoin season coming,negative,2024-04-14 12:08:00,crypto_skeptic
Bitcoin Core version 25.1 released yesterday,neutral,2024-04-14 12:41:00,technical_trader
Bitcoin hash ribbons indicator neutral now,neutral,2024-04-14 13:18:00,institutional_buyer
Bitcoin Core version 27.2 released yesterday,neutral,2024-04-14 13:36:00,on_chain_guy
Bitcoin solving real world problems daily,positive,2024-04-14 14:18:00,crypto_coach
El Salvador Bitcoin experiment is working great,positive,2024-04-14 15:17:00,wallet_dev
Lost my Bitcoin in a boating accident. So sad,negative,2024-04-14 15:42:00,bitcoin_core
Best performing asset of last decade: Bitcoin,positive,2024-04-14 15:46:00,austrian_economist
Bitcoin at 91k. Same as yesterday,neutral,2024-04-14 15:55:00,bitcoin_standard
Inflation hedge narrative failed for Bitcoin,negative,2024-04-14 16:33:00,crypto_skeptic
Bitcoin nodes distributed across 99 countries,neutral,2024-04-14 17:23:00,dao_member
Bitcoin education spreading globally. Bullish future,positive,2024-04-14 18:11:00,sound_money
Lightning Network channels: 43936 active,neutral,2024-04-14 18:59:00,btc_unlimited
Regulatory crackdown will kill Bitcoin,negative,2024-04-14 19:04:00,mempool_observer
Complexity of Bitcoin protocol is a problem,negative,2024-04-14 19:36:00,deflation_lover
Bitcoin privacy improving with coinjoin adoption,positive,2024-04-14 19:47:00,alternative_client
Bitcoin solves the money problem once and for all,positive,2024-04-14 20:37:00,bull_trader
Bitcoin creating generational wealth for hodlers,positive,2024-04-14 20:58:00,payment_network
Grateful for Satoshi Nakamoto every single day,positive,2024-04-14 21:13:00,spot_trader
Complexity of Bitcoin protocol is a problem,negative,2024-04-14 22:03:00,position_trader
NVT ratio currently: 46.25,neutral,2024-04-14 23:01:00,gpu_miner
Bitcoin at 55k. Same as yesterday,neutral,2024-04-14 23:38:00,solo_miner
Bitcoin Core version 24.1 released yesterday,neutral,2024-04-15 00:06:00,crypto_coach
Orange coin good! HODL forever,positive,2024-04-15 00:18:00,kyc_hater
Best decision ever was buying Bitcoin in 2021,positive,2024-04-15 01:17:00,store_of_value
Bitcoin centralization risk increasing daily,negative,2024-04-15 02:01:00,validator_node
Bitcoin is the exit from the broken system,positive,2024-04-15 02:18:00,spot_trader
Volatility makes Bitcoin terrible money,negative,2024-04-15 02:46:00,base_layer
Bitcoin fixes everything. Hard money wins,positive,2024-04-15 03:45:00,lightning_wallet
Bitcoin on-chain metrics showing accumulation,neutral,2024-04-15 04:21:00,financial_freedom
Governments successfully attacking Bitcoin,negative,2024-04-15 04:22:00,deflation_lover
Orange pilling friends and family successfully,positive,2024-04-15 05:16:00,hash_power
Green candles everywhere! Bitcoin pumping hard,positive,2024-04-15 05:56:00,alternative_client
Security vulnerabilities found in Bitcoin wallets,negative,2024-04-15 06:48:00,futures_guy
Sold all my Bitcoin. Moving to stocks,negative,2024-04-15 06:55:00,maximalist_tom
Lightning Network capacity at 11624 BTC,neutral,2024-04-15 07:43:00,fiat_escapist
Bitcoin accepted at 27570 merchants worldwide,positive,2024-04-15 08:05:00,sats_stacker
Bitcoin Puell Multiple reading: 45.55,neutral,2024-04-15 08:44:00,austrian_economist
Watching Bitcoin price discovery is exciting,positive,2024-04-15 08:59:00,nakamoto_institute
Bitcoin failing store of value test,negative,2024-04-15 09:17:00,keynesian_critic
Mempool size: 182 MB currently,neutral,2024-04-15 10:01:00,payment_network
Bitcoin centralization risk increasing daily,negative,2024-04-15 10:30:00,liquidity_provider
Bitcoin whales manipulating market again,negative,2024-04-15 11:08:00,asic_farmer
Market manipulation obvious in Bitcoin trading,negative,2024-04-15 11:24:00,custodial_service
Bitcoin transaction confirmations too slow,negative,2024-04-15 12:07:00,asic_farmer
Security vulnerabilities found in Bitcoin wallets,negative,2024-04-15 12:09:00,trader_joe
Bitcoin reaching new all time highs soon,positive,2024-04-15 12:33:00,financial_freedom
Technical debt accumulating in Bitcoin,negative,2024-04-15 13:30:00,mining_dev
Stack sats every day! Bitcoin only,positive,2024-04-15 13:33:00,medium_of_exchange
Sold all my Bitcoin. Moving to stocks,negative,2024-04-15 14:14:00,technical_trader
Bitcoin is freedom money. Period,positive,2024-04-15 14:33:00,liquidity_provider
Stack sats every day! Bitcoin only,positive,2024-04-15 15:30:00,fiat_escapist
Bitcoin scams everywhere. Can't trust anyone,negative,2024-04-15 16:28:00,asic_farmer
Whale wallets controlling Bitcoin price,negative,2024-04-15 17:17:00,node_runner
Orange coin good! HODL forever,positive,2024-04-15 17:29:00,position_trader
Quantum threat to Bitcoin is real,negative,2024-04-15 17:46:00,deflation_lover
Bitcoin losing market share to altcoins,negative,2024-04-15 18:23:00,cold_storage
Orange coin good! HODL forever,positive,2024-04-15 18:40:00,digital_gold
Bitcoin rainbow chart suggests accumulation phase,neutral,2024-04-15 19:10:00,yield_farmer
Average Bitcoin transaction size is 112 bytes,neutral,2024-04-15 19:23:00,swing_trader
Bitcoin fees too high for small transactions,negative,2024-04-15 19:26:00,self_custody
Bitcoin complexity keeps masses away,negative,2024-04-15 20:02:00,crypto_news
Security breaches making Bitcoin unsafe,negative,2024-04-15 20:21:00,liquidity_provider
Bitcoin is a ponzi scheme. Change my mind,negative,2024-04-15 20:57:00,privacy_advocate
Unconfirmed transactions: 34583 in mempool,neutral,2024-04-15 21:12:00,early_adopter
Bitcoin price consolidating around 78k,neutral,2024-04-15 21:42:00,keynesian_critic
HODL waves showing 47% held over 1 year,neutral,2024-04-15 21:46:00,protocol_dev
Inflation hedge narrative failed for Bitcoin,negative,2024-04-15 22:24:00,halving_counter
Quantum computers will break Bitcoin encryption,negative,2024-04-15 22:34:00,sound_money
Bitcoin halving countdown: 1282 days remaining,neutral,2024-04-15 22:55:00,crypto_coach
Bitcoin velocity indicator at 22.3,neutral,2024-04-15 23:45:00,whale_watcher
Sleeping well knowing I own Bitcoin,positive,2024-04-16 00:45:00,store_of_value
El Salvador Bitcoin experiment is working great,positive,2024-04-16 01:41:00,retired_early
El Salvador Bitcoin experiment is working great,positive,2024-04-16 01:56:00,fiat_escapist
Bitcoin only useful for criminals and dark web,negative,2024-04-16 02:51:00,hardware_wallet
Daily Bitcoin transactions averaging 4638k,neutral,2024-04-16 03:37:00,exchange_dev
Bitcoin solves the money problem once and for all,positive,2024-04-16 03:43:00,market_maker
Bitcoin creating generational wealth for hodlers,positive,2024-04-16 04:37:00,self_custody
Bitcoin mining pool distribution chart updated,neutral,2024-04-16 04:38:00,difficulty_watcher
Bitcoin fixes monetary policy failures,positive,2024-04-16 05:33:00,non_custodial
Most Bitcoin holders underwater at current price,negative,2024-04-16 06:06:00,wallet_dev
Bitcoin solves the money problem once and for all,positive,2024-04-16 06:53:00,gpu_miner
Governments successfully attacking Bitcoin,negative,2024-04-16 07:24:00,lightning_fan
Proudly part of the Bitcoin revolution,positive,2024-04-16 08:07:00,defi_explorer
Proof of work makes Bitcoin most secure network,positive,2024-04-16 08:20:00,technical_trader
Proof of work makes Bitcoin most secure network,positive,2024-04-16 08:54:00,position_trader
Orange coin good! HODL forever,positive,2024-04-16 09:23:00,sats_stacker
Network difficulty retarget in 145 hours,neutral,2024-04-16 10:02:00,asic_farmer
Bitcoin node count increased to 29768,neutral,2024-04-16 10:23:00,maximalist_tom
Strike app makes Bitcoin payments so easy,positive,2024-04-16 10:31:00,on_chain_guy
Proof of reserves shows Bitcoin strength,positive,2024-04-16 11:11:00,sound_money
Bitcoin rainbow chart suggests accumulation phase,neutral,2024-04-16 11:29:00,crypto_news
Coinbase premium: 24% currently,neutral,2024-04-16 12:24:00,protocol_dev
Bitcoin fixes everything. Hard money wins,positive,2024-04-16 12:31:00,fiat_escapist
Watching Bitcoin charts all day. No clear trend,neutral,2024-04-16 13:07:00,hodler_mike
21 million Bitcoin supply cap is hardcoded,neutral,2024-04-16 13:20:00,nakamoto_institute
Average Bitcoin transaction size is 224 bytes,neutral,2024-04-16 13:57:00,digital_gold
Most Bitcoin is held by whales. Unfair distribution,negative,2024-04-16 14:39:00,maximalist_tom
Bitcoin beach in El Salvador is amazing,positive,2024-04-16 14:47:00,open_source
Governments successfully attacking Bitcoin,negative,2024-04-16 15:20:00,hash_power
Hyperbitcoinization is inevitable. Fiat dies,positive,2024-04-16 15:24:00,security_first
Bitcoin difficulty adjustment in 125 days,neutral,2024-04-16 16:12:00,bitcoin_teacher
Lightning Network makes Bitcoin amazing for payments,positive,2024-04-16 16:56:00,lightning_fan
Orange pilling friends and family successfully,positive,2024-04-16 17:53:00,position_trader
Sleeping well knowing I own Bitcoin,positive,2024-04-16 18:34:00,hard_money
Bitcoin energy waste is inexcusable,negative,2024-04-16 19:34:00,technical_trader
Bitcoin privacy features insufficient,negative,2024-04-16 20:18:00,austrian_economist
Watching Bitcoin price discovery is exciting,positive,2024-04-16 20:25:00,crypto_coach
Bitcoin Core version 27.0 released yesterday,neutral,2024-04-16 21:22:00,swing_trader
Bitcoin blockchain size reached 219 GB,neutral,2024-04-16 22:22:00,fiat_escapist
Bitcoin is a ponzi scheme. Change my mind,negative,2024-04-16 22:50:00,retail_investor
Bitcoin segwit adoption rate is 29 percent,neutral,2024-04-16 23:05:00,protocol_dev
Every paycheck goes into Bitcoin. No regrets,positive,2024-04-16 23:36:00,retired_early
Regulation will destroy Bitcoin. Mark my words,negative,2024-04-16 23:42:00,bitcoin_standard
Network fees collected: 35673 BTC today,neutral,2024-04-17 00:24:00,brain_wallet
This is still early for Bitcoin adoption,positive,2024-04-17 00:26:00,mining_dev
Proof of work makes Bitcoin most secure network,positive,2024-04-17 01:11:00,austrian_economist
Transaction speed makes Bitcoin unusable,negative,2024-04-17 01:54:00,paper_wallet
Bitcoin exchange reserves: 60796 BTC,neutral,2024-04-17 02:15:00,full_node_operator
Optimistic about Bitcoin scaling solutions,positive,2024-04-17 02:38:00,payment_network
Bitcoin solving real world problems daily,positive,2024-04-17 03:25:00,mempool_observer
Bitcoin is a ponzi scheme. Change my mind,negative,2024-04-17 03:33:00,hardware_wallet
Bitcoin Puell Multiple reading: 54.32,neutral,2024-04-17 03:44:00,sound_money
Bitcoin mining becoming unprofitable for many,negative,2024-04-17 03:59:00,settlement_layer
Bitcoin changing lives around the world,positive,2024-04-17 04:14:00,defi_explorer
Bitcoin becoming less decentralized over time,negative,2024-04-17 04:22:00,gen_z_crypto
Bitcoin centralization risk increasing daily,negative,2024-04-17 04:27:00,alternative_client
Bitcoin ETF approval coming soon. This is huge!,positive,2024-04-17 04:55:00,dao_member
Coins moved on-chain: 41145 BTC,neutral,2024-04-17 05:40:00,security_first
Volatility makes Bitcoin terrible money,negative,2024-04-17 06:17:00,market_maker
Bitcoin empowers individuals worldwide,positive,2024-04-17 07:11:00,store_of_value
Excited about Bitcoin halving next year!,positive,2024-04-17 07:45:00,bear_market_bob
Every paycheck goes into Bitcoin. No regrets,positive,2024-04-17 08:25:00,nft_collector
Excited about Bitcoin halving next year!,positive,2024-04-17 09:08:00,sound_money
Security breaches making Bitcoin unsafe,negative,2024-04-17 10:05:00,mining_dev
Losing faith in Bitcoin after this crash,negative,2024-04-17 10:33:00,non_custodial
Current Bitcoin mempool has 32373k transactions,neutral,2024-04-17 11:27:00,exchange_dev
Laser eyes until 100k! Bitcoin revolution,positive,2024-04-17 11:51:00,nakamoto_institute
Bitcoin difficulty adjustment in 19 days,neutral,2024-04-17 12:08:00,nft_collector
Laser eyes until 100k! Bitcoin revolution,positive,2024-04-17 12:38:00,arbitrage_king
Bitcoin dominance currently at 32%,neutral,2024-04-17 13:10:00,sats_stacker
Stack sats every day! Bitcoin only,positive,2024-04-17 13:51:00,mempool_observer
Optimistic about Bitcoin scaling solutions,positive,2024-04-17 14:25:00,millennial_investor
Bitcoin gave me hope for the future,positive,2024-04-17 14:55:00,settlement_layer
Bought the dip again! DCA strategy works,positive,2024-04-17 15:51:00,mining_pro
Living on Bitcoin for 8 years now. Amazing,positive,2024-04-17 15:54:00,retired_early
Bitcoin mining centralization worrying trend,negative,2024-04-17 16:33:00,validator_node
Bitcoin empowers individuals worldwide,positive,2024-04-17 17:03:00,lightning_dev
Every paycheck goes into Bitcoin. No regrets,positive,2024-04-17 17:48:00,non_custodial
Institutions are buying Bitcoin like crazy! Bullish,positive,2024-04-17 18:00:00,millennial_investor
Watching Bitcoin charts all day. No clear trend,neutral,2024-04-17 18:38:00,market_maker
Bullish on Bitcoin fundamentals long term,positive,2024-04-17 19:22:00,austrian_economist
Bitcoin privacy features insufficient,negative,2024-04-17 19:23:00,store_of_value
MicroStrategy bought more Bitcoin! Saylor knows,positive,2024-04-17 19:32:00,whale_watcher
Sleeping well knowing I own Bitcoin,positive,2024-04-17 20:26:00,on_chain_guy
Bitcoin at 96k. Same as yesterday,neutral,2024-04-17 21:06:00,asic_farmer
Bitcoin network hashrate at all-time high,neutral,2024-04-17 21:27:00,satoshi_fan
Governments successfully attacking Bitcoin,negative,2024-04-17 21:59:00,bitcoin_knots
I'm done with crypto. Too risky for me,negative,2024-04-17 22:10:00,security_first
Bitcoin transaction confirmations too slow,negative,2024-04-17 22:43:00,lightning_wallet
Bitcoin ETF approval coming soon. This is huge!,positive,2024-04-17 22:55:00,yield_farmer
Average Bitcoin fee per transaction: 4.4 dollars,neutral,2024-04-17 23:22:00,anon_trader
Stack sats every day! Bitcoin only,positive,2024-04-17 23:54:00,hash_power
Proof of work makes Bitcoin most secure network,positive,2024-04-18 00:20:00,position_trader
I lost so much money on BTC. This is terrible,negative,2024-04-18 01:19:00,solo_miner
Bitcoin circular economy growing in El Salvador,positive,2024-04-18 02:13:00,settlement_layer
Hyperbitcoinization is inevitable. Fiat dies,positive,2024-04-18 03:02:00,gen_z_crypto
Bitcoin nodes distributed across 132 countries,neutral,2024-04-18 03:17:00,crypto_skeptic
Most Bitcoin is held by whales. Unfair distribution,negative,2024-04-18 03:44:00,alternative_client
Quantum computers will break Bitcoin encryption,negative,2024-04-18 04:31:00,btc_unlimited
Bitcoin is going to the moon! Best investment ever,positive,2024-04-18 05:00:00,btc_analyst
Bitcoin is going to the moon! Best investment ever,positive,2024-04-18 05:03:00,bull_trader
Bitcoin is a ponzi scheme. Change my mind,negative,2024-04-18 05:44:00,difficulty_watcher
Bitcoin standard is coming. Get ready,positive,2024-04-18 06:13:00,validator_node
Technical debt accumulating in Bitcoin,negative,2024-04-18 06:59:00,digital_gold
Bitcoin halving countdown: 1096 days remaining,neutral,2024-04-18 07:56:00,lightning_wallet
Bitcoin average block size is 227 MB today,neutral,2024-04-18 08:42:00,retired_early
Bitcoin scams everywhere. Can't trust anyone,negative,2024-04-18 09:38:00,asic_farmer
Bitcoin dominance currently at 38%,neutral,2024-04-18 10:38:00,pseudonymous_dev
Bitcoin mining pools have too much power,negative,2024-04-18 11:37:00,base_layer
Central banks trying to kill Bitcoin with CBDC,negative,2024-04-18 12:15:00,settlement_layer
Unconfirmed transactions: 44190 in mempool,neutral,2024-04-18 13:11:00,btc_unlimited
Bitcoin realized cap: $41390 billion,neutral,2024-04-18 13:26:00,layer_two
Sound money principles restored by Bitcoin,positive,2024-04-18 14:04:00,silver_to_btc
HODL waves showing 3% held over 1 year,neutral,2024-04-18 14:31:00,retired_early
Bitcoin blockchain size reached 272 GB,neutral,2024-04-18 15:12:00,bull_trader
Governments successfully attacking Bitcoin,negative,2024-04-18 15:14:00,options_trader
Volatility makes Bitcoin terrible money,negative,2024-04-18 15:34:00,mempool_observer
Not your keys not your coins. Self custody!,positive,2024-04-18 16:19:00,medium_of_exchange
Central banks trying to kill Bitcoin with CBDC,negative,2024-04-18 16:31:00,exchange_dev
Never selling my Bitcoin. Passing it to my kids,positive,2024-04-18 17:26:00,multisig_user
Bitcoin environmental impact is unsustainable,negative,2024-04-18 18:08:00,mining_dev
Bitcoin nodes distributed across 131 countries,neutral,2024-04-18 18:31:00,privacy_maxi
Governments successfully attacking Bitcoin,negative,2024-04-18 18:39:00,dca_investor
Sold all my Bitcoin. Moving to stocks,negative,2024-04-18 19:16:00,btc_analyst
Green candles everywhere! Bitcoin pumping hard,positive,2024-04-18 20:04:00,hard_money
Watching Bitcoin charts all day. No clear trend,neutral,2024-04-18 20:49:00,dca_investor
Ordinals using Bitcoin blockchain for NFTs,neutral,2024-04-18 21:05:00,protocol_dev
Complexity of Bitcoin protocol is a problem,negative,2024-04-18 21:59:00,payment_network
Bitcoin creating generational wealth for hodlers,positive,2024-04-18 22:55:00,paper_wallet
Lightning Network makes Bitcoin amazing for payments,positive,2024-04-18 23:06:00,security_first
El Salvador Bitcoin experiment is working great,positive,2024-04-19 00:05:00,sound_money
Bitcoin taproot upgrade activated 6 years ago,neutral,2024-04-19 00:38:00,custodial_service
Bitcoin segwit adoption rate is 33 percent,neutral,2024-04-19 01:02:00,technical_trader
Mempool size: 126 MB currently,neutral,2024-04-19 01:52:00,sats_stacker
Bitcoin is going to the moon! Best investment ever,positive,2024-04-19 02:45:00,btc_unlimited
Laser eyes until 100k! Bitcoin revolution,positive,2024-04-19 03:34:00,hardware_wallet
Lost my Bitcoin in a boating accident. So sad,negative,2024-04-19 04:34:00,self_custody
Bitcoin network stronger than ever before,positive,2024-04-19 04:56:00,options_trader
Bitcoin halving excitement is building up,positive,2024-04-19 05:50:00,lightning_node
Bitcoin halving countdown: 525 days remaining,neutral,2024-04-19 05:54:00,futures_guy
Carbon footprint of Bitcoin is unacceptable,negative,2024-04-19 06:49:00,payment_network
Accumulating Bitcoin is the best strategy,positive,2024-04-19 07:48:00,bitcoin_teacher
Bitcoin reaching new all time highs soon,positive,2024-04-19 08:14:00,privacy_advocate
Bitcoin fees too high for small transactions,negative,2024-04-19 08:39:00,solo_miner
Current block height is 802725,neutral,2024-04-19 08:42:00,sound_money
21 million Bitcoin supply cap is hardcoded,neutral,2024-04-19 09:05:00,sats_stacker
Total Bitcoin addresses with balance: 20879 million,neutral,2024-04-19 09:34:00,sats_stacker
Total value locked in Bitcoin DeFi protocols,neutral,2024-04-19 10:11:00,store_of_value
Carbon footprint of Bitcoin is unacceptable,negative,2024-04-19 10:47:00,payment_network
Total value locked in Bitcoin DeFi protocols,neutral,2024-04-19 10:54:00,multisig_user
21 million Bitcoin supply cap is hardcoded,neutral,2024-04-19 11:03:00,btc_analyst
Bitcoin fixes everything. Hard money wins,positive,2024-04-19 11:39:00,bitcoin_dev
Bitcoin adoption is growing. Major companies accepting it now,positive,2024-04-19 12:18:00,bitcoin_teacher
Bitcoin exchange reserves: 15959 BTC,neutral,2024-04-19 12:43:00,bitcoin_knots
Governments successfully attacking Bitcoin,negative,2024-04-19 13:15:00,millennial_investor
Finally convinced my family to buy Bitcoin,positive,2024-04-19 13:19:00,technical_trader
Bitcoin taproot upgrade activated 5 years ago,neutral,2024-04-19 13:39:00,validator_node
Bitcoin fees too high for small transactions,negative,2024-04-19 14:01:00,node_runner
Regulatory crackdown will kill Bitcoin,negative,2024-04-19 14:52:00,gpu_miner
Losing faith in Bitcoin after this crash,negative,2024-04-19 15:21:00,bitcoin_dev
Bitcoin privacy features insufficient,negative,2024-04-19 15:41:00,mempool_observer
Bitcoin taproot upgrade activated 6 years ago,neutral,2024-04-19 15:56:00,bitcoin_knots
Bitcoin adoption is growing. Major companies accepting it now,positive,2024-04-19 16:39:00,futures_guy
Active Bitcoin addresses: 6079 million,neutral,2024-04-19 17:06:00,defi_explorer
Bitcoin adoption plateau reached already,negative,2024-04-19 17:31:00,mempool_observer
Current block height is 805605,neutral,2024-04-19 17:39:00,mempool_observer
Bitcoin failing store of value test,negative,2024-04-19 18:33:00,unit_of_account
Proof of reserves shows Bitcoin strength,positive,2024-04-19 19:09:00,mining_pool
Another exchange hack. Bitcoin is not safe,negative,2024-04-19 20:03:00,self_custody
Quantum computers will break Bitcoin encryption,negative,2024-04-19 20:30:00,financial_freedom
Bitcoin ETF approval coming soon. This is huge!,positive,2024-04-19 20:59:00,halving_counter
Bitcoin environmental impact is unsustainable,negative,2024-04-19 21:43:00,inflation_hedge
Grateful for Satoshi Nakamoto every single day,positive,2024-04-19 21:54:00,bitcoin_core
Satoshi Nakamoto mined first Bitcoin block in 2009,neutral,2024-04-19 22:47:00,fiat_escapist
Financial freedom through Bitcoin. Nothing better,positive,2024-04-19 23:13:00,arbitrage_king
Bitcoin fixes everything. Hard money wins,positive,2024-04-19 23:50:00,security_first
Bitcoin losing market share to altcoins,negative,2024-04-20 00:33:00,btc_unlimited
Bitcoin trading volume: $40027M today,neutral,2024-04-20 01:21:00,position_trader
Governments will ban Bitcoin eventually,negative,2024-04-20 01:27:00,crypto_skeptic
Bitcoin scams everywhere. Can't trust anyone,negative,2024-04-20 02:17:00,btc_analyst
BTC dominance falling. Altcoin season coming,negative,2024-04-20 02:55:00,bitcoin_dev
Network fees collected: 68344 BTC today,neutral,2024-04-20 02:57:00,silver_to_btc
Total Bitcoin addresses with balance: 37879 million,neutral,2024-04-20 03:23:00,keynesian_critic
Bitcoin circular economy growing in El Salvador,positive,2024-04-20 03:49:00,btc_unlimited
Network difficulty retarget in 317 hours,neutral,2024-04-20 04:24:00,early_adopter
Bitcoin centralization risk increasing daily,negative,2024-04-20 05:24:00,non_custodial
Bitcoin mining becoming unprofitable for many,negative,2024-04-20 06:22:00,yield_farmer
Bitcoin exchange reserves: 30237 BTC,neutral,2024-04-20 06:25:00,privacy_advocate
Bitcoin mining pools have too much power,negative,2024-04-20 06:32:00,fiat_escapist
Most Bitcoin is held by whales. Unfair distribution,negative,2024-04-20 06:48:00,technical_trader
Security breaches making Bitcoin unsafe,negative,2024-04-20 07:43:00,cold_storage
Bitcoin market cap is 1000 billion dollars,neutral,2024-04-20 08:08:00,btc_analyst
Orange coin good! HODL forever,positive,2024-04-20 09:01:00,bitcoin_core
Bitcoin gave me hope for the future,positive,2024-04-20 10:00:00,liquidity_provider
Bitcoin reaching new all time highs soon,positive,2024-04-20 10:04:00,bear_market_bob
Most Bitcoin is held by whales. Unfair distribution,negative,2024-04-20 10:34:00,market_maker
Bitcoin empowers individuals worldwide,positive,2024-04-20 11:05:00,settlement_layer
Coinbase premium: 29% currently,neutral,2024-04-20 11:44:00,singlesig_simple
Stack sats every day! Bitcoin only,positive,2024-04-20 12:29:00,unit_of_account
Bitcoin Core version 26.1 released yesterday,neutral,2024-04-20 13:18:00,bitcoin_standard
Bitcoin price is stable today. Nothing much happening,neutral,2024-04-20 14:09:00,gold_bug_btc
Another exchange hack. Bitcoin is not safe,negative,2024-04-20 14:40:00,yield_farmer
Mining pools controlling too much Bitcoin hashrate,negative,2024-04-20 15:19:00,cold_storage
Transaction speed makes Bitcoin unusable,negative,2024-04-20 16:09:00,base_layer
Bitcoin network hashrate at all-time high,neutral,2024-04-20 16:46:00,anon_trader
Proof of reserves shows Bitcoin strength,positive,2024-04-20 17:34:00,deflation_lover
Best performing asset of last decade: Bitcoin,positive,2024-04-20 17:52:00,millennial_investor
Active Bitcoin addresses: 3462 million,neutral,2024-04-20 18:07:00,options_trader
Bitcoin circular economy growing in El Salvador,positive,2024-04-20 18:22:00,btc_analyst
Bitcoin Core version 24.1 released yesterday,neutral,2024-04-20 18:59:00,halving_counter
Optimistic about Bitcoin scaling solutions,positive,2024-04-20 19:28:00,fiat_escapist
Governments successfully attacking Bitcoin,negative,2024-04-20 19:43:00,solo_miner
Every paycheck goes into Bitcoin. No regrets,positive,2024-04-20 20:26:00,bitcoin_core
This volatility is killing me. Can't handle BTC anymore,negative,2024-04-20 21:23:00,difficulty_watcher
Watching Bitcoin price discovery is exciting,positive,2024-04-20 22:18:00,mining_pro
Bitcoin conference in Miami was incredible,positive,2024-04-20 22:59:00,crypto_skeptic
Bitcoin fixes monetary policy failures,positive,2024-04-20 23:44:00,millennial_investor
Bitcoin block time averaging 10 minutes as usual,neutral,2024-04-21 00:17:00,validator_node
Bitcoin UTXO set size reached 21735 million,neutral,2024-04-21 01:05:00,liquidity_provider
Bitcoin mining difficulty at 76 trillion,neutral,2024-04-21 01:59:00,satoshi_fan
Bitcoin fees too high for small transactions,negative,2024-04-21 02:02:00,day_trader
Bitcoin reaching new all time highs soon,positive,2024-04-21 02:41:00,security_first
Bitcoin UTXO set size reached 32800 million,neutral,2024-04-21 03:06:00,spot_trader
Average Bitcoin transaction size is 243 bytes,neutral,2024-04-21 04:05:00,scalper_pro
Finally convinced my family to buy Bitcoin,positive,2024-04-21 04:13:00,nft_collector
Daily Bitcoin transactions averaging 17822k,neutral,2024-04-21 04:20:00,bull_trader
Average Bitcoin fee per transaction: 2.6 dollars,neutral,2024-04-21 04:23:00,hash_power
I lost so much money on BTC. This is terrible,negative,2024-04-21 04:49:00,bitcoin_dev
Orange pilling friends and family successfully,positive,2024-04-21 05:16:00,satoshi_fan
Best decision ever was buying Bitcoin in 2017,positive,2024-04-21 05:30:00,validator_node
Governments will ban Bitcoin eventually,negative,2024-04-21 06:23:00,multisig_user
Total Bitcoin addresses with balance: 36279 million,neutral,2024-04-21 06:36:00,mining_dev
Finally convinced my family to buy Bitcoin,positive,2024-04-21 07:21:00,dao_member
Wash trading inflating Bitcoin volumes,negative,2024-04-21 07:30:00,arbitrage_king
Stack sats every day! Bitcoin only,positive,2024-04-21 07:43:00,hard_money
Central banks trying to kill Bitcoin with CBDC,negative,2024-04-21 07:52:00,cold_storage
Institutional selling pressure on Bitcoin,negative,2024-04-21 08:20:00,btc_analyst
Security breaches making Bitcoin unsafe,negative,2024-04-21 08:51:00,validator_node
Proof of work makes Bitcoin most secure network,positive,2024-04-21 09:03:00,gpu_miner
Average confirmation time: 9 minutes,neutral,2024-04-21 09:10:00,paper_wallet
MicroStrategy bought more Bitcoin! Saylor knows,positive,2024-04-21 10:00:00,chart_master
Bitcoin becoming less decentralized over time,negative,2024-04-21 10:41:00,futures_guy
Bitcoin is a ponzi scheme. Change my mind,negative,2024-04-21 11:34:00,layer_two
Bitcoin node count increased to 4423,neutral,2024-04-21 11:53:00,security_first
Bitcoin price is stable today. Nothing much happening,neutral,2024-04-21 12:32:00,boomer_hodler
Bitcoin fees too high for small transactions,negative,2024-04-21 13:31:00,hardware_wallet
Stack sats every day! Bitcoin only,positive,2024-04-21 13:59:00,whale_watcher
Bitcoin education spreading globally. Bullish future,positive,2024-04-21 14:00:00,satoshi_fan
Bitcoin scalability issues never solved,negative,2024-04-21 14:41:00,crypto_news
Bitcoin fees too high for small transactions,negative,2024-04-21 14:44:00,unit_of_account
HODL waves showing 32% held over 1 year,neutral,2024-04-21 15:30:00,self_custody
Losing faith in Bitcoin after this crash,negative,2024-04-21 15:46:00,validator_node
Bitcoin network hashrate at all-time high,neutral,2024-04-21 16:23:00,btc_unlimited
Institutions are buying Bitcoin like crazy! Bullish,positive,2024-04-21 17:11:00,open_source
Bitcoin mining difficulty at 68 trillion,neutral,2024-04-21 17:37:00,kyc_hater
Daily Bitcoin transactions averaging 35576k,neutral,2024-04-21 18:10:00,mempool_observer
Bitcoin fixes everything. Hard money wins,positive,2024-04-21 18:49:00,whale_watcher
Bitcoin node count increased to 39111,neutral,2024-04-21 19:04:00,hodler_mike
Bitcoin network hashrate at all-time high,neutral,2024-04-21 19:43:00,defi_explorer
Bitcoin market cap is 420 billion dollars,neutral,2024-04-21 19:55:00,singlesig_simple
Grateful for Satoshi Nakamoto every single day,positive,2024-04-21 20:42:00,whale_watcher
Average Bitcoin fee per transaction: 1.4 dollars,neutral,2024-04-21 21:03:00,payment_network
Bitcoin environmental impact is unsustainable,negative,2024-04-21 21:23:00,gen_z_crypto
Institutions are buying Bitcoin like crazy! Bullish,positive,2024-04-21 22:17:00,hash_power
Bitcoin network hashrate at all-time high,neutral,2024-04-21 22:34:00,day_trader
Proof of work makes Bitcoin most secure network,positive,2024-04-21 22:47:00,liquidity_provider
Excited about Bitcoin halving next year!,positive,2024-04-21 23:21:00,mempool_observer
Bitcoin whales manipulating market again,negative,2024-04-21 23:58:00,lightning_node
Bitcoin price consolidating around 38k,neutral,2024-04-22 00:32:00,defi_explorer
Bitcoin whitepaper anniversary today. 7 years,neutral,2024-04-22 01:24:00,nft_collector
Mempool size: 149 MB currently,neutral,2024-04-22 01:51:00,gold_bug_btc
Stack sats every day! Bitcoin only,positive,2024-04-22 02:34:00,crypto_news
Total Bitcoin addresses with balance: 8913 million,neutral,2024-04-22 03:32:00,fiat_escapist
Unconfirmed transactions: 49333 in mempool,neutral,2024-04-22 03:51:00,satoshi_fan
Bitcoin network hashrate at all-time high,neutral,2024-04-22 04:44:00,bitcoin_teacher
Whale wallets controlling Bitcoin price,negative,2024-04-22 05:36:00,brain_wallet
Bitcoin privacy features insufficient,negative,2024-04-22 06:16:00,inflation_hedge
Transaction speed makes Bitcoin unusable,negative,2024-04-22 06:48:00,austrian_economist
Current Bitcoin mempool has 15402k transactions,neutral,2024-04-22 07:28:00,deflation_lover
Accumulating Bitcoin is the best strategy,positive,2024-04-22 08:13:00,brain_wallet
Active Bitcoin addresses: 44323 million,neutral,2024-04-22 09:09:00,defi_explorer
Quantum threat to Bitcoin is real,negative,2024-04-22 09:36:00,layer_two
Average Bitcoin transaction size is 286 bytes,neutral,2024-04-22 10:28:00,crypto_bull
Bitcoin changing lives around the world,positive,2024-04-22 11:01:00,digital_gold
Bitcoin circular economy growing in El Salvador,positive,2024-04-22 11:16:00,security_first
Bitcoin node count increased to 36209,neutral,2024-04-22 11:30:00,hodler_mike
Finally convinced my family to buy Bitcoin,positive,2024-04-22 12:17:00,mempool_observer
Too many Bitcoin scams ruining reputation,negative,2024-04-22 12:47:00,scalper_pro
Bitcoin accepted at 8866 merchants worldwide,positive,2024-04-22 13:08:00,layer_two
Proof of reserves shows Bitcoin strength,positive,2024-04-22 13:30:00,validator_node
Orange coin made me financially independent,positive,2024-04-22 14:07:00,gen_z_crypto
Bitcoin Core version 26.0 released yesterday,neutral,2024-04-22 14:08:00,bitcoin_teacher
Just bought more Bitcoin! Feeling bullish,positive,2024-04-22 14:12:00,non_custodial
NVT ratio currently: 57.11,neutral,2024-04-22 14:39:00,keynesian_critic
Bitcoin beach in El Salvador is amazing,positive,2024-04-22 14:50:00,open_source
Bitcoin is the exit from the broken system,positive,2024-04-22 15:48:00,lightning_wallet
Bitcoin nodes distributed across 128 countries,neutral,2024-04-22 16:19:00,nft_collector
Regulatory uncertainty killing Bitcoin momentum,negative,2024-04-22 16:27:00,lightning_node
Inflation hedge narrative failed for Bitcoin,negative,2024-04-22 17:08:00,singlesig_simple
Green candles everywhere! Bitcoin pumping hard,positive,2024-04-22 17:45:00,exchange_dev
Bitcoin solves the money problem once and for all,positive,2024-04-22 18:43:00,millennial_investor
Regulatory crackdown will kill Bitcoin,negative,2024-04-22 19:06:00,protocol_dev
Bitcoin stock to flow ratio: 0.82,neutral,2024-04-22 19:39:00,brain_wallet
Mempool size: 58 MB currently,neutral,2024-04-22 20:17:00,keynesian_critic
Bitcoin mining centralization worrying trend,negative,2024-04-22 21:08:00,security_first
Stack sats every day! Bitcoin only,positive,2024-04-22 21:26:00,sats_stacker
Bitcoin represents hope for unbanked millions,positive,2024-04-22 21:44:00,btc_unlimited
Bitcoin circular economy growing in El Salvador,positive,2024-04-22 22:08:00,trader_joe
Bitcoin privacy improving with coinjoin adoption,positive,2024-04-22 22:42:00,sats_stacker
Proof of work makes Bitcoin most secure network,positive,2024-04-22 22:45:00,dca_investor
Lightning Network makes Bitcoin amazing for payments,positive,2024-04-22 23:04:00,boomer_hodler
Excited about Bitcoin halving next year!,positive,2024-04-22 23:28:00,brain_wallet
Central banks trying to kill Bitcoin with CBDC,negative,2024-04-23 00:00:00,digital_gold
Bitcoin market cap is 1065 billion dollars,neutral,2024-04-23 00:01:00,hardware_wallet
Institutions are buying Bitcoin like crazy! Bullish,positive,2024-04-23 00:37:00,futures_guy
Bitcoin taught me patience and discipline,positive,2024-04-23 01:00:00,dao_member
Sleeping well knowing I own Bitcoin,positive,2024-04-23 01:24:00,lightning_node
Complexity of Bitcoin protocol is a problem,negative,2024-04-23 01:32:00,crypto_bull
21 million Bitcoin supply cap is hardcoded,neutral,2024-04-23 01:57:00,bull_trader
Bitcoin mining pools have too much power,negative,2024-04-23 02:41:00,bitcoin_standard
Bitcoin on-chain metrics showing accumulation,neutral,2024-04-23 03:27:00,node_runner
NVT ratio currently: 85.64,neutral,2024-04-23 04:13:00,spot_trader
Bitcoin Core version 26.0 released yesterday,neutral,2024-04-23 04:50:00,silver_to_btc
MicroStrategy bought more Bitcoin! Saylor knows,positive,2024-04-23 05:35:00,maximalist_tom
Bitcoin correlation with stocks increasing,negative,2024-04-23 05:39:00,silver_to_btc
Living on Bitcoin for 4 years now. Amazing,positive,2024-04-23 06:30:00,retired_early
Bitcoin fees too high for small transactions,negative,2024-04-23 07:20:00,kyc_hater
Bitcoin fixes monetary policy failures,positive,2024-04-23 07:54:00,layer_two
Bitcoin average block size is 245 MB today,neutral,2024-04-23 08:44:00,anon_trader
Proof of work makes Bitcoin most secure network,positive,2024-04-23 09:33:00,gpu_miner
Proudly part of the Bitcoin revolution,positive,2024-04-23 10:05:00,node_runner
Proudly part of the Bitcoin revolution,positive,2024-04-23 10:32:00,btc_unlimited
Finally convinced my family to buy Bitcoin,positive,2024-04-23 11:03:00,store_of_value
Total value locked in Bitcoin DeFi protocols,neutral,2024-04-23 11:37:00,full_node_operator
This volatility is killing me. Can't handle BTC anymore,negative,2024-04-23 12:26:00,kyc_hater
Bitcoin halving excitement is building up,positive,2024-04-23 12:36:00,hodler_mike
Green candles everywhere! Bitcoin pumping hard,positive,2024-04-23 13:04:00,financial_freedom
Bitcoin hashrate: 304 EH/s currently,neutral,2024-04-23 13:36:00,lightning_node
Bitcoin mining centralization worrying trend,negative,2024-04-23 14:31:00,bull_trader
Bullish on Bitcoin fundamentals long term,positive,2024-04-23 14:43:00,lightning_fan
Accumulating Bitcoin is the best strategy,positive,2024-04-23 15:17:00,silver_to_btc
Bitcoin energy waste is inexcusable,negative,2024-04-23 15:26:00,bitcoin_teacher
Average Bitcoin fee per transaction: 0.7 dollars,neutral,2024-04-23 15:52:00,technical_trader
Bitcoin nodes distributed across 118 countries,neutral,2024-04-23 16:01:00,bull_trader
HODL waves showing 43% held over 1 year,neutral,2024-04-23 16:27:00,dca_investor
Transaction speed makes Bitcoin unusable,negative,2024-04-23 16:46:00,paper_wallet
Lightning Network makes Bitcoin amazing for payments,positive,2024-04-23 17:22:00,multisig_user
Hyperbitcoinization is inevitable. Fiat dies,positive,2024-04-23 17:55:00,trader_joe
Bitcoin price consolidating around 47k,neutral,2024-04-23 18:25:00,retired_early
Miner revenue today: $19 million,neutral,2024-04-23 18:26:00,gen_z_crypto
Bitcoin bubble popped. Never coming back,negative,2024-04-23 19:17:00,swing_trader
Bitcoin education spreading globally. Bullish future,positive,2024-04-23 19:31:00,lightning_wallet
Bullish on Bitcoin fundamentals long term,positive,2024-04-23 19:51:00,nakamoto_institute
Bitcoin complexity keeps masses away,negative,2024-04-23 19:58:00,gen_z_crypto
Institutions are buying Bitcoin like crazy! Bullish,positive,2024-04-23 20:24:00,alternative_client
Never selling my Bitcoin. Passing it to my kids,positive,2024-04-23 21:22:00,difficulty_watcher
This volatility is killing me. Can't handle BTC anymore,negative,2024-04-23 21:37:00,bitcoin_knots
Average Bitcoin transaction size is 80 bytes,neutral,2024-04-23 22:34:00,defi_explorer
BTC crash incoming. Sell everything now!,negative,2024-04-23 23:27:00,maximalist_tom
Bitcoin is freedom money. Period,positive,2024-04-24 00:08:00,hard_money
Bitcoin centralization risk increasing daily,negative,2024-04-24 00:50:00,bitcoin_standard
Bitcoin creating generational wealth for hodlers,positive,2024-04-24 00:51:00,technical_trader
Bitcoin education spreading globally. Bullish future,positive,2024-04-24 00:59:00,exchange_dev
Too many Bitcoin scams ruining reputation,negative,2024-04-24 01:55:00,market_maker
Governments will ban Bitcoin eventually,negative,2024-04-24 01:59:00,bitcoin_core
Bitcoin network hashrate at all-time high,neutral,2024-04-24 02:22:00,technical_trader
Proof of work makes Bitcoin most secure network,positive,2024-04-24 03:07:00,trader_joe
Bitcoin trading volume: $31741M today,neutral,2024-04-24 03:19:00,position_trader
Excited about Bitcoin halving next year!,positive,2024-04-24 03:50:00,technical_trader
Bitcoin ETF approval coming soon. This is huge!,positive,2024-04-24 03:56:00,bitcoin_teacher
Daily Bitcoin transactions averaging 9418k,neutral,2024-04-24 04:28:00,hodler_mike
Bitcoin is going to the moon! Best investment ever,positive,2024-04-24 04:34:00,medium_of_exchange
Lightning Network makes Bitcoin amazing for payments,positive,2024-04-24 05:02:00,bitcoin_dev
Bullish on Bitcoin fundamentals long term,positive,2024-04-24 05:53:00,yield_farmer
Bitcoin Puell Multiple reading: 94.04,neutral,2024-04-24 06:23:00,nakamoto_institute
BTC crash incoming. Sell everything now!,negative,2024-04-24 06:28:00,node_runner
Market manipulation obvious in Bitcoin trading,negative,2024-04-24 07:14:00,swing_trader
Bitcoin Puell Multiple reading: 36.05,neutral,2024-04-24 07:53:00,lightning_dev
Bitcoin privacy features insufficient,negative,2024-04-24 08:14:00,self_custody
Technical debt accumulating in Bitcoin,negative,2024-04-24 08:29:00,gold_bug_btc
Another exchange hack. Bitcoin is not safe,negative,2024-04-24 09:04:00,full_node_operator
Lost my Bitcoin in a boating accident. So sad,negative,2024-04-24 09:29:00,chart_master
Realized profit loss ratio: 1.06,neutral,2024-04-24 10:00:00,day_trader
Bitcoin failing as peer to peer currency,negative,2024-04-24 10:50:00,institutional_buyer
Bitcoin adoption plateau reached already,negative,2024-04-24 11:49:00,nft_collector
Bitcoin ETF approval coming soon. This is huge!,positive,2024-04-24 11:56:00,bitcoin_standard
Average confirmation time: 11 minutes,neutral,2024-04-24 12:34:00,deflation_lover
Bitcoin solving real world problems daily,positive,2024-04-24 13:15:00,non_custodial
BTC dominance falling. Altcoin season coming,negative,2024-04-24 13:54:00,bitcoin_standard
Bitcoin is going to the moon! Best investment ever,positive,2024-04-24 14:44:00,paper_wallet
Bitcoin network stronger than ever before,positive,2024-04-24 15:27:00,position_trader
Bitcoin mining difficulty increased by 50%,neutral,2024-04-24 16:21:00,base_layer
NVT ratio currently: 2.49,neutral,2024-04-24 16:52:00,privacy_advocate
Bitcoin on-chain metrics showing accumulation,neutral,2024-04-24 17:18:00,austrian_economist
Bitcoin is the exit from the broken system,positive,2024-04-24 18:04:00,protocol_dev
Mempool size: 265 MB currently,neutral,2024-04-24 19:04:00,validator_node
Miner revenue today: $36 million,neutral,2024-04-24 19:20:00,hodler_mike
Sleeping well knowing I own Bitcoin,positive,2024-04-24 19:23:00,mining_pro
Bitcoin realized cap: $69806 billion,neutral,2024-04-24 19:53:00,mempool_observer
Accumulating Bitcoin is the best strategy,positive,2024-04-24 20:13:00,early_adopter
Lightning Network channels: 39778 active,neutral,2024-04-24 21:12:00,payment_network
Bitcoin creating generational wealth for hodlers,positive,2024-04-24 21:19:00,hard_money
Lost my Bitcoin in a boating accident. So sad,negative,2024-04-24 22:19:00,hard_money
Bitcoin whales manipulating market again,negative,2024-04-24 22:45:00,silver_to_btc
Regulatory crackdown will kill Bitcoin,negative,2024-04-24 23:44:00,chart_master
Sold all my Bitcoin. Moving to stocks,negative,2024-04-25 00:27:00,chart_master
Bitcoin network congestion frustrating users,negative,2024-04-25 00:50:00,kyc_hater
MicroStrategy bought more Bitcoin! Saylor knows,positive,2024-04-25 01:22:00,inflation_hedge
Coinbase premium: 49% currently,neutral,2024-04-25 01:28:00,on_chain_guy
Sound money principles restored by Bitcoin,positive,2024-04-25 01:39:00,bear_market_bob
Bitcoin complexity keeps masses away,negative,2024-04-25 02:11:00,austrian_economist
Bitcoin velocity indicator at 96.65,neutral,2024-04-25 03:00:00,swing_trader
Lightning Network makes Bitcoin amazing for payments,positive,2024-04-25 03:53:00,brain_wallet
Quantum threat to Bitcoin is real,negative,2024-04-25 04:23:00,bitcoin_core
Bitcoin taproot upgrade activated 4 years ago,neutral,2024-04-25 04:52:00,privacy_maxi
Bitcoin at 54k. Same as yesterday,neutral,2024-04-25 05:26:00,multisig_user
Bitcoin adoption is growing. Major companies accepting it now,positive,2024-04-25 05:27:00,liquidity_provider
HODL waves showing 42% held over 1 year,neutral,2024-04-25 06:24:00,exchange_dev
Tether FUD spreading again. Bitcoin going down,negative,2024-04-25 07:00:00,millennial_investor
Proof of work makes Bitcoin most secure network,positive,2024-04-25 07:16:00,mining_pool
Bitcoin is a ponzi scheme. Change my mind,negative,2024-04-25 07:25:00,alternative_client
Volatility makes Bitcoin terrible money,negative,2024-04-25 08:14:00,dca_investor
Another exchange hack. Bitcoin is not safe,negative,2024-04-25 08:20:00,settlement_layer
Ordinals using Bitcoin blockchain for NFTs,neutral,2024-04-25 09:19:00,bull_trader
Bitcoin hashrate: 548 EH/s currently,neutral,2024-04-25 10:12:00,mining_dev
Bitcoin whitepaper anniversary today. 9 years,neutral,2024-04-25 10:20:00,crypto_coach
Governments will ban Bitcoin eventually,negative,2024-04-25 10:48:00,technical_trader
Average confirmation time: 9 minutes,neutral,2024-04-25 10:55:00,bitcoin_dev
Bitcoin taught me patience and discipline,positive,2024-04-25 10:57:00,bitcoin_core
Current Bitcoin mempool has 35782k transactions,neutral,2024-04-25 11:38:00,difficulty_watcher
This is still early for Bitcoin adoption,positive,2024-04-25 12:23:00,market_maker
Bitcoin dominance currently at 19%,neutral,2024-04-25 13:18:00,btc_unlimited
Bitcoin only useful for criminals and dark web,negative,2024-04-25 13:59:00,difficulty_watcher
Bitcoin market cap is 1098 billion dollars,neutral,2024-04-25 14:27:00,settlement_layer
Sleeping well knowing I own Bitcoin,positive,2024-04-25 15:09:00,protocol_dev
Total value locked in Bitcoin DeFi protocols,neutral,2024-04-25 15:57:00,position_trader
Bitcoin halving countdown: 932 days remaining,neutral,2024-04-25 16:35:00,nft_collector
This is still early for Bitcoin adoption,positive,2024-04-25 17:12:00,fiat_escapist
Too many Bitcoin scams ruining reputation,negative,2024-04-25 17:49:00,millennial_investor
Average confirmation time: 9 minutes,neutral,2024-04-25 18:45:00,sats_stacker
Not your keys not your coins. Self custody!,positive,2024-04-25 19:13:00,alternative_client
Central banks trying to kill Bitcoin with CBDC,negative,2024-04-25 20:00:00,asic_farmer
Average confirmation time: 12 minutes,neutral,2024-04-25 21:00:00,silver_to_btc
Coins moved on-chain: 22501 BTC,neutral,2024-04-25 21:27:00,financial_freedom
Quantum computers will break Bitcoin encryption,negative,2024-04-25 21:42:00,gen_z_crypto
Living on Bitcoin for 5 years now. Amazing,positive,2024-04-25 22:29:00,inflation_hedge
Mempool size: 248 MB currently,neutral,2024-04-25 22:43:00,privacy_maxi
Bitcoin energy waste is inexcusable,negative,2024-04-25 22:56:00,dca_investor
Bitcoin is going to the moon! Best investment ever,positive,2024-04-25 23:31:00,retail_investor
Bitcoin accepted at 31209 merchants worldwide,positive,2024-04-25 23:52:00,whale_watcher
Institutions are buying Bitcoin like crazy! Bullish,positive,2024-04-25 23:57:00,sound_money
Bitcoin is the exit from the broken system,positive,2024-04-26 00:45:00,open_source
Bitcoin only useful for criminals and dark web,negative,2024-04-26 01:33:00,options_trader
Whale wallets controlling Bitcoin price,negative,2024-04-26 01:51:00,singlesig_simple
Bitcoin bubble popped. Never coming back,negative,2024-04-26 02:38:00,hodler_mike
Hyperbitcoinization is inevitable. Fiat dies,positive,2024-04-26 02:59:00,financial_freedom
Average Bitcoin fee per transaction: 1.8 dollars,neutral,2024-04-26 03:02:00,halving_counter
Bitcoin failing as peer to peer currency,negative,2024-04-26 03:04:00,crypto_bull
Bought the dip again! DCA strategy works,positive,2024-04-26 03:25:00,bull_trader
Bitcoin on-chain metrics showing accumulation,neutral,2024-04-26 03:57:00,inflation_hedge
Not your keys not your coins. Self custody!,positive,2024-04-26 04:11:00,asic_farmer
Bitcoin failing store of value test,negative,2024-04-26 04:15:00,self_custody
Mining rewards declining makes Bitcoin vulnerable,negative,2024-04-26 04:39:00,nft_collector
Satoshi Nakamoto mined first Bitcoin block in 2009,neutral,2024-04-26 05:27:00,paper_wallet
Orange coin good! HODL forever,positive,2024-04-26 06:10:00,full_node_operator
Bitcoin creating generational wealth for hodlers,positive,2024-04-26 06:21:00,satoshi_fan
Miner revenue today: $23 million,neutral,2024-04-26 07:04:00,dca_investor
Bitcoin solves the money problem once and for all,positive,2024-04-26 07:17:00,mining_pool
Proof of reserves shows Bitcoin strength,positive,2024-04-26 07:57:00,protocol_dev
Bitcoin reaching new all time highs soon,positive,2024-04-26 08:35:00,scalper_pro
Bitcoin circular economy growing in El Salvador,positive,2024-04-26 08:42:00,lightning_wallet
Bitcoin represents hope for unbanked millions,positive,2024-04-26 09:40:00,protocol_dev
Bitcoin taproot upgrade activated 9 years ago,neutral,2024-04-26 10:38:00,day_trader
Never selling my Bitcoin. Passing it to my kids,positive,2024-04-26 11:36:00,gold_bug_btc
Proof of work makes Bitcoin most secure network,positive,2024-04-26 11:59:00,retail_investor
Best decision ever was buying Bitcoin in 2023,positive,2024-04-26 12:29:00,deflation_lover
Bitcoin conference in Miami was incredible,positive,2024-04-26 12:53:00,early_adopter
Bitcoin network congestion frustrating users,negative,2024-04-26 13:35:00,bitcoin_teacher
Never selling my Bitcoin. Passing it to my kids,positive,2024-04-26 14:24:00,swing_trader
Optimistic about Bitcoin scaling solutions,positive,2024-04-26 15:18:00,payment_network
Average Bitcoin transaction size is 172 bytes,neutral,2024-04-26 15:47:00,singlesig_simple
Laser eyes until 100k! Bitcoin revolution,positive,2024-04-26 16:13:00,nakamoto_institute
Quantum computers will break Bitcoin encryption,negative,2024-04-26 16:49:00,bitcoin_knots
Bitcoin privacy features insufficient,negative,2024-04-26 17:08:00,yield_farmer
Technical debt accumulating in Bitcoin,negative,2024-04-26 17:11:00,hodler_mike
Total value locked in Bitcoin DeFi protocols,neutral,2024-04-26 17:23:00,dca_investor
Regulatory uncertainty killing Bitcoin momentum,negative,2024-04-26 18:07:00,yield_farmer
Bitcoin failing store of value test,negative,2024-04-26 18:50:00,bitcoin_dev
Bitcoin market cap is 1055 billion dollars,neutral,2024-04-26 19:30:00,btc_analyst
Institutions are buying Bitcoin like crazy! Bullish,positive,2024-04-26 19:57:00,solo_miner
Transaction speed makes Bitcoin unusable,negative,2024-04-26 20:01:00,crypto_coach
Miner revenue today: $37 million,neutral,2024-04-26 20:17:00,retail_investor
Institutional selling pressure on Bitcoin,negative,2024-04-26 21:14:00,unit_of_account
Bitcoin exchange reserves: 46060 BTC,neutral,2024-04-26 21:37:00,keynesian_critic
Bitcoin solves the money problem once and for all,positive,2024-04-26 21:58:00,custodial_service
Bitcoin hashrate: 533 EH/s currently,neutral,2024-04-26 22:22:00,gpu_miner
Lightning Network makes Bitcoin amazing for payments,positive,2024-04-26 22:32:00,austrian_economist
Bitcoin segwit adoption rate is 28 percent,neutral,2024-04-26 22:51:00,singlesig_simple
Proudly part of the Bitcoin revolution,positive,2024-04-26 23:04:00,btc_analyst
Proof of reserves shows Bitcoin strength,positive,2024-04-26 23:49:00,singlesig_simple
Bitcoin centralization risk increasing daily,negative,2024-04-27 00:38:00,nft_collector
Proof of reserves shows Bitcoin strength,positive,2024-04-27 01:30:00,layer_two
Bitcoin price is stable today. Nothing much happening,neutral,2024-04-27 02:13:00,crypto_skeptic
Never selling my Bitcoin. Passing it to my kids,positive,2024-04-27 03:13:00,halving_counter
21 million Bitcoin supply cap is hardcoded,neutral,2024-04-27 03:58:00,unit_of_account
Coins moved on-chain: 36697 BTC,neutral,2024-04-27 04:55:00,halving_counter
Tether FUD spreading again. Bitcoin going down,negative,2024-04-27 05:46:00,retail_investor
Transaction speed makes Bitcoin unusable,negative,2024-04-27 06:39:00,validator_node
Bitcoin whales manipulating market again,negative,2024-04-27 06:55:00,yield_farmer
This is still early for Bitcoin adoption,positive,2024-04-27 06:58:00,fiat_escapist
Bitcoin halving countdown: 1006 days remaining,neutral,2024-04-27 07:57:00,gen_z_crypto
Bitcoin on-chain metrics showing accumulation,neutral,2024-04-27 08:01:00,security_first
Bitcoin correlation with stocks increasing,negative,2024-04-27 08:26:00,lightning_fan
Grateful for Satoshi Nakamoto every single day,positive,2024-04-27 08:36:00,pseudonymous_dev
Bitcoin mining difficulty increased by 43%,neutral,2024-04-27 08:39:00,validator_node
Bitcoin accepted at 5639 merchants worldwide,positive,2024-04-27 09:39:00,full_node_operator
Bitcoin market cap is 989 billion dollars,neutral,2024-04-27 10:38:00,gpu_miner
Bitcoin privacy features insufficient,negative,2024-04-27 11:35:00,financial_freedom
Bitcoin fees too high for small transactions,negative,2024-04-27 12:21:00,medium_of_exchange
Bitcoin mining centralization worrying trend,negative,2024-04-27 12:22:00,privacy_maxi
Bitcoin losing market share to altcoins,negative,2024-04-27 12:37:00,sats_stacker
Bullish on Bitcoin fundamentals long term,positive,2024-04-27 12:44:00,bitcoin_knots
Bitcoin at 30k. Same as yesterday,neutral,2024-04-27 12:55:00,nakamoto_institute
Bitcoin scams everywhere. Can't trust anyone,negative,2024-04-27 13:31:00,hardware_wallet
Bitcoin accepted at 4376 merchants worldwide,positive,2024-04-27 14:31:00,fiat_escapist
Bitcoin transaction confirmations too slow,negative,2024-04-27 15:04:00,scalper_pro
Security vulnerabilities found in Bitcoin wallets,negative,2024-04-27 15:08:00,silver_to_btc
Bitcoin privacy improving with coinjoin adoption,positive,2024-04-27 15:40:00,kyc_hater
Bitcoin fixes monetary policy failures,positive,2024-04-27 16:28:00,boomer_hodler
I'm done with crypto. Too risky for me,negative,2024-04-27 16:47:00,bitcoin_teacher
Mempool size: 198 MB currently,neutral,2024-04-27 16:50:00,austrian_economist
Bitcoin mining difficulty increased by 5%,neutral,2024-04-27 17:24:00,scalper_pro
FBI seized more Bitcoin from criminals today,negative,2024-04-27 17:37:00,retail_investor
I lost so much money on BTC. This is terrible,negative,2024-04-27 18:19:00,early_adopter
Bitcoin complexity keeps masses away,negative,2024-04-27 19:14:00,sats_stacker
Bitcoin reaching new all time highs soon,positive,2024-04-27 19:36:00,on_chain_guy
Bitcoin solving real world problems daily,positive,2024-04-27 20:17:00,halving_counter
Strike app makes Bitcoin payments so easy,positive,2024-04-27 20:36:00,bitcoin_core
Bitcoin becoming less decentralized over time,negative,2024-04-27 21:35:00,cold_storage
Bitcoin accepted at 5997 merchants worldwide,positive,2024-04-27 21:40:00,asic_farmer
Green candles everywhere! Bitcoin pumping hard,positive,2024-04-27 22:05:00,whale_watcher
Bitcoin segwit adoption rate is 41 percent,neutral,2024-04-27 22:27:00,anon_trader
Bitcoin creating generational wealth for hodlers,positive,2024-04-27 22:28:00,financial_freedom
Bitcoin dominance currently at 35%,neutral,2024-04-27 23:21:00,difficulty_watcher
Tether FUD spreading again. Bitcoin going down,negative,2024-04-27 23:42:00,pseudonymous_dev
Sold all my Bitcoin. Moving to stocks,negative,2024-04-28 00:17:00,satoshi_fan
Losing faith in Bitcoin after this crash,negative,2024-04-28 01:13:00,unit_of_account
Bitcoin gave me hope for the future,positive,2024-04-28 01:18:00,privacy_advocate
Bitcoin failing as peer to peer currency,negative,2024-04-28 01:34:00,btc_unlimited
Bitcoin fixes monetary policy failures,positive,2024-04-28 01:39:00,privacy_advocate
Current Bitcoin mempool has 39999k transactions,neutral,2024-04-28 01:53:00,silver_to_btc
Carbon footprint of Bitcoin is unacceptable,negative,2024-04-28 02:04:00,btc_analyst
Bitcoin empowers individuals worldwide,positive,2024-04-28 02:21:00,scalper_pro
Current Bitcoin mempool has 32549k transactions,neutral,2024-04-28 03:09:00,bitcoin_standard
Average Bitcoin fee per transaction: 2.3 dollars,neutral,2024-04-28 03:55:00,futures_guy
Most Bitcoin is held by whales. Unfair distribution,negative,2024-04-28 04:05:00,paper_wallet
Quantum threat to Bitcoin is real,negative,2024-04-28 04:39:00,sound_money
Bitcoin centralization risk increasing daily,negative,2024-04-28 05:07:00,market_maker
Current block height is 815562,neutral,2024-04-28 05:48:00,payment_network
Bitcoin taproot upgrade activated 1 years ago,neutral,2024-04-28 06:17:00,hard_money
Watching Bitcoin price discovery is exciting,positive,2024-04-28 06:45:00,arbitrage_king
NVT ratio currently: 82.36,neutral,2024-04-28 07:16:00,boomer_hodler
Bitcoin privacy features insufficient,negative,2024-04-28 07:34:00,anon_trader
Network fees collected: 80216 BTC today,neutral,2024-04-28 08:16:00,cold_storage
Bitcoin mining difficulty at 82 trillion,neutral,2024-04-28 08:20:00,retail_investor
Quantum computers will break Bitcoin encryption,negative,2024-04-28 09:16:00,halving_counter
Average confirmation time: 12 minutes,neutral,2024-04-28 09:34:00,multisig_user
Network difficulty retarget in 185 hours,neutral,2024-04-28 09:58:00,retired_early
Strike app makes Bitcoin payments so easy,positive,2024-04-28 10:05:00,non_custodial
Bitcoin realized cap: $4906 billion,neutral,2024-04-28 10:24:00,open_source
Stacking sats feels amazing. Future is bright,positive,2024-04-28 10:25:00,yield_farmer
BTC crash incoming. Sell everything now!,negative,2024-04-28 11:08:00,nft_collector
Best decision ever was buying Bitcoin in 2016,positive,2024-04-28 11:38:00,nft_collector
Network difficulty retarget in 113 hours,neutral,2024-04-28 11:53:00,bull_trader
Bitcoin rainbow chart suggests accumulation phase,neutral,2024-04-28 12:48:00,multisig_user
Bitcoin accepted at 1620 merchants worldwide,positive,2024-04-28 13:47:00,anon_trader
Finally convinced my family to buy Bitcoin,positive,2024-04-28 14:22:00,privacy_advocate
Bitcoin network congestion frustrating users,negative,2024-04-28 14:46:00,pseudonymous_dev
Just bought more Bitcoin! Feeling bullish,positive,2024-04-28 15:05:00,btc_analyst
Accumulating Bitcoin is the best strategy,positive,2024-04-28 15:39:00,trader_joe
Bitcoin is going to the moon! Best investment ever,positive,2024-04-28 16:19:00,trader_joe
This is still early for Bitcoin adoption,positive,2024-04-28 17:16:00,dca_investor
Security vulnerabilities found in Bitcoin wallets,negative,2024-04-28 17:26:00,crypto_news
Bitcoin at 89k. Same as yesterday,neutral,2024-04-28 17:53:00,exchange_dev
Governments will ban Bitcoin eventually,negative,2024-04-28 18:51:00,base_layer
Bitcoin conference in Miami was incredible,positive,2024-04-28 19:07:00,bitcoin_core
Bitcoin complexity keeps masses away,negative,2024-04-28 20:07:00,position_trader
Bitcoin stock to flow ratio: 1.91,neutral,2024-04-28 20:40:00,asic_farmer
Never selling my Bitcoin. Passing it to my kids,positive,2024-04-28 21:24:00,lightning_dev
Bitcoin blockchain size reached 232 GB,neutral,2024-04-28 21:57:00,keynesian_critic
Bitcoin mining difficulty at 60 trillion,neutral,2024-04-28 22:25:00,hardware_wallet
Sound money principles restored by Bitcoin,positive,2024-04-28 22:51:00,base_layer
Orange pilling friends and family successfully,positive,2024-04-28 22:59:00,btc_unlimited
This is still early for Bitcoin adoption,positive,2024-04-28 23:19:00,crypto_news
Bitcoin is going to the moon! Best investment ever,positive,2024-04-28 23:52:00,exchange_dev
Bitcoin mining pool distribution chart updated,neutral,2024-04-29 00:33:00,halving_counter
BTC crash incoming. Sell everything now!,negative,2024-04-29 01:27:00,bitcoin_standard
Bought the dip again! DCA strategy works,positive,2024-04-29 02:08:00,lightning_fan
This is still early for Bitcoin adoption,positive,2024-04-29 02:38:00,lightning_fan
Bitcoin fees too high for small transactions,negative,2024-04-29 03:17:00,hardware_wallet
Bitcoin dominance currently at 16%,neutral,2024-04-29 03:40:00,wallet_dev
Sold all my Bitcoin. Moving to stocks,negative,2024-04-29 04:25:00,exchange_dev
Bitcoin reaching new all time highs soon,positive,2024-04-29 04:51:00,deflation_lover
Bitcoin empowers individuals worldwide,positive,2024-04-29 05:44:00,nakamoto_institute
Bitcoin mining difficulty at 64 trillion,neutral,2024-04-29 06:37:00,privacy_maxi
Bitcoin price consolidating around 57k,neutral,2024-04-29 07:14:00,arbitrage_king
Bitcoin changing lives around the world,positive,2024-04-29 08:04:00,scalper_pro
Bitcoin UTXO set size reached 17212 million,neutral,2024-04-29 08:11:00,spot_trader
Daily Bitcoin transactions averaging 28763k,neutral,2024-04-29 09:07:00,lightning_fan
Bitcoin nodes distributed across 147 countries,neutral,2024-04-29 09:12:00,day_trader
Inflation hedge narrative failed for Bitcoin,negative,2024-04-29 09:53:00,lightning_node
Bitcoin on-chain metrics showing accumulation,neutral,2024-04-29 10:38:00,bitcoin_core
Best decision ever was buying Bitcoin in 2021,positive,2024-04-29 11:35:00,sound_money
Another exchange hack. Bitcoin is not safe,negative,2024-04-29 12:04:00,open_source
BTC dominance falling. Altcoin season coming,negative,2024-04-29 12:30:00,digital_gold
Excited about Bitcoin halving next year!,positive,2024-04-29 12:46:00,gold_bug_btc
Bitcoin price consolidating around 82k,neutral,2024-04-29 13:32:00,alternative_client
Bitcoin network congestion frustrating users,negative,2024-04-29 13:38:00,full_node_operator
Wash trading inflating Bitcoin volumes,negative,2024-04-29 13:39:00,halving_counter
Bitcoin fixes everything. Hard money wins,positive,2024-04-29 14:04:00,singlesig_simple
Bitcoin failing as peer to peer currency,negative,2024-04-29 14:15:00,non_custodial
Quantum computers will break Bitcoin encryption,negative,2024-04-29 14:48:00,unit_of_account
This is still early for Bitcoin adoption,positive,2024-04-29 15:40:00,payment_network
Not your keys not your coins. Self custody!,positive,2024-04-29 16:13:00,hash_power
Bitcoin dominance currently at 9%,neutral,2024-04-29 16:22:00,full_node_operator
This volatility is killing me. Can't handle BTC anymore,negative,2024-04-29 16:39:00,pseudonymous_dev
Bitcoin complexity keeps masses away,negative,2024-04-29 17:02:00,yield_farmer
Regulation will destroy Bitcoin. Mark my words,negative,2024-04-29 17:35:00,arbitrage_king
Transaction speed makes Bitcoin unusable,negative,2024-04-29 18:32:00,wallet_dev
Bitcoin correlation with stocks increasing,negative,2024-04-29 18:54:00,yield_farmer
Satoshi Nakamoto mined first Bitcoin block in 2009,neutral,2024-04-29 19:02:00,halving_counter
Most Bitcoin holders underwater at current price,negative,2024-04-29 19:32:00,layer_two
Bitcoin network stronger than ever before,positive,2024-04-29 20:12:00,lightning_node
Security vulnerabilities found in Bitcoin wallets,negative,2024-04-29 20:20:00,payment_network
Sold all my Bitcoin. Moving to stocks,negative,2024-04-29 20:54:00,nakamoto_institute
Bitcoin solving real world problems daily,positive,2024-04-29 21:30:00,lightning_wallet
Bitcoin mining difficulty increased by 17%,neutral,2024-04-29 22:24:00,privacy_maxi
Bitcoin whales manipulating market again,negative,2024-04-29 22:35:00,btc_unlimited
Bitcoin is going to the moon! Best investment ever,positive,2024-04-29 23:22:00,anon_trader
Average Bitcoin transaction size is 99 bytes,neutral,2024-04-30 00:07:00,retail_investor
Current block height is 808162,neutral,2024-04-30 00:31:00,early_adopter
Bitcoin standard is coming. Get ready,positive,2024-04-30 01:12:00,boomer_hodler
Miner revenue today: $39 million,neutral,2024-04-30 01:16:00,satoshi_fan
Proof of work makes Bitcoin most secure network,positive,2024-04-30 02:10:00,crypto_news
Bitcoin network congestion frustrating users,negative,2024-04-30 02:16:00,fiat_escapist
Strike app makes Bitcoin payments so easy,positive,2024-04-30 02:56:00,lightning_node
Most Bitcoin is held by whales. Unfair distribution,negative,2024-04-30 03:15:00,gpu_miner
Orange pilling friends and family successfully,positive,2024-04-30 04:08:00,bitcoin_standard
Bitcoin whitepaper anniversary today. 3 years,neutral,2024-04-30 04:34:00,maximalist_tom
Daily Bitcoin transactions averaging 3176k,neutral,2024-04-30 04:46:00,sats_stacker
Coins moved on-chain: 6041 BTC,neutral,2024-04-30 05:41:00,mining_pool
Bitcoin centralization risk increasing daily,negative,2024-04-30 05:57:00,exchange_dev
Bitcoin rainbow chart suggests accumulation phase,neutral,2024-04-30 06:48:00,technical_trader
Every paycheck goes into Bitcoin. No regrets,positive,2024-04-30 06:50:00,day_trader
Bitcoin adoption is growing. Major companies accepting it now,positive,2024-04-30 07:47:00,spot_trader
Quantum computers will break Bitcoin encryption,negative,2024-04-30 08:25:00,fiat_escapist
Living on Bitcoin for 7 years now. Amazing,positive,2024-04-30 08:42:00,hardware_wallet
Technical debt accumulating in Bitcoin,negative,2024-04-30 09:21:00,exchange_dev
Proof of reserves shows Bitcoin strength,positive,2024-04-30 10:07:00,halving_counter
Finally convinced my family to buy Bitcoin,positive,2024-04-30 10:29:00,base_layer
Mining pools controlling too much Bitcoin hashrate,negative,2024-04-30 11:24:00,arbitrage_king
Bitcoin on-chain metrics showing accumulation,neutral,2024-04-30 12:09:00,bitcoin_dev
Bitcoin transaction confirmations too slow,negative,2024-04-30 12:54:00,asic_farmer
Bitcoin UTXO set size reached 2416 million,neutral,2024-04-30 13:25:00,security_first
Bitcoin adoption plateau reached already,negative,2024-04-30 13:35:00,retail_investor
Complexity of Bitcoin protocol is a problem,negative,2024-04-30 14:13:00,node_runner
Proof of work makes Bitcoin most secure network,positive,2024-04-30 14:28:00,digital_gold
Regulation will destroy Bitcoin. Mark my words,negative,2024-04-30 15:01:00,validator_node
Bitcoin losing market share to altcoins,negative,2024-04-30 15:48:00,market_maker
Bitcoin losing market share to altcoins,negative,2024-04-30 16:35:00,halving_counter
Accumulating Bitcoin is the best strategy,positive,2024-04-30 16:44:00,sound_money
Orange coin made me financially independent,positive,2024-04-30 16:57:00,hardware_wallet
Bitcoin reaching new all time highs soon,positive,2024-04-30 17:01:00,maximalist_tom
Bitcoin network stronger than ever before,positive,2024-04-30 17:43:00,wallet_dev
Bitcoin scams everywhere. Can't trust anyone,negative,2024-04-30 17:56:00,lightning_wallet
Bitcoin mining centralization worrying trend,negative,2024-04-30 18:35:00,bull_trader
Bitcoin network hashrate at all-time high,neutral,2024-04-30 19:17:00,spot_trader
Bitcoin beach in El Salvador is amazing,positive,2024-04-30 19:52:00,maximalist_tom
Bitcoin represents hope for unbanked millions,positive,2024-04-30 20:28:00,crypto_news
Total Bitcoin addresses with balance: 23765 million,neutral,2024-04-30 20:33:00,security_first
Bitcoin conference in Miami was incredible,positive,2024-04-30 20:46:00,fiat_escapist
Security vulnerabilities found in Bitcoin wallets,negative,2024-04-30 20:52:00,asic_farmer
This bull run will be epic! Bitcoin to 53k,positive,2024-04-30 21:04:00,trader_joe
Bitcoin privacy improving with coinjoin adoption,positive,2024-04-30 21:48:00,bitcoin_knots
Current block height is 801530,neutral,2024-04-30 22:28:00,custodial_service
Regulation will destroy Bitcoin. Mark my words,negative,2024-04-30 22:57:00,singlesig_simple
Sold all my Bitcoin. Moving to stocks,negative,2024-04-30 23:49:00,validator_node
Security breaches making Bitcoin unsafe,negative,2024-04-30 23:51:00,gold_bug_btc
Watching Bitcoin price discovery is exciting,positive,2024-05-01 00:50:00,base_layer
Bitcoin is the exit from the broken system,positive,2024-05-01 01:40:00,nft_collector
This volatility is killing me. Can't handle BTC anymore,negative,2024-05-01 01:50:00,cold_storage
Bitcoin accepted at 17081 merchants worldwide,positive,2024-05-01 01:59:00,silver_to_btc
Watching Bitcoin price discovery is exciting,positive,2024-05-01 02:37:00,crypto_skeptic
Orange coin made me financially independent,positive,2024-05-01 03:15:00,spot_trader
Strike app makes Bitcoin payments so easy,positive,2024-05-01 03:34:00,fiat_escapist
Bitcoin velocity indicator at 78.83,neutral,2024-05-01 04:15:00,mining_pro
Bitcoin network hashrate at all-time high,neutral,2024-05-01 04:37:00,on_chain_guy
Transaction speed makes Bitcoin unusable,negative,2024-05-01 05:19:00,halving_counter
Bitcoin education spreading globally. Bullish future,positive,2024-05-01 06:06:00,hardware_wallet
Bitcoin failing as peer to peer currency,negative,2024-05-01 06:27:00,mining_pool
Living on Bitcoin for 6 years now. Amazing,positive,2024-05-01 06:29:00,day_trader
Bitcoin correlation with stocks increasing,negative,2024-05-01 06:49:00,bitcoin_standard
Watching Bitcoin price discovery is exciting,positive,2024-05-01 07:01:00,options_trader
Tether FUD spreading again. Bitcoin going down,negative,2024-05-01 07:37:00,crypto_coach
Transaction speed makes Bitcoin unusable,negative,2024-05-01 07:58:00,austrian_economist
Best performing asset of last decade: Bitcoin,positive,2024-05-01 08:53:00,open_source
Bitcoin conference in Miami was incredible,positive,2024-05-01 09:40:00,retired_early
Bitcoin exchange reserves: 69060 BTC,neutral,2024-05-01 10:37:00,node_runner
Every paycheck goes into Bitcoin. No regrets,positive,2024-05-01 11:18:00,satoshi_fan
Bitcoin at 77k. Same as yesterday,neutral,2024-05-01 12:00:00,protocol_dev
Mining rewards declining makes Bitcoin vulnerable,negative,2024-05-01 12:57:00,retail_investor
Green candles everywhere! Bitcoin pumping hard,positive,2024-05-01 13:56:00,technical_trader
Bitcoin segwit adoption rate is 34 percent,neutral,2024-05-01 14:45:00,boomer_hodler
Accumulating Bitcoin is the best strategy,positive,2024-05-01 15:35:00,sound_money
Financial freedom through Bitcoin. Nothing better,positive,2024-05-01 16:23:00,security_first
Bitcoin mining difficulty increased by 38%,neutral,2024-05-01 16:37:00,lightning_dev
Financial freedom through Bitcoin. Nothing better,positive,2024-05-01 17:26:00,privacy_maxi
Bitcoin price is stable today. Nothing much happening,neutral,2024-05-01 17:44:00,open_source
Bitcoin dominance currently at 2%,neutral,2024-05-01 18:28:00,bitcoin_dev
Miner revenue today: $46 million,neutral,2024-05-01 19:26:00,brain_wallet
Network difficulty retarget in 190 hours,neutral,2024-05-01 19:43:00,brain_wallet
Lightning Network channels: 16669 active,neutral,2024-05-01 20:13:00,lightning_wallet
Central banks trying to kill Bitcoin with CBDC,negative,2024-05-01 20:19:00,austrian_economist
Institutions are buying Bitcoin like crazy! Bullish,positive,2024-05-01 20:32:00,node_runner
Inflation hedge narrative failed for Bitcoin,negative,2024-05-01 20:50:00,bitcoin_core
Bitcoin ETF approval coming soon. This is huge!,positive,2024-05-01 21:24:00,exchange_dev
Institutions are buying Bitcoin like crazy! Bullish,positive,2024-05-01 21:37:00,medium_of_exchange
Quantum computers will break Bitcoin encryption,negative,2024-05-01 22:27:00,base_layer
NVT ratio currently: 93.71,neutral,2024-05-01 22:39:00,crypto_skeptic
Stack sats every day! Bitcoin only,positive,2024-05-01 22:51:00,solo_miner
Bitcoin reaching new all time highs soon,positive,2024-05-01 23:05:00,multisig_user
Tether FUD spreading again. Bitcoin going down,negative,2024-05-01 23:10:00,options_trader
Bitcoin mining difficulty at 90 trillion,neutral,2024-05-01 23:55:00,austrian_economist
Bitcoin dominance currently at 24%,neutral,2024-05-02 00:30:00,mining_dev
Bitcoin transaction confirmations too slow,negative,2024-05-02 00:39:00,inflation_hedge
Bitcoin solves the money problem once and for all,positive,2024-05-02 01:10:00,btc_analyst
Quantum computers will break Bitcoin encryption,negative,2024-05-02 01:27:00,exchange_dev
Not your keys not your coins. Self custody!,positive,2024-05-02 01:34:00,crypto_bull
Quantum computers will break Bitcoin encryption,negative,2024-05-02 02:19:00,open_source
Security vulnerabilities found in Bitcoin wallets,negative,2024-05-02 02:25:00,sats_stacker
Bitcoin inflation rate: 22% annually,neutral,2024-05-02 03:02:00,wallet_dev
Lightning Network capacity at 23364 BTC,neutral,2024-05-02 04:02:00,dao_member
Bitcoin beach in El Salvador is amazing,positive,2024-05-02 04:29:00,lightning_wallet
Orange coin made me financially independent,positive,2024-05-02 05:25:00,dca_investor
Bitcoin fear and greed index: 98.85,neutral,2024-05-02 05:29:00,crypto_skeptic
Bitcoin privacy improving with coinjoin adoption,positive,2024-05-02 05:43:00,scalper_pro
Bitcoin changing lives around the world,positive,2024-05-02 06:34:00,digital_gold
Security breaches making Bitcoin unsafe,negative,2024-05-02 06:54:00,crypto_coach
Bitcoin exchange reserves: 16882 BTC,neutral,2024-05-02 07:45:00,lightning_dev
Excited about Bitcoin halving next year!,positive,2024-05-02 08:27:00,bull_trader
Unconfirmed transactions: 20072 in mempool,neutral,2024-05-02 08:57:00,financial_freedom
Bitcoin mining becoming unprofitable for many,negative,2024-05-02 09:50:00,spot_trader
Active Bitcoin addresses: 41098 million,neutral,2024-05-02 10:21:00,payment_network
Network difficulty retarget in 311 hours,neutral,2024-05-02 10:26:00,early_adopter
Just bought more Bitcoin! Feeling bullish,positive,2024-05-02 10:42:00,market_maker
Lost my Bitcoin in a boating accident. So sad,negative,2024-05-02 11:39:00,retired_early
Bitcoin energy waste is inexcusable,negative,2024-05-02 12:07:00,payment_network
Market manipulation obvious in Bitcoin trading,negative,2024-05-02 12:48:00,crypto_bull
Grateful for Satoshi Nakamoto every single day,positive,2024-05-02 13:20:00,lightning_node
Sold all my Bitcoin. Moving to stocks,negative,2024-05-02 13:25:00,hash_power
Bitcoin represents hope for unbanked millions,positive,2024-05-02 13:58:00,bitcoin_teacher
Bitcoin stock to flow ratio: 1.45,neutral,2024-05-02 14:34:00,dca_investor
Bitcoin average block size is 76 MB today,neutral,2024-05-02 14:39:00,hard_money
Bitcoin taught me patience and discipline,positive,2024-05-02 15:15:00,mining_pro
Average confirmation time: 11 minutes,neutral,2024-05-02 15:51:00,btc_analyst
Bitcoin education spreading globally. Bullish future,positive,2024-05-02 16:49:00,mempool_observer
This is still early for Bitcoin adoption,positive,2024-05-02 17:04:00,btc_analyst
Bitcoin Core version 25.2 released yesterday,neutral,2024-05-02 17:10:00,lightning_node
Bitcoin transaction fees are 7.1 dollars today,neutral,2024-05-02 17:59:00,position_trader
Bitcoin fixes monetary policy failures,positive,2024-05-02 18:54:00,millennial_investor
MicroStrategy bought more Bitcoin! Saylor knows,positive,2024-05-02 19:21:00,payment_network
Bitcoin centralization risk increasing daily,negative,2024-05-02 19:59:00,financial_freedom
Watching Bitcoin charts all day. No clear trend,neutral,2024-05-02 20:25:00,btc_unlimited
Bitcoin failing store of value test,negative,2024-05-02 21:20:00,trader_joe
Excited about Bitcoin halving next year!,positive,2024-05-02 21:50:00,anon_trader
Bitcoin network congestion frustrating users,negative,2024-05-02 22:01:00,crypto_skeptic
Mining pools controlling too much Bitcoin hashrate,negative,2024-05-02 22:20:00,solo_miner
Orange coin made me financially independent,positive,2024-05-02 23:16:00,mining_dev
Bitcoin complexity keeps masses away,negative,2024-05-02 23:30:00,dao_member
Bullish on Bitcoin fundamentals long term,positive,2024-05-03 00:27:00,gpu_miner
Mt Gox distribution will crash Bitcoin price,negative,2024-05-03 01:09:00,wallet_dev
Bitcoin network congestion frustrating users,negative,2024-05-03 01:54:00,keynesian_critic
Bitcoin inflation rate: 34% annually,neutral,2024-05-03 02:43:00,unit_of_account
Bitcoin trading volume: $26527M today,neutral,2024-05-03 03:21:00,nft_collector
Governments will ban Bitcoin eventually,negative,2024-05-03 03:44:00,brain_wallet
Bitcoin solves the money problem once and for all,positive,2024-05-03 04:06:00,custodial_service
Never selling my Bitcoin. Passing it to my kids,positive,2024-05-03 05:00:00,bitcoin_dev
Mining pools controlling too much Bitcoin hashrate,negative,2024-05-03 05:38:00,whale_watcher
Bitcoin hash ribbons indicator neutral now,neutral,2024-05-03 06:34:00,bull_trader
Bitcoin conference in Miami was incredible,positive,2024-05-03 07:27:00,security_first
This volatility is killing me. Can't handle BTC anymore,negative,2024-05-03 08:22:00,technical_trader
Bitcoin halving excitement is building up,positive,2024-05-03 08:29:00,paper_wallet
Strike app makes Bitcoin payments so easy,positive,2024-05-03 09:04:00,crypto_news
Bitcoin is going to the moon! Best investment ever,positive,2024-05-03 09:31:00,pseudonymous_dev
Bitcoin fixes everything. Hard money wins,positive,2024-05-03 10:22:00,bull_trader
Bitcoin halving excitement is building up,positive,2024-05-03 10:28:00,medium_of_exchange
Average confirmation time: 9 minutes,neutral,2024-05-03 10:45:00,maximalist_tom
Bitcoin is freedom money. Period,positive,2024-05-03 11:41:00,nakamoto_institute
Bitcoin halving excitement is building up,positive,2024-05-03 12:12:00,retail_investor
Bitcoin taproot upgrade activated 8 years ago,neutral,2024-05-03 12:19:00,btc_unlimited
Network fees collected: 41601 BTC today,neutral,2024-05-03 13:08:00,kyc_hater
Satoshi Nakamoto mined first Bitcoin block in 2009,neutral,2024-05-03 13:37:00,spot_trader
MicroStrategy bought more Bitcoin! Saylor knows,positive,2024-05-03 14:20:00,trader_joe
Bullish on Bitcoin fundamentals long term,positive,2024-05-03 15:10:00,medium_of_exchange
Bitcoin failing store of value test,negative,2024-05-03 15:35:00,singlesig_simple
Not your keys not your coins. Self custody!,positive,2024-05-03 16:01:00,satoshi_fan
Bitcoin on-chain metrics showing accumulation,neutral,2024-05-03 16:13:00,retail_investor
Sound money principles restored by Bitcoin,positive,2024-05-03 16:59:00,financial_freedom
Orange pilling friends and family successfully,positive,2024-05-03 17:05:00,store_of_value
Bitcoin fees too high for small transactions,negative,2024-05-03 17:20:00,scalper_pro
Optimistic about Bitcoin scaling solutions,positive,2024-05-03 17:30:00,nakamoto_institute
Best performing asset of last decade: Bitcoin,positive,2024-05-03 18:11:00,defi_explorer
Average Bitcoin fee per transaction: 3.0 dollars,neutral,2024-05-03 18:17:00,exchange_dev
Bitcoin dominance currently at 35%,neutral,2024-05-03 19:16:00,day_trader
Quantum computers will break Bitcoin encryption,negative,2024-05-03 20:15:00,maximalist_tom
Bitcoin scams everywhere. Can't trust anyone,negative,2024-05-03 20:17:00,medium_of_exchange
Bitcoin taproot upgrade activated 8 years ago,neutral,2024-05-03 20:23:00,mining_pool
I lost so much money on BTC. This is terrible,negative,2024-05-03 20:40:00,dca_investor
Transaction speed makes Bitcoin unusable,negative,2024-05-03 21:15:00,open_source
Strike app makes Bitcoin payments so easy,positive,2024-05-03 21:43:00,crypto_skeptic
Bitcoin complexity keeps masses away,negative,2024-05-03 22:14:00,anon_trader
Bitcoin creating generational wealth for hodlers,positive,2024-05-03 22:59:00,mining_pool
Not your keys not your coins. Self custody!,positive,2024-05-03 23:26:00,self_custody
Mt Gox distribution will crash Bitcoin price,negative,2024-05-04 00:16:00,gen_z_crypto
Hyperbitcoinization is inevitable. Fiat dies,positive,2024-05-04 00:39:00,kyc_hater
Current Bitcoin mempool has 32920k transactions,neutral,2024-05-04 01:28:00,layer_two
Bitcoin exchange reserves: 59601 BTC,neutral,2024-05-04 02:19:00,on_chain_guy
Security vulnerabilities found in Bitcoin wallets,negative,2024-05-04 02:36:00,solo_miner
Every paycheck goes into Bitcoin. No regrets,positive,2024-05-04 03:00:00,anon_trader
Bullish on Bitcoin fundamentals long term,positive,2024-05-04 03:46:00,lightning_node
Bitcoin circular economy growing in El Salvador,positive,2024-05-04 03:47:00,payment_network
Bitcoin is going to the moon! Best investment ever,positive,2024-05-04 03:56:00,hardware_wallet
Bitcoin price consolidating around 67k,neutral,2024-05-04 04:26:00,security_first
Bitcoin standard is coming. Get ready,positive,2024-05-04 04:32:00,liquidity_provider
Bitcoin creating generational wealth for hodlers,positive,2024-05-04 04:52:00,dca_investor
Bitcoin price consolidating around 71k,neutral,2024-05-04 05:24:00,trader_joe
Bitcoin mining pool distribution chart updated,neutral,2024-05-04 05:55:00,node_runner
Never selling my Bitcoin. Passing it to my kids,positive,2024-05-04 06:26:00,validator_node
Bitcoin correlation with stocks increasing,negative,2024-05-04 06:46:00,sats_stacker
Bitcoin UTXO set size reached 27599 million,neutral,2024-05-04 07:18:00,btc_unlimited
Bitcoin at 61k. Same as yesterday,neutral,2024-05-04 08:04:00,scalper_pro
Bitcoin taught me patience and discipline,positive,2024-05-04 08:22:00,mining_pool
Bitcoin dominance currently at 44%,neutral,2024-05-04 08:33:00,early_adopter
Bitcoin halving excitement is building up,positive,2024-05-04 09:22:00,wallet_dev
Total value locked in Bitcoin DeFi protocols,neutral,2024-05-04 09:49:00,medium_of_exchange
Coinbase premium: 16% currently,neutral,2024-05-04 10:36:00,bitcoin_dev
Bitcoin adoption is growing. Major companies accepting it now,positive,2024-05-04 10:56:00,btc_unlimited
Orange coin good! HODL forever,positive,2024-05-04 11:51:00,nft_collector
Tether FUD spreading again. Bitcoin going down,negative,2024-05-04 12:48:00,inflation_hedge
Finally convinced my family to buy Bitcoin,positive,2024-05-04 13:29:00,privacy_maxi
Tether FUD spreading again. Bitcoin going down,negative,2024-05-04 13:37:00,payment_network
Mt Gox distribution will crash Bitcoin price,negative,2024-05-04 14:06:00,crypto_bull
Bought the dip again! DCA strategy works,positive,2024-05-04 14:39:00,halving_counter
Watching Bitcoin price discovery is exciting,positive,2024-05-04 15:18:00,crypto_coach
Bitcoin is freedom money. Period,positive,2024-05-04 15:46:00,mining_pro
Satoshi Nakamoto mined first Bitcoin block in 2009,neutral,2024-05-04 15:55:00,defi_explorer
Bitcoin adoption plateau reached already,negative,2024-05-04 16:49:00,chart_master
Volatility makes Bitcoin terrible money,negative,2024-05-04 17:04:00,chart_master
Bitcoin whales manipulating market again,negative,2024-05-04 17:19:00,wallet_dev
HODL waves showing 27% held over 1 year,neutral,2024-05-04 17:56:00,store_of_value
El Salvador Bitcoin experiment is working great,positive,2024-05-04 18:14:00,paper_wallet
Best decision ever was buying Bitcoin in 2023,positive,2024-05-04 18:35:00,multisig_user
Bitcoin represents hope for unbanked millions,positive,2024-05-04 18:54:00,hardware_wallet
Bitcoin losing market share to altcoins,negative,2024-05-04 18:59:00,nft_collector
Average Bitcoin fee per transaction: 9.8 dollars,neutral,2024-05-04 19:29:00,fiat_escapist
Bitcoin education spreading globally. Bullish future,positive,2024-05-04 19:47:00,mining_pool
Lightning Network capacity at 95776 BTC,neutral,2024-05-04 20:21:00,bull_trader
21 million Bitcoin supply cap is hardcoded,neutral,2024-05-04 20:43:00,arbitrage_king
Bitcoin price consolidating around 51k,neutral,2024-05-04 21:08:00,dao_member
Accumulating Bitcoin is the best strategy,positive,2024-05-04 21:10:00,asic_farmer
Network difficulty retarget in 225 hours,neutral,2024-05-04 21:45:00,bitcoin_core
Bitcoin represents hope for unbanked millions,positive,2024-05-04 21:58:00,kyc_hater
Bitcoin market cap is 1031 billion dollars,neutral,2024-05-04 22:22:00,self_custody
Another exchange hack. Bitcoin is not safe,negative,2024-05-04 22:28:00,payment_network
Proof of work makes Bitcoin most secure network,positive,2024-05-04 22:57:00,dao_member
Watching Bitcoin charts all day. No clear trend,neutral,2024-05-04 23:02:00,chart_master
Orange coin good! HODL forever,positive,2024-05-04 23:20:00,fiat_escapist
Transaction speed makes Bitcoin unusable,negative,2024-05-05 00:18:00,alternative_client
Financial freedom through Bitcoin. Nothing better,positive,2024-05-05 01:03:00,whale_watcher
Lightning Network makes Bitcoin amazing for payments,positive,2024-05-05 01:09:00,fiat_escapist
Financial freedom through Bitcoin. Nothing better,positive,2024-05-05 01:24:00,retired_early
Bullish on Bitcoin fundamentals long term,positive,2024-05-05 02:17:00,nakamoto_institute
Orange coin good! HODL forever,positive,2024-05-05 02:50:00,mining_pool
Watching Bitcoin price discovery is exciting,positive,2024-05-05 03:13:00,hash_power
Strike app makes Bitcoin payments so easy,positive,2024-05-05 04:09:00,chart_master
Sound money principles restored by Bitcoin,positive,2024-05-05 04:51:00,scalper_pro
Current Bitcoin mempool has 36819k transactions,neutral,2024-05-05 05:04:00,multisig_user
Grateful for Satoshi Nakamoto every single day,positive,2024-05-05 05:23:00,brain_wallet
Market manipulation obvious in Bitcoin trading,negative,2024-05-05 05:40:00,spot_trader
Optimistic about Bitcoin scaling solutions,positive,2024-05-05 05:42:00,lightning_wallet
Bitcoin is going to the moon! Best investment ever,positive,2024-05-05 06:21:00,lightning_fan
Bitcoin network congestion frustrating users,negative,2024-05-05 06:33:00,mining_pool
Bitcoin halving excitement is building up,positive,2024-05-05 07:16:00,trader_joe
Miner revenue today: $22 million,neutral,2024-05-05 07:24:00,self_custody
Average Bitcoin transaction size is 244 bytes,neutral,2024-05-05 07:46:00,bitcoin_core
Bitcoin halving countdown: 323 days remaining,neutral,2024-05-05 08:13:00,kyc_hater
Wash trading inflating Bitcoin volumes,negative,2024-05-05 08:47:00,satoshi_fan
Bitcoin fees too high for small transactions,negative,2024-05-05 09:30:00,security_first
Tether FUD spreading again. Bitcoin going down,negative,2024-05-05 09:59:00,dca_investor
Every paycheck goes into Bitcoin. No regrets,positive,2024-05-05 10:57:00,singlesig_simple
Bitcoin difficulty adjustment in 694 days,neutral,2024-05-05 11:46:00,asic_farmer
Bitcoin changing lives around the world,positive,2024-05-05 11:53:00,defi_explorer
Mt Gox distribution will crash Bitcoin price,negative,2024-05-05 12:07:00,bull_trader
Network difficulty retarget in 69 hours,neutral,2024-05-05 12:14:00,day_trader
Bitcoin mining pools have too much power,negative,2024-05-05 12:48:00,node_runner
Best performing asset of last decade: Bitcoin,positive,2024-05-05 13:28:00,multisig_user
Current Bitcoin mempool has 38079k transactions,neutral,2024-05-05 14:13:00,arbitrage_king
Bitcoin transaction fees are 6.8 dollars today,neutral,2024-05-05 14:40:00,brain_wallet
Bitcoin circular economy growing in El Salvador,positive,2024-05-05 14:58:00,solo_miner
Bitcoin taught me patience and discipline,positive,2024-05-05 15:30:00,day_trader
Bitcoin fear and greed index: 29.13,neutral,2024-05-05 15:54:00,security_first
Green candles everywhere! Bitcoin pumping hard,positive,2024-05-05 16:18:00,full_node_operator
Coins moved on-chain: 18117 BTC,neutral,2024-05-05 17:01:00,medium_of_exchange
Best decision ever was buying Bitcoin in 2023,positive,2024-05-05 17:08:00,payment_network
Bitcoin realized cap: $40515 billion,neutral,2024-05-05 17:59:00,bitcoin_knots
Bitcoin velocity indicator at 5.23,neutral,2024-05-05 18:21:00,btc_analyst
Hyperbitcoinization is inevitable. Fiat dies,positive,2024-05-05 18:37:00,hash_power
Excited about Bitcoin halving next year!,positive,2024-05-05 18:41:00,hard_money
Bitcoin fixes monetary policy failures,positive,2024-05-05 18:45:00,gold_bug_btc
Bitcoin whales manipulating market again,negative,2024-05-05 19:10:00,multisig_user
Technical debt accumulating in Bitcoin,negative,2024-05-05 19:25:00,halving_counter
Bitcoin is the exit from the broken system,positive,2024-05-05 20:00:00,lightning_node
Watching Bitcoin price discovery is exciting,positive,2024-05-05 21:00:00,bear_market_bob
Bitcoin price consolidating around 67k,neutral,2024-05-05 21:05:00,security_first
Mining rewards declining makes Bitcoin vulnerable,negative,2024-05-05 21:59:00,nakamoto_institute
Bitcoin is freedom money. Period,positive,2024-05-05 22:10:00,financial_freedom
Bitcoin on-chain metrics showing accumulation,neutral,2024-05-05 22:49:00,institutional_buyer
Bitcoin average block size is 298 MB today,neutral,2024-05-05 23:23:00,institutional_buyer
Financial freedom through Bitcoin. Nothing better,positive,2024-05-06 00:04:00,base_layer
Volatility makes Bitcoin terrible money,negative,2024-05-06 00:49:00,base_layer
Bitcoin exchange reserves: 84173 BTC,neutral,2024-05-06 01:01:00,alternative_client
Bitcoin fixes monetary policy failures,positive,2024-05-06 01:17:00,dao_member
Ordinals using Bitcoin blockchain for NFTs,neutral,2024-05-06 01:39:00,hodler_mike
Bitcoin transaction confirmations too slow,negative,2024-05-06 01:56:00,trader_joe
Bullish on Bitcoin fundamentals long term,positive,2024-05-06 02:25:00,crypto_skeptic
Network fees collected: 4378 BTC today,neutral,2024-05-06 03:02:00,non_custodial
Bitcoin reaching new all time highs soon,positive,2024-05-06 03:26:00,privacy_advocate
Miner revenue today: $25 million,neutral,2024-05-06 04:11:00,silver_to_btc
Most Bitcoin is held by whales. Unfair distribution,negative,2024-05-06 04:37:00,digital_gold
Hyperbitcoinization is inevitable. Fiat dies,positive,2024-05-06 04:47:00,protocol_dev
Bitcoin realized cap: $84854 billion,neutral,2024-05-06 04:56:00,options_trader
Bitcoin fixes monetary policy failures,positive,2024-05-06 05:44:00,singlesig_simple
Bitcoin hash ribbons indicator neutral now,neutral,2024-05-06 06:25:00,hardware_wallet
Bitcoin losing market share to altcoins,negative,2024-05-06 07:22:00,custodial_service
Accumulating Bitcoin is the best strategy,positive,2024-05-06 08:00:00,defi_explorer
Bitcoin only useful for criminals and dark web,negative,2024-05-06 08:35:00,whale_watcher
Tether FUD spreading again. Bitcoin going down,negative,2024-05-06 09:33:00,gpu_miner
NVT ratio currently: 80.81,neutral,2024-05-06 10:05:00,yield_farmer
Just bought more Bitcoin! Feeling bullish,positive,2024-05-06 10:35:00,mining_pool
Orange coin good! HODL forever,positive,2024-05-06 11:33:00,validator_node
Bitcoin difficulty adjustment in 620 days,neutral,2024-05-06 11:48:00,solo_miner
Security breaches making Bitcoin unsafe,negative,2024-05-06 12:45:00,difficulty_watcher
Bitcoin fear and greed index: 80.54,neutral,2024-05-06 13:26:00,boomer_hodler
Total value locked in Bitcoin DeFi protocols,neutral,2024-05-06 14:07:00,defi_explorer
Bitcoin complexity keeps masses away,negative,2024-05-06 14:36:00,hard_money
Bitcoin mining centralization worrying trend,negative,2024-05-06 15:04:00,unit_of_account
Bitcoin solving real world problems daily,positive,2024-05-06 15:54:00,exchange_dev
Bitcoin only useful for criminals and dark web,negative,2024-05-06 16:45:00,crypto_skeptic
This bull run will be epic! Bitcoin to 50k,positive,2024-05-06 16:53:00,dao_member
Bitcoin is freedom money. Period,positive,2024-05-06 17:11:00,trader_joe
Bitcoin changing lives around the world,positive,2024-05-06 17:44:00,bull_trader
Green candles everywhere! Bitcoin pumping hard,positive,2024-05-06 18:20:00,options_trader
Laser eyes until 100k! Bitcoin revolution,positive,2024-05-06 18:54:00,institutional_buyer
Coins moved on-chain: 80234 BTC,neutral,2024-05-06 19:35:00,dca_investor
Bitcoin realized cap: $68272 billion,neutral,2024-05-06 20:02:00,hard_money
Bitcoin empowers individuals worldwide,positive,2024-05-06 20:34:00,bull_trader
Bitcoin ETF approval coming soon. This is huge!,positive,2024-05-06 20:53:00,paper_wallet
Bitcoin transaction confirmations too slow,negative,2024-05-06 21:36:00,bull_trader
Tether FUD spreading again. Bitcoin going down,negative,2024-05-06 22:14:00,anon_trader
Bitcoin velocity indicator at 22.84,neutral,2024-05-06 22:33:00,bear_market_bob
Bitcoin network hashrate at all-time high,neutral,2024-05-06 23:04:00,whale_watcher
Network difficulty retarget in 263 hours,neutral,2024-05-06 23:13:00,alternative_client
Bitcoin complexity keeps masses away,negative,2024-05-07 00:04:00,kyc_hater
Bitcoin average block size is 275 MB today,neutral,2024-05-07 00:18:00,wallet_dev
Bitcoin mining difficulty at 73 trillion,neutral,2024-05-07 00:26:00,keynesian_critic
Whale wallets controlling Bitcoin price,negative,2024-05-07 00:48:00,wallet_dev
Bitcoin transaction fees are 2.9 dollars today,neutral,2024-05-07 01:25:00,whale_watcher
Most Bitcoin holders underwater at current price,negative,2024-05-07 01:45:00,self_custody
Sleeping well knowing I own Bitcoin,positive,2024-05-07 01:57:00,payment_network
Bitcoin whitepaper anniversary today. 8 years,neutral,2024-05-07 02:28:00,anon_trader
Tether FUD spreading again. Bitcoin going down,negative,2024-05-07 02:32:00,bear_market_bob
Bitcoin mining difficulty at 53 trillion,neutral,2024-05-07 03:04:00,brain_wallet
Bought the dip again! DCA strategy works,positive,2024-05-07 03:49:00,spot_trader
Bitcoin becoming less decentralized over time,negative,2024-05-07 04:44:00,lightning_wallet
Bitcoin hashrate: 498 EH/s currently,neutral,2024-05-07 05:11:00,trader_joe
Watching Bitcoin price discovery is exciting,positive,2024-05-07 05:47:00,market_maker
Just bought more Bitcoin! Feeling bullish,positive,2024-05-07 06:35:00,whale_watcher
Transaction speed makes Bitcoin unusable,negative,2024-05-07 07:26:00,alternative_client
Central banks trying to kill Bitcoin with CBDC,negative,2024-05-07 07:27:00,yield_farmer
Bitcoin energy waste is inexcusable,negative,2024-05-07 08:05:00,deflation_lover
Watching Bitcoin price discovery is exciting,positive,2024-05-07 08:49:00,store_of_value
Never selling my Bitcoin. Passing it to my kids,positive,2024-05-07 09:42:00,store_of_value
Bitcoin halving excitement is building up,positive,2024-05-07 10:18:00,market_maker
Market manipulation obvious in Bitcoin trading,negative,2024-05-07 10:55:00,yield_farmer
Financial freedom through Bitcoin. Nothing better,positive,2024-05-07 11:34:00,singlesig_simple
Bitcoin mining pool distribution chart updated,neutral,2024-05-07 12:32:00,paper_wallet
Bitcoin is a ponzi scheme. Change my mind,negative,2024-05-07 13:06:00,millennial_investor
Bitcoin only useful for criminals and dark web,negative,2024-05-07 13:21:00,singlesig_simple
Bitcoin average block size is 188 MB today,neutral,2024-05-07 13:45:00,sats_stacker
This is still early for Bitcoin adoption,positive,2024-05-07 14:35:00,bull_trader
Bitcoin mining centralization worrying trend,negative,2024-05-07 15:01:00,btc_unlimited
Current block height is 817754,neutral,2024-05-07 15:20:00,halving_counter
Proof of reserves shows Bitcoin strength,positive,2024-05-07 16:18:00,financial_freedom
Proof of reserves shows Bitcoin strength,positive,2024-05-07 16:55:00,arbitrage_king
BTC dominance falling. Altcoin season coming,negative,2024-05-07 17:41:00,alternative_client
Bitcoin privacy improving with coinjoin adoption,positive,2024-05-07 18:06:00,mining_pool
Bitcoin network congestion frustrating users,negative,2024-05-07 19:06:00,unit_of_account
Bitcoin energy waste is inexcusable,negative,2024-05-07 19:18:00,arbitrage_king
Stack sats every day! Bitcoin only,positive,2024-05-07 20:03:00,hard_money
Mining rewards declining makes Bitcoin vulnerable,negative,2024-05-07 20:24:00,inflation_hedge
HODL waves showing 30% held over 1 year,neutral,2024-05-07 20:51:00,nft_collector
BTC dominance falling. Altcoin season coming,negative,2024-05-07 21:19:00,early_adopter
Bitcoin whales manipulating market again,negative,2024-05-07 21:28:00,dao_member
Orange coin made me financially independent,positive,2024-05-07 22:05:00,market_maker
Accumulating Bitcoin is the best strategy,positive,2024-05-07 22:41:00,arbitrage_king
Bitcoin represents hope for unbanked millions,positive,2024-05-07 23:01:00,defi_explorer
Governments will ban Bitcoin eventually,negative,2024-05-07 23:41:00,financial_freedom
Just bought more Bitcoin! Feeling bullish,positive,2024-05-08 00:31:00,hardware_wallet
Stacking sats feels amazing. Future is bright,positive,2024-05-08 01:15:00,gold_bug_btc
Living on Bitcoin for 4 years now. Amazing,positive,2024-05-08 01:49:00,early_adopter
Sleeping well knowing I own Bitcoin,positive,2024-05-08 02:12:00,deflation_lover
Daily Bitcoin transactions averaging 36089k,neutral,2024-05-08 03:12:00,payment_network
Losing faith in Bitcoin after this crash,negative,2024-05-08 03:39:00,chart_master
Lost my Bitcoin in a boating accident. So sad,negative,2024-05-08 04:11:00,bear_market_bob
Mempool size: 232 MB currently,neutral,2024-05-08 05:06:00,nakamoto_institute
Bitcoin conference in Miami was incredible,positive,2024-05-08 05:32:00,settlement_layer
Losing faith in Bitcoin after this crash,negative,2024-05-08 06:01:00,mining_dev
Bitcoin beach in El Salvador is amazing,positive,2024-05-08 06:32:00,nakamoto_institute
21 million Bitcoin supply cap is hardcoded,neutral,2024-05-08 06:43:00,difficulty_watcher
Coins moved on-chain: 59234 BTC,neutral,2024-05-08 06:50:00,arbitrage_king
Bitcoin beach in El Salvador is amazing,positive,2024-05-08 07:40:00,bitcoin_dev
Carbon footprint of Bitcoin is unacceptable,negative,2024-05-08 08:23:00,hodler_mike
Bitcoin market cap is 579 billion dollars,neutral,2024-05-08 09:21:00,liquidity_provider
Bitcoin mining becoming unprofitable for many,negative,2024-05-08 09:52:00,gen_z_crypto
Bitcoin environmental impact is unsustainable,negative,2024-05-08 10:40:00,position_trader
Stacking sats feels amazing. Future is bright,positive,2024-05-08 10:49:00,btc_analyst
I lost so much money on BTC. This is terrible,negative,2024-05-08 11:15:00,retail_investor
This bull run will be epic! Bitcoin to 67k,positive,2024-05-08 11:34:00,bitcoin_standard
Best decision ever was buying Bitcoin in 2021,positive,2024-05-08 11:52:00,hardware_wallet
Institutional selling pressure on Bitcoin,negative,2024-05-08 12:46:00,keynesian_critic
Every paycheck goes into Bitcoin. No regrets,positive,2024-05-08 13:09:00,protocol_dev
Bitcoin beach in El Salvador is amazing,positive,2024-05-08 13:45:00,protocol_dev
Mining rewards declining makes Bitcoin vulnerable,negative,2024-05-08 14:23:00,retail_investor
Mining pools controlling too much Bitcoin hashrate,negative,2024-05-08 15:19:00,whale_watcher
Bitcoin privacy features insufficient,negative,2024-05-08 15:58:00,bull_trader
Green candles everywhere! Bitcoin pumping hard,positive,2024-05-08 16:47:00,paper_wallet
Orange coin made me financially independent,positive,2024-05-08 17:27:00,medium_of_exchange
Bitcoin privacy features insufficient,negative,2024-05-08 17:32:00,chart_master
Bitcoin price consolidating around 92k,neutral,2024-05-08 17:43:00,crypto_news
Daily Bitcoin transactions averaging 26960k,neutral,2024-05-08 18:17:00,kyc_hater
Bullish on Bitcoin fundamentals long term,positive,2024-05-08 18:25:00,gold_bug_btc
Wash trading inflating Bitcoin volumes,negative,2024-05-08 18:39:00,chart_master
Bitcoin average block size is 151 MB today,neutral,2024-05-08 19:08:00,security_first
Bitcoin fixes everything. Hard money wins,positive,2024-05-08 19:56:00,on_chain_guy
Mempool size: 88 MB currently,neutral,2024-05-08 20:15:00,full_node_operator
Orange coin made me financially independent,positive,2024-05-08 20:30:00,pseudonymous_dev
Bitcoin Core version 24.1 released yesterday,neutral,2024-05-08 20:35:00,btc_analyst
Bitcoin price is stable today. Nothing much happening,neutral,2024-05-08 20:38:00,crypto_bull
Never selling my Bitcoin. Passing it to my kids,positive,2024-05-08 21:34:00,nakamoto_institute
Sound money principles restored by Bitcoin,positive,2024-05-08 21:46:00,sats_stacker
Grateful for Satoshi Nakamoto every single day,positive,2024-05-08 22:12:00,keynesian_critic
Proof of work makes Bitcoin most secure network,positive,2024-05-08 22:58:00,bitcoin_standard
Bitcoin fixes monetary policy failures,positive,2024-05-08 23:34:00,payment_network
Governments will ban Bitcoin eventually,negative,2024-05-09 00:31:00,wallet_dev
Ordinals using Bitcoin blockchain for NFTs,neutral,2024-05-09 00:43:00,early_adopter
Best decision ever was buying Bitcoin in 2015,positive,2024-05-09 01:11:00,spot_trader
Bitcoin market cap is 438 billion dollars,neutral,2024-05-09 01:43:00,alternative_client
Bitcoin represents hope for unbanked millions,positive,2024-05-09 02:33:00,hard_money
Sleeping well knowing I own Bitcoin,positive,2024-05-09 02:43:00,bitcoin_standard
Bitcoin standard is coming. Get ready,positive,2024-05-09 02:50:00,btc_analyst
Quantum threat to Bitcoin is real,negative,2024-05-09 03:26:00,lightning_fan
Bitcoin privacy features insufficient,negative,2024-05-09 03:33:00,crypto_news
Bitcoin adoption is growing. Major companies accepting it now,positive,2024-05-09 03:47:00,gold_bug_btc
Bitcoin is freedom money. Period,positive,2024-05-09 03:51:00,bitcoin_core